Birth Rate,Business Tax Rate,CO2 Emissions,Days to Start Business,Energy Usage,GDP,Health Exp % GDP,Health Exp/Capita,Hours to do Tax,Infant Mortality Rate,Internet Usage,Lending Interest,Life Expectancy Female,Life Expectancy Male,Mobile Phone Usage,Number of Records,Population 0-14,Population 15-64,Population 65+,Population Total,Population Urban,Tourism Inbound,Tourism Outbound,GDP_Bin,Health_GDP_Impact,CO2_per_Energy,Dependency_Ratio
0.02,41.0,11.384319067480007,26.0,10.203555107263542,24.726774608568434,0.035,4.110873864173311,239.0,0.034,0.0,0.1,71.0,67.0,0.0,1,0.342,0.619,0.039,17.272440615362438,0.599,18.440483381052466,19.078200752050506,Upper-Middle,0.8654371112998953,1.016134517881674,0.6155088852988692
0.05,41.0,9.163563180417254,26.0,8.922658299524402,22.934787151598087,0.034,3.1354942159291497,239.0,0.1075,0.0,0.22649999999999998,47.0,44.0,0.0,1,0.476,0.499,0.025,16.44919138864865,0.324,17.341871111992198,18.799117186521926,Lower-Middle,0.779782763154335,0.923498814914998,1.0040080160320641
0.043,41.0,7.388946097618437,26.0,7.592870287844818,21.58155548172534,0.043,2.772588722239781,239.0,0.09,0.0,0.12,57.0,53.0,0.0,1,0.454,0.517,0.029,15.754161134256329,0.383,18.15931599280497,17.72753358339242,Low,0.9280068857141894,0.8598926610204496,0.9342359767891684
0.027,41.0,8.361007108226909,26.0,7.515889085215125,22.479106487735386,0.047,5.030437921392435,239.0,0.054,0.0,0.155,52.0,49.0,0.1,1,0.383,0.587,0.029,14.378193636949163,0.532,19.240460579850964,19.157844814713773,Lower-Middle,1.0565180049235632,0.9818125887457699,0.7018739352640546
0.046,41.0,6.948897222313312,26.0,9.57073837671504,21.68298347736439,0.051,2.5649493574615367,239.0,0.096,0.0,0.12,52.0,49.0,0.0,1,0.468,0.505,0.028,16.26720033542329,0.178,16.951004817371683,17.216707972959764,Low,1.1058321573455838,0.6573710345173399,0.9821782178217823
0.042,41.0,5.71042701737487,26.0,9.57073837671504,20.584562311300598,0.063,2.0794415416798357,239.0,0.092,0.0,0.158,49.0,47.0,0.0,1,0.49,0.481,0.029,15.7137729400659,0.082,14.151983508870947,16.454567959008102,Low,1.2968274256119376,0.5402107983254657,1.0790020790020791
0.041,41.0,8.141189793457691,26.0,8.75004942158424,22.951920987938426,0.044,3.295836866004329,239.0,0.093,0.0,0.22,53.0,51.0,0.0,1,0.453,0.513,0.034,16.583571168763857,0.455,18.6983124881264,19.300307495604308,Lower-Middle,1.0098845234692906,0.8349895925076108,0.949317738791423
0.039,41.0,5.594711379601839,26.0,9.57073837671504,20.633888389928533,0.043,2.4849066497880004,239.0,0.1075,0.0,0.22,45.0,42.0,0.0,1,0.423,0.537,0.04,15.107031770052997,0.376,15.424948670398354,17.312018149733785,Low,0.8872572007669268,0.5292640097805968,0.8621973929236498
0.051,41.0,5.176149732573829,26.0,9.57073837671504,21.049008006749364,0.063,2.3978952727983707,239.0,0.106,0.0,0.22,48.0,46.0,0.0,1,0.49,0.482,0.028,15.93190485831639,0.216,16.454567959008102,17.840862266556567,Low,1.32608750442521,0.48966775527958606,1.074688796680498
0.039,41.0,4.442651256490317,26.0,9.57073837671504,19.123282513693997,0.035,2.6390573296152584,239.0,0.073,0.0,0.12,59.0,56.0,0.5,1,0.415,0.554,0.031,13.177444190080394,0.281,16.52356082573315,19.93800336967164,Low,0.66931488797929,0.420278233947827,0.8050541516245486
0.048,41.0,7.4067107301776405,26.0,9.721965675912738,23.672328128221075,0.048,2.70805020110221,239.0,0.1075,0.0,0.12,48.0,45.0,0.0,1,0.464,0.507,0.028,17.66457768255208,0.351,20.350025877585416,19.93800336967164,Upper-Middle,1.1362717501546116,0.6907978400655646,0.970414201183432
0.039,41.0,6.956545443151569,26.0,6.703188113240863,21.89261945295018,0.021,3.1354942159291497,239.0,0.077,0.0,0.22,53.0,51.0,0.0,1,0.419,0.545,0.036,14.955330366828065,0.587,16.333207111220425,17.893048018819147,Low,0.45974500851195377,0.9030735509618538,0.8348623853211008
0.038,41.0,8.823500727991183,26.0,8.815073088844464,23.06671074192162,0.065,3.7612001156935624,239.0,0.1,0.0,0.12,47.0,46.0,0.0,1,0.421,0.55,0.029,16.596274087728347,0.435,17.78580249038432,19.488833828572194,Lower-Middle,1.4993361982249054,0.898974531123943,0.8181818181818181
0.03,41.0,6.0014148779611505,26.0,9.57073837671504,20.12766426847647,0.058,3.8066624897703196,239.0,0.08,0.0,0.12,59.0,55.0,0.0,1,0.414,0.556,0.03,13.491009579044274,0.765,15.90737474309945,16.51013780630191,Low,1.1674045275716352,0.5677384742754507,0.7985611510791365
0.025,41.0,11.858831633221174,26.0,10.612975492684125,25.32682012805931,0.054,4.382026634673881,239.0,0.036,0.0,0.132,71.0,66.0,0.0,1,0.354,0.592,0.053,18.00723272200633,0.428,22.261637301161382,20.910574936080593,High,1.3676482869152027,1.0211708136895605,0.6875
0.04,41.0,6.1224928095143865,26.0,9.57073837671504,20.768237802014546,0.024,4.060443010546419,239.0,0.099,0.0,0.22,49.0,46.0,0.0,1,0.426,0.537,0.037,13.158077951228323,0.388,15.424948670398354,16.759949589762293,Low,0.4984377072483491,0.5791925399460137,0.8621973929236498
0.04,41.0,6.413458957167357,26.0,6.5638555265321274,20.375650888450245,0.045,2.0794415416798357,239.0,0.058,0.0,0.12,58.0,54.0,0.5,1,0.47,0.512,0.018,15.186526039196,0.176,17.399029524198163,19.93800336967164,Low,0.916904289980261,0.8479087066999806,0.953125
0.044,41.0,8.671115273688494,26.0,10.136304168546024,22.81406573902753,0.043,1.791759469228055,239.0,0.09,0.0,0.109,53.0,51.0,0.0,1,0.466,0.503,0.031,18.005531899451572,0.147,19.138520541980732,18.197537205138154,Lower-Middle,0.9810048267781837,0.7786349171549802,0.9880715705765407
0.034,41.0,6.959398512133975,26.0,7.288927694521257,22.34618556077376,0.029,4.77912349311153,239.0,0.056,0.0,0.22,61.0,59.0,0.1,1,0.406,0.535,0.059,14.018882329506514,0.801,18.410630418199872,19.024996716270177,Lower-Middle,0.648039381262439,0.8396017879048383,0.8691588785046729
0.045,41.0,5.62040086571715,26.0,9.57073837671504,20.478533244072793,0.045,3.4011973816621555,239.0,0.063,0.0,0.22649999999999998,56.0,54.0,0.0,1,0.459,0.514,0.027,14.021600723352588,0.479,20.350025877585416,19.93800336967164,Low,0.9215339959832757,0.5316942549725409,0.9455252918287939
0.035,41.0,8.746716349694486,26.0,8.953769294549454,22.32926766379409,0.048,2.6390573296152584,239.0,0.065,0.0,0.12,58.0,56.0,0.0,1,0.414,0.556,0.03,16.75069819087825,0.439,19.693246342545034,18.903106899369497,Lower-Middle,1.0718048478621165,0.8787340846330511,0.7985611510791365
0.042,41.0,7.155396301896734,26.0,9.57073837671504,21.820330585458375,0.056,2.995732273553991,239.0,0.103,0.0,0.194,51.0,51.0,0.0,1,0.44,0.525,0.034,15.984121760446046,0.31,15.86963441986494,16.380459992348886,Low,1.221938512785669,0.676906006647413,0.9028571428571428
0.042,41.0,4.997212273764115,26.0,9.57073837671504,19.70676510548298,0.049,2.833213344056216,239.0,0.1075,0.0,0.12,53.0,50.0,0.5,1,0.435,0.534,0.031,14.05713272320076,0.367,20.350025877585416,19.93800336967164,Low,0.965631490168666,0.4727401337234729,0.8726591760299625
0.039,41.0,9.251386341412184,26.0,9.550804629866933,23.26528901366934,0.047,2.995732273553991,239.0,0.069,0.0,0.223,54.0,52.0,0.0,1,0.442,0.531,0.028,17.258650937587475,0.199,20.030118658386467,18.86536657162407,Lower-Middle,1.093468583642459,0.8768417827796383,0.8851224105461394
0.031,41.0,9.051344640485725,26.0,9.57073837671504,20.463459122059028,0.069,3.4011973816621555,239.0,0.081,0.0,0.171,48.0,47.0,0.0,1,0.412,0.543,0.045,14.434055952156633,0.195,16.705882371415992,19.088510121656228,Low,1.411978679422073,0.8562641811686308,0.8416206261510127
0.043,41.0,6.07993319509559,26.0,9.57073837671504,20.0866211902953,0.059,2.4849066497880004,239.0,0.1075,0.0,0.205,53.0,52.0,0.0,1,0.432,0.537,0.031,14.877448142977892,0.443,20.350025877585416,19.93800336967164,Low,1.1851106502274227,0.5751663676104515,0.8621973929236498
0.022,41.0,10.760346700640856,26.0,9.674200166461429,24.24658057704298,0.034,5.53338948872752,239.0,0.024,0.0,0.07,74.0,70.0,0.0,1,0.333,0.628,0.039,15.459579049602231,0.763,18.24632736871235,20.020068322553165,Upper-Middle,0.8243837396194614,1.008070537636169,0.5923566878980892
0.041,41.0,7.536363938404511,26.0,9.57073837671504,22.078501232412098,0.05,2.5649493574615367,239.0,0.071,0.0,0.22649999999999998,60.0,57.0,0.0,1,0.455,0.515,0.03,16.57202147214747,0.271,18.839391085389497,18.749984498289212,Low,1.1039250616206049,0.7129458387699223,0.9417475728155339
0.045,41.0,6.810142450115136,26.0,9.57073837671504,21.279164030612048,0.061,2.302585092994046,239.0,0.103,0.0,0.22649999999999998,46.0,46.0,0.0,1,0.458,0.511,0.031,16.242213865812122,0.146,17.182806422433504,17.78580249038432,Low,1.298029005867335,0.6442447260937182,0.9569471624266145
0.048,41.0,6.298949246855942,26.0,9.57073837671504,21.60805860304415,0.063,2.833213344056216,239.0,0.1075,0.0,0.12,49.0,49.0,0.0,1,0.461,0.504,0.035,16.143819731402775,0.284,17.665658180950928,18.005165315142214,Low,1.3613076919917815,0.5958854549584834,0.9841269841269841
0.038,41.0,7.1204443723924875,26.0,9.57073837671504,20.98073620272593,0.06,3.2188758248682006,239.0,0.076,0.0,0.22649999999999998,61.0,58.0,0.0,1,0.428,0.54,0.032,14.811756362902935,0.492,20.350025877585416,19.93800336967164,Low,1.2588441721635557,0.6735995271699492,0.8518518518518517
0.017,41.0,7.926602599181384,26.0,9.57073837671504,22.24552415438848,0.037,4.990432586778736,239.0,0.016,0.1,0.208,75.0,68.0,0.2,1,0.258,0.681,0.061,13.986833517999623,0.427,20.411291073291707,19.12871654193217,Lower-Middle,0.8230843937123737,0.74986271693583,0.4684287812041116
0.022,41.0,10.431347268857898,26.0,9.233959237574817,24.33474061683561,0.042,4.007333185232471,239.0,0.043,0.0,0.133,70.0,67.0,0.1,1,0.341,0.613,0.047,17.172760371140516,0.533,21.547441280351357,20.042047229228025,Upper-Middle,1.0220591059070956,1.0192875530086494,0.632952691680261
0.044,41.0,7.2078598714324755,26.0,8.878218658092228,22.18422480626943,0.062,2.772588722239781,239.0,0.1075,0.0,0.19,49.0,46.0,0.0,1,0.438,0.53,0.032,16.721078434435523,0.291,18.119575664681957,18.619531610894253,Lower-Middle,1.3754219379887047,0.7296720310526639,0.8867924528301886
0.032,41.0,7.404887575616125,26.0,6.88653164253051,22.08645674863076,0.061,4.844187086458591,239.0,0.049,0.0,0.153,57.0,53.0,0.0,1,0.405,0.562,0.033,14.456287021820378,0.324,19.078200752050506,18.26985786584569,Low,1.3472738616664763,0.9389282781397879,0.7793594306049823
0.053,41.0,6.680854678790215,26.0,9.57073837671504,21.31014905719862,0.064,2.3978952727983707,239.0,0.101,0.0,0.12,51.0,51.0,0.0,1,0.479,0.495,0.025,16.21247958374647,0.162,16.951004817371683,17.281246492014,Low,1.3638495396607115,0.6320140032513373,1.0181818181818183
0.043,41.0,11.279516908298021,26.0,11.414176378900056,24.560263440883517,0.046,2.8903717578961645,239.0,0.1075,0.0,0.213,47.0,46.0,0.0,1,0.435,0.537,0.028,18.62669219940495,0.348,19.04125723705382,20.228969516770974,Upper-Middle,1.1297721182806417,0.9085996979605852,0.8621973929236499
0.041,41.0,6.532334292222349,26.0,9.57073837671504,21.274237624926794,0.042,2.302585092994046,239.0,0.1075,0.0,0.17,49.0,47.0,0.0,1,0.466,0.505,0.03,15.943215696629945,0.149,17.11134746100564,17.370858648025116,Low,0.8935179802469254,0.6179638601794945,0.9821782178217822
0.036,41.0,3.8918202981106265,26.0,9.57073837671504,18.155533588834196,0.089,3.8501476017100584,239.0,0.058,0.0,0.22649999999999998,65.0,62.0,0.5,1,0.44,0.52,0.04,11.845310790105684,0.534,16.108045416114916,14.603968372873895,Low,1.6158424894062433,0.368169200619271,0.923076923076923
0.04,41.0,8.278682162970906,26.0,7.782807262839695,22.26647952515016,0.046,3.1354942159291497,239.0,0.069,0.0,0.12,59.0,56.0,0.0,1,0.451,0.517,0.032,16.10416709746041,0.403,18.839391085389497,18.643824303266577,Lower-Middle,1.0242580581569074,0.9426009150853445,0.9342359767891683
0.019,41.0,6.338594078203183,26.0,9.57073837671504,20.23693438657084,0.048,5.918893854273146,239.0,0.012,0.1,0.107,75.0,69.0,0.3,1,0.282,0.637,0.081,11.303832736878679,0.501,19.23161096461314,17.599700214609808,Low,0.9713728505554003,0.5996358865683102,0.5698587127158555
0.044,41.0,6.054439346269371,26.0,9.57073837671504,20.270510993187752,0.118,3.367295829986474,239.0,0.1075,0.0,0.22649999999999998,39.0,37.0,0.0,1,0.43,0.546,0.025,15.236147889986709,0.356,16.118095750958314,17.370858648025116,Low,2.3919202971961546,0.572754629856883,0.8333333333333333
0.049,41.0,6.249975242259483,26.0,9.57073837671504,23.436618790804065,0.061,5.267858159063328,239.0,0.105,0.0,0.12,52.0,49.0,0.0,1,0.472,0.499,0.029,15.815017938162557,0.332,20.350025877585416,19.93800336967164,Lower-Middle,1.429633746239048,0.5912524763669086,1.0040080160320641
0.024,41.0,12.817499879303782,26.0,11.601531403304254,25.61269454290501,0.083,5.5093883366279774,239.0,0.052,0.1,0.145,58.0,54.0,0.2,1,0.33,0.636,0.034,17.599700214609808,0.569,21.928637662485635,21.710574056428424,High,2.125853647061116,1.0171382722533944,0.5723270440251572
0.043,41.0,9.051344640485725,26.0,9.57073837671504,23.436618790804065,0.061,5.267858159063328,239.0,0.1075,0.1,0.12,50.0,48.0,0.5,1,0.447,0.523,0.03,15.710576184099509,0.165,20.350025877585416,19.93800336967164,Lower-Middle,1.429633746239048,0.8562641811686308,0.9120458891013383
0.04,41.0,8.618846845142738,26.0,9.498597279178806,23.229387446611398,0.034,2.772588722239781,239.0,0.069,0.0,0.12,60.0,56.0,0.0,1,0.437,0.533,0.03,17.138018169098327,0.325,15.424948670398354,17.822843761378564,Lower-Middle,0.7897991731847875,0.8209522297074813,0.8761726078799249
0.033,41.0,7.080867896690782,26.0,9.57073837671504,21.14492586979648,0.053,4.330733340286331,239.0,0.08,0.0,0.14,49.0,48.0,0.0,1,0.446,0.524,0.029,13.877278995961733,0.227,16.993564429978885,17.281246492014,Low,1.1206810710992134,0.6698555620568892,0.9064885496183206
0.042,41.0,7.883069351305753,26.0,9.502338118495565,23.04425907284605,0.034,2.3978952727983707,239.0,0.08,0.0,0.216,51.0,49.0,0.0,1,0.448,0.523,0.029,17.342474224183377,0.223,19.758309935715648,19.72630720471483,Lower-Middle,0.7835048084767657,0.7506013672729653,0.9120458891013384
0.039,41.0,7.213768308118642,26.0,7.655390644826152,20.98119743086042,0.053,2.70805020110221,239.0,0.077,0.0,0.12,54.0,53.0,0.0,1,0.442,0.529,0.029,15.3975267070617,0.329,16.213405921671733,16.52356082573315,Low,1.1120034638356022,0.8334422562927006,0.890359168241966
0.017,41.0,9.899680314193175,26.0,8.896588071791218,23.790070965195053,0.054,4.820281565605037,239.0,0.026,0.0,0.12,75.0,71.0,0.0,1,0.298,0.641,0.06,16.073464431376948,0.634,21.40484638164071,19.552082858669273,Upper-Middle,1.2846638321205328,1.000312455401753,0.5585023400936037
0.048,41.0,7.335633981927201,26.0,9.57073837671504,22.54672528258861,0.066,2.833213344056216,239.0,0.089,0.0,0.22649999999999998,48.0,48.0,0.0,1,0.493,0.481,0.027,17.00498401875384,0.121,18.92145603792546,19.93800336967164,Lower-Middle,1.4880838686508484,0.6939566301334213,1.0810810810810811
0.045,41.0,7.506591780070841,26.0,8.739536422559677,21.903013083027613,0.056,2.9444389791664403,239.0,0.1,0.0,0.22649999999999998,42.0,42.0,0.0,1,0.457,0.515,0.027,16.12814320480795,0.348,18.020203192280615,18.440483381052466,Low,1.2265687326495462,0.7707339912691666,0.9398058252427185
0.032,41.0,9.538780436900131,26.0,9.196849781793684,22.62387337489308,0.061,5.267858159063328,239.0,0.061,0.0,0.22649999999999998,44.0,44.0,0.0,1,0.422,0.545,0.034,16.341531399578738,0.338,18.643824303266577,19.93800336967164,Lower-Middle,1.3800562758684778,0.9354634657785657,0.8366972477064218
0.05,41.0,6.661854740545311,26.0,9.57073837671504,23.436618790804065,0.061,5.267858159063328,239.0,0.095,0.1,0.12,56.0,54.0,0.5,1,0.495,0.485,0.02,16.840576414225037,0.213,20.350025877585416,19.93800336967164,Lower-Middle,1.429633746239048,0.6302165944452736,1.0618556701030928
0.013,41.0,8.150756470275551,26.0,7.60887062919126,21.371187417373182,0.063,3.6888794541139363,239.0,0.027,0.0,0.22649999999999998,75.0,68.0,0.0,1,0.259,0.641,0.1,14.939172793745154,0.647,17.76675429577647,17.840862266556567,Low,1.3463848072945104,0.9467858005250633,0.5600624024960998
0.015,41.0,10.292450580544786,26.0,9.33229248272693,22.38579269804551,0.047,3.4339872044851463,239.0,0.061,0.0,0.197,70.0,64.0,0.1,1,0.311,0.633,0.056,15.901008845471843,0.514,18.035018277846262,18.742764250367856,Lower-Middle,1.052132256808139,0.9961439436360566,0.5797788309636651
0.027,41.0,10.235306120475993,26.0,9.830486659651637,24.57606790102633,0.028,2.3978952727983707,239.0,0.064,0.0,0.155,66.0,65.0,0.0,1,0.37,0.59,0.041,18.70121180375123,0.236,17.72753358339242,19.970368654103833,Upper-Middle,0.6881299012287373,0.9450458176184312,0.6966101694915254
0.028,41.0,5.993961427306569,26.0,9.57073837671504,19.900370348009304,0.067,3.970291913552122,239.0,0.059,0.0,0.16,60.0,60.0,0.5,1,0.406,0.556,0.038,13.243431677332234,0.254,16.118095750958314,19.93800336967164,Low,1.3333248133166233,0.5670333720972528,0.7985611510791366
0.023,41.0,8.783855896643942,26.0,7.777373602657861,22.515217507535933,0.03,6.298949246855942,239.0,0.008,0.1,0.055,78.0,74.0,0.3,1,0.304,0.668,0.028,12.712293684447861,0.712,20.350025877585416,19.93800336967164,Lower-Middle,0.675456525226078,1.0007385231937853,0.49700598802395207
0.028,41.0,7.589841512182657,26.0,8.135346948906706,22.01909697494118,0.063,2.995732273553991,239.0,0.082,0.0,0.12,65.0,59.0,0.0,1,0.408,0.554,0.038,16.3188195086437,0.186,19.659054977894186,17.76675429577647,Low,1.3872031094212944,0.8308213748894331,0.8050541516245486
0.014,41.0,15.040808653274839,26.0,13.965097123765279,27.81207097940154,0.046,3.784189633918261,239.0,0.03,0.0,0.059,74.0,71.0,0.1,1,0.256,0.675,0.069,20.956474564796,0.359,23.575012260029762,23.374322316599077,High,1.2793552650524709,1.0050592073598592,0.48148148148148145
0.012,41.0,8.420021279663963,26.0,7.962067308753666,21.840848204477627,0.069,3.828641396489095,239.0,0.031,0.0,0.22649999999999998,75.0,68.0,0.0,1,0.219,0.656,0.125,15.301265791017167,0.526,18.488339401771974,18.675322970077882,Low,1.5070185261089564,0.9395177462503252,0.5243902439024389
0.008,41.0,10.60821739433914,26.0,9.502487461387123,25.868829171723412,0.061,5.267858159063328,239.0,0.02,0.3,0.095,84.0,78.0,0.8,1,0.173,0.717,0.11,15.712380661632444,1.0,22.82715605915054,23.24915446853602,High,1.5779985794751281,1.0100671325093926,0.3947001394700139
0.026,41.0,13.986656566966568,26.0,13.032874023673804,26.889962596070145,0.043,3.044522437723423,239.0,0.067,0.0,0.123,63.0,61.0,0.0,1,0.342,0.614,0.044,20.764658956983435,0.277,22.003643972752684,22.027807696465338,High,1.1562683916310161,0.9967064867375517,0.6286644951140066
0.022,41.0,12.481504995553038,26.0,11.94968896168544,25.82933864978753,0.02,2.772588722239781,239.0,0.041,0.0,0.185,69.0,65.0,0.0,1,0.307,0.647,0.047,19.157551460686307,0.42,22.327691207757972,21.885478707336908,High,0.5165867729957506,0.9638459296190334,0.5471406491499227
0.009,41.0,14.01402529465298,26.0,13.159591722494447,29.185199724012126,0.076,7.949797216161852,239.0,0.003,0.3,0.021,85.0,78.0,0.5,1,0.146,0.682,0.172,18.658673505998866,0.786,22.510012764518425,24.476128970825346,High,2.2180751790249214,0.9897195886227274,0.4662756598240468
0.015,41.0,11.757987051585369,26.0,10.482345586693945,23.62972912994961,0.042,3.970291913552122,239.0,0.038,0.0,0.12,71.0,60.0,0.0,1,0.277,0.655,0.068,16.515772307667014,0.557,19.814447122392348,19.99552721368724,Upper-Middle,0.9924486234578836,1.024005675740229,0.5267175572519084
0.018,41.0,11.247656987355347,26.0,9.889287203134987,23.436618790804065,0.061,5.267858159063328,239.0,0.045,0.1,0.12,69.0,61.0,0.5,1,0.26,0.681,0.059,16.94403383762432,0.594,20.350025877585416,19.93800336967164,Lower-Middle,1.429633746239048,1.032910306940677,0.4684287812041116
0.013,41.0,13.011570354586263,26.0,12.14505857288761,27.05411451524435,0.043,6.198478716492308,239.0,0.005,0.4,0.085,80.0,72.0,0.6,1,0.21,0.717,0.073,17.665830740526083,0.796,22.8665034368236,22.795808637060954,High,1.1633269241555069,0.9898449887034605,0.3947001394700139
0.02,41.0,8.41847721847708,26.0,7.748460023899697,21.037851701868938,0.047,2.6390573296152584,239.0,0.042,0.0,0.22649999999999998,72.0,65.0,0.0,1,0.35,0.596,0.055,15.404419383294154,0.353,16.811242881518265,17.147715103853763,Low,0.9887790299878401,0.9622810409465042,0.6795302013422818
0.031,41.0,6.880384082186005,26.0,9.57073837671504,21.272079504633343,0.033,2.4849066497880004,239.0,0.083,0.0,0.22649999999999998,63.0,60.0,0.0,1,0.435,0.529,0.036,15.499737153672845,0.22,18.5517090151307,15.894952224644102,Low,0.7019786236529003,0.6508896386407542,0.8903591682419659
0.009,41.0,7.400009517162692,26.0,9.57073837671504,22.53184881730093,0.061,5.267858159063328,239.0,0.02,0.1,0.099,80.0,75.0,0.3,1,0.228,0.698,0.074,12.975967881583452,1.0,21.887977927631056,19.93800336967164,Lower-Middle,1.3744427778553567,0.7000466053973343,0.4326647564469914
0.023,41.0,11.748819383769703,26.0,10.760261798384528,25.264318465819144,0.03,4.795790545596741,239.0,0.009,0.2,0.077,75.0,71.0,0.2,1,0.333,0.628,0.038,16.969133024926634,0.62,22.493631413657063,21.65661032377963,High,0.7579295539745743,0.9990270272200575,0.5907643312101911
0.025,41.0,6.214608098422191,26.0,9.57073837671504,20.252201076900473,0.071,5.093750200806762,239.0,0.035,0.0,0.13,70.0,69.0,0.0,1,0.413,0.549,0.038,12.516296238143232,0.277,19.586951684209556,17.909855136853043,Low,1.4379062764599335,0.5879067172934273,0.8214936247723131
0.019,41.0,8.923591197573002,26.0,7.7823903355874595,20.851567722126624,0.047,3.1354942159291497,239.0,0.049,0.0,0.22649999999999998,66.0,60.0,0.1,1,0.348,0.615,0.037,14.689926241051104,0.571,17.57671069691365,17.804494623047066,Low,0.9800236829399513,1.0160777256065898,0.6260162601626016
0.021,41.0,9.219201000408379,26.0,9.460476328353995,23.436618790804065,0.021,1.3862943611198906,239.0,0.059,0.1,0.153,64.0,60.0,0.0,1,0.307,0.645,0.047,17.69610483452732,0.27,19.088510121656228,17.216707972959764,Lower-Middle,0.4921689946068854,0.8813366343001958,0.5488372093023255
0.033,41.0,8.081784206935001,26.0,9.000729834944558,22.426968329827208,0.05,2.5649493574615367,239.0,0.06,0.0,0.095,63.0,61.0,0.0,1,0.404,0.558,0.038,16.95898062122189,0.134,19.204582292346984,18.50685844936773,Lower-Middle,1.1213484164913605,0.8081194413127355,0.7921146953405017
0.031,41.0,11.575430670321625,26.0,11.067700298288187,25.026687141490154,0.03,2.772588722239781,239.0,0.088,0.1,0.12,65.0,63.0,0.0,1,0.415,0.546,0.039,18.7841566140766,0.332,20.12724536893207,20.168139956026,Upper-Middle,0.7508006142447046,0.9592076687522318,0.8315018315018313
0.03,41.0,11.202425022437767,26.0,10.593454682089442,25.11803956464303,0.032,3.5263605246161616,239.0,0.03,0.0,0.109,70.0,64.0,0.1,1,0.385,0.583,0.032,18.16774591925229,0.48,21.570849371239223,21.333574739740534,Upper-Middle,0.803777266068577,0.9662715152321446,0.7152658662092626
0.012,41.0,10.79971842403251,26.0,9.835904401212332,25.28590393151086,0.027,6.4967749901858625,239.0,0.003,0.4,0.058,80.0,76.0,0.7,1,0.215,0.712,0.073,15.208755954564227,1.0,22.360707945984586,22.235090920734017,High,0.6827194061507932,0.9966605485024607,0.4044943820224719
0.018,41.0,9.226410552153677,26.0,9.027378610294805,23.516319363334585,0.037,3.4965075614664802,239.0,0.014,0.0,0.162,75.0,68.0,0.0,1,0.269,0.669,0.063,16.765303651927358,0.184,19.776515900164867,19.763545549755886,Upper-Middle,0.8701038164433796,0.9201218893521385,0.49626307922272045
0.03,41.0,7.71333788887187,26.0,7.673223121121708,20.573082620484225,0.046,1.9459101490553132,239.0,0.075,0.0,0.22649999999999998,68.0,60.0,0.0,1,0.429,0.536,0.035,15.63782396518996,0.265,20.350025877585416,19.93800336967164,Low,0.9463618005422744,0.8893277367773175,0.8656716417910446
0.015,41.0,12.14608906820081,26.0,11.188371917742543,25.5332139352792,0.034,4.219507705176107,239.0,0.019,0.0,0.078,75.0,67.0,0.0,1,0.242,0.693,0.066,17.948168049633807,0.314,23.019329713050844,21.892025885827355,High,0.8681292737994929,0.9965308861735518,0.4444444444444445
0.043,41.0,9.051344640485725,26.0,9.57073837671504,19.673729388781222,0.051,2.995732273553991,239.0,0.084,0.1,0.12,61.0,58.0,0.5,1,0.498,0.479,0.024,13.657201577710532,0.243,20.350025877585416,19.93800336967164,Low,1.0033601988278422,0.8562641811686308,1.0897703549060545
0.024,41.0,10.473506185614923,26.0,9.60723552940128,21.78958307799231,0.039,3.8066624897703196,239.0,0.066,0.0,0.12,68.0,60.0,0.0,1,0.363,0.594,0.043,15.31990346051892,0.459,20.350025877585416,19.93800336967164,Low,0.8497937400417002,0.9873926299255179,0.6835016835016835
0.021,41.0,11.694846941742844,26.0,10.83482451994885,23.345058884851614,0.053,3.4011973816621555,239.0,0.053,0.0,0.12,70.0,64.0,0.0,1,0.373,0.584,0.043,17.020303726069134,0.374,17.958645300228824,19.93800336967164,Lower-Middle,1.2372881208971356,0.9881723993482068,0.7123287671232876
0.017,41.0,10.890162187963373,26.0,10.265940770051001,24.238984220472407,0.053,3.044522437723423,239.0,0.027,0.0,0.106,78.0,69.0,0.0,1,0.316,0.62,0.064,18.167476114652267,0.244,20.350025877585416,19.93800336967164,Upper-Middle,1.2846661636850376,0.9666447223753754,0.6129032258064516
0.019,41.0,8.014004994779459,26.0,7.475339236566737,22.02798385756223,0.064,4.2626798770413155,239.0,0.023,0.0,0.221,77.0,71.0,0.0,1,0.303,0.628,0.068,14.94336703628178,0.417,19.801962565761276,19.48539148439307,Low,1.4097909668839828,0.9455674600260415,0.5907643312101911
0.011,41.0,6.263398262591624,26.0,9.57073837671504,20.848703321088962,0.062,7.193685818395112,239.0,0.004,0.1,0.12,75.0,69.0,0.4,1,0.2995,0.6425000000000001,0.052,11.08827753744529,0.924,20.350025877585416,19.93800336967164,Low,1.2926196059075157,0.5925223044388727,0.5470817120622568
0.01,41.0,11.061892744689834,26.0,10.259727401834914,25.981129630447626,0.1,7.784889295655098,239.0,0.005,0.3,0.12,81.0,75.0,0.8,1,0.17,0.675,0.155,15.89639693037332,0.658,23.1552989972152,22.669318833084308,High,2.5981129630447626,0.9824298892784171,0.48148148148148145
0.009,41.0,10.886876027942778,26.0,10.114396566181995,23.267765713002134,0.061,4.174387269895637,239.0,0.011,0.0,0.22649999999999998,75.0,63.0,0.0,1,0.186,0.679,0.134,16.11859562594999,0.7,19.05195252611337,19.324898898640836,Lower-Middle,1.4193337084931301,0.9795292045875439,0.47128129602356406
0.011,41.0,11.658842339870382,26.0,10.976935867540687,26.172898785548735,0.081,7.520776415062797,239.0,0.005,0.3,0.08,81.0,75.0,0.5,1,0.176,0.655,0.169,16.142910304881834,0.971,22.60912262970528,22.967055883536005,High,2.1200048016294475,0.9734411596431449,0.5267175572519084
0.01,41.0,10.052941505704466,26.0,8.377241230988792,22.42910142074239,0.071,4.6443908991413725,239.0,0.008,0.0,0.22649999999999998,77.0,72.0,0.0,1,0.202,0.691,0.107,15.159514398891053,0.393,19.320842097961677,18.33729914588288,Lower-Middle,1.5924662008727097,1.0720574695767342,0.44717800289435605
0.009,41.0,10.681251578815953,26.0,9.835690394470303,23.280768053624886,0.062,4.59511985013459,239.0,0.018,0.1,0.113,75.0,68.0,0.1,1,0.157,0.677,0.166,15.916000641642597,0.689,21.03368739710082,20.454078348439694,Lower-Middle,1.443407619324743,0.9857472103731236,0.4771048744460857
0.01,41.0,9.88557813199256,26.0,8.960724500330858,23.79214562363242,0.078,5.934894195619588,239.0,0.007,0.1,0.121,77.0,69.0,0.2,1,0.172,0.673,0.156,15.303007025530748,0.556,21.77792623843365,20.26755951397879,Upper-Middle,1.8557873586433287,0.9924557326793043,0.4873699851411589
0.013,41.0,8.832149906002899,26.0,7.6676260915849905,22.9548851374885,0.058,6.61338421837956,239.0,0.006,0.2,0.08,80.0,76.0,0.2,1,0.224,0.674,0.102,13.757126923259456,0.686,21.482668813751367,20.11261987973983,Lower-Middle,1.331383337974333,1.0189814157509214,0.4836795252225519
0.009,41.0,11.733265088951704,26.0,10.621180993514074,24.797530887816478,0.063,5.8916442118257715,239.0,0.006,0.1,0.072,78.0,72.0,0.4,1,0.165,0.697,0.138,16.143282190327263,0.74,21.81283738129873,20.966996022652708,Upper-Middle,1.562244445932438,1.0096448110996796,0.4347202295552368
0.013,41.0,10.763440710059992,26.0,9.832796811913358,25.798955255777607,0.087,7.868636894184167,239.0,0.005,0.4,0.081,79.0,74.0,0.6,1,0.185,0.667,0.149,15.49066448551773,0.851,22.023729941733514,22.26421075314939,High,2.2445091072526515,0.9935975812103213,0.5007496251874062
0.01,41.0,9.627865794576714,26.0,8.458716261657262,22.45945931364078,0.053,5.365976015021851,239.0,0.009,0.3,0.074,76.0,65.0,0.4,1,0.18,0.669,0.152,14.149827616714296,0.694,20.303194577970956,19.348900050644364,Lower-Middle,1.1903513436229614,1.017882927052705,0.4962630792227204
0.02,41.0,6.568077911411976,26.0,9.57073837671504,20.7837398074155,0.061,5.267858159063328,239.0,0.02,0.3,0.12,82.0,76.0,0.4,1,0.2995,0.6425000000000001,0.052,10.747035533763599,0.363,20.350025877585416,19.93800336967164,Low,1.2678081282523455,0.6213452341115522,0.5470817120622568
0.011,41.0,10.86172604501804,26.0,10.380777075082664,25.525595359526307,0.072,7.438971592395862,239.0,0.004,0.4,0.056,81.0,74.0,0.7,1,0.182,0.669,0.149,15.459583686210028,0.822,21.43376165633237,21.553126841258287,High,1.8378428658858939,0.9543923032109076,0.49476831091180856
0.013,41.0,12.809188438911448,26.0,12.43711293537099,27.913440192269597,0.101,7.700747794511798,239.0,0.004,0.1,0.067,83.0,75.0,0.5,1,0.189,0.65,0.16,17.924925292551816,0.759,24.374806805430932,24.008041755628764,High,2.8192574594192297,0.9532693890808468,0.5369230769230768
0.009,41.0,13.62915567824788,26.0,12.726605996466013,28.265692070027086,0.104,7.778211474512493,239.0,0.004,0.3,0.096,81.0,75.0,0.6,1,0.156,0.681,0.163,18.22480586239107,0.731,23.939859058697152,24.776805765626026,High,2.9396319752828166,0.9929006253808682,0.4684287812041116
0.01,41.0,11.425372122962267,26.0,10.206809186975589,25.54691401888373,0.079,6.823286122355687,239.0,0.007,0.1,0.123,81.0,75.0,0.5,1,0.152,0.68,0.168,16.205876007207596,0.727,22.94918584511294,22.241465269165346,High,2.0182062074918146,1.0195026909390668,0.47058823529411764
0.01,41.0,10.95499076321729,26.0,10.126631103850338,24.560254677575276,0.072,5.7899601708972535,239.0,0.01,0.1,0.126,76.0,67.0,0.3,1,0.168,0.68,0.151,16.138973386393086,0.646,22.060632524705415,21.26675224353267,Upper-Middle,1.7683383367854197,0.9845739164863971,0.46911764705882353
0.014,41.0,7.68017564043659,26.0,8.03947991910045,22.886278266675877,0.095,7.993619994827744,239.0,0.003,0.4,0.168,82.0,78.0,0.8,1,0.233,0.651,0.116,12.546842775817614,0.924,19.77134793001978,19.970368654103833,Lower-Middle,2.1741964353342085,0.8496258312614153,0.5360983102918587
0.014,41.0,10.629730960585263,26.0,9.515985144802135,25.30138874147275,0.061,7.360739903058278,239.0,0.006,0.2,0.048,79.0,74.0,0.6,1,0.218,0.67,0.112,15.151872540335956,0.591,21.98087419072259,21.688727613207824,High,1.5433847132298377,1.010816467902615,0.4925373134328358
0.02,41.0,9.051344640485725,26.0,9.57073837671504,21.170300053056035,0.061,5.267858159063328,239.0,0.02,0.1,0.12,75.0,69.0,0.5,1,0.2995,0.6425000000000001,0.052,11.249051060815567,0.518,20.350025877585416,19.93800336967164,Low,1.2913883032364182,0.8562641811686308,0.5470817120622568
0.01,41.0,13.020202182900796,26.0,12.052472647383256,27.72996963490886,0.079,7.331714969726466,239.0,0.005,0.2,0.07,83.0,77.0,0.7,1,0.143,0.674,0.183,17.857545678116647,0.672,24.080371997130435,23.622982682121755,High,2.1906676011578,0.9975276359235329,0.4836795252225518
0.023,41.0,9.051344640485725,26.0,7.343426229147367,21.33801683186282,0.061,5.267858159063328,239.0,0.02,0.1,0.12,70.0,66.0,0.5,1,0.2995,0.6425000000000001,0.052,14.346139397261565,0.56,20.350025877585416,19.93800336967164,Low,1.301619026743632,1.0848474465879832,0.5470817120622568
0.009,41.0,8.739055922830724,26.0,8.251403065380556,22.781620150899126,0.06,5.288267030694535,239.0,0.015,0.1,0.119,76.0,65.0,0.2,1,0.179,0.671,0.15,14.677366645521015,0.681,18.963005040591682,19.45386523085674,Lower-Middle,1.3668972090539475,0.9446195199875063,0.4903129657228017
0.013,41.0,9.051344640485725,26.0,9.57073837671504,21.633091956166847,0.061,5.267858159063328,239.0,0.02,0.4,0.12,80.0,74.0,0.3,1,0.2995,0.6425000000000001,0.052,10.40710727605179,0.151,20.350025877585416,19.93800336967164,Low,1.3196186093261777,0.8562641811686308,0.5470817120622568
0.01,41.0,9.409273194575334,26.0,8.872346978983032,23.159874701414115,0.065,5.3612921657094255,239.0,0.01,0.1,0.121,78.0,67.0,0.2,1,0.199,0.662,0.139,15.06814123199483,0.67,19.879295768977464,19.380030969118383,Lower-Middle,1.5053918555919175,0.9530938503890187,0.5105740181268882
0.013,41.0,9.016876974763383,26.0,8.112527763478637,23.732286977778426,0.075,8.159374736775426,239.0,0.004,0.2,0.12,81.0,75.0,0.7,1,0.189,0.67,0.141,12.98608765110999,0.842,21.245624697119194,20.992529324638117,Upper-Middle,1.7799215233333818,0.9895033747827244,0.49253731343283574
0.013,41.0,9.398063978059133,26.0,7.889459149404524,22.000549693183753,0.087,5.0369526024136295,239.0,0.014,0.0,0.189,76.0,71.0,0.1,1,0.224,0.676,0.1,14.534388836092603,0.585,18.292847383806116,17.87595358575207,Low,1.9140478233069864,1.0572143726751564,0.47928994082840237
0.012,41.0,7.633369649679584,26.0,6.517671272912275,22.098857650579127,0.066,6.467698726104354,239.0,0.007,0.1,0.073,80.0,76.0,0.3,1,0.207,0.686,0.107,12.851509578600709,0.924,20.40992401908204,19.2271566142836,Low,1.4585246049382226,1.0153901883398646,0.45772594752186585
0.012,41.0,8.164510268747042,26.0,7.96693349840484,20.976682672286636,0.067,3.2188758248682006,239.0,0.025,0.0,0.22649999999999998,71.0,63.0,0.0,1,0.237,0.663,0.1,15.10738242017455,0.458,17.858561843342684,18.26985786584569,Low,1.4054377390432047,0.9105130834526046,0.5082956259426847
0.02,41.0,9.051344640485725,26.0,9.57073837671504,21.697026599813956,0.033,7.895808377083183,239.0,0.004,0.4,0.12,75.0,69.0,0.4,1,0.2995,0.6425000000000001,0.052,10.376050404176787,1.0,20.350025877585416,19.93800336967164,Low,0.7160018777938606,0.8562641811686308,0.5470817120622568
0.013,41.0,9.051344640485725,26.0,9.57073837671504,20.70742055794815,0.075,4.804021044733257,239.0,0.013,0.1,0.12,77.0,71.0,0.5,1,0.213,0.673,0.113,13.323174608445438,0.585,20.350025877585416,19.93800336967164,Low,1.5530565418461113,0.8562641811686308,0.48439821693907875
0.013,41.0,12.015904383709916,26.0,11.201278515064615,26.6767029884686,0.08,7.566828479208331,239.0,0.005,0.4,0.048,81.0,76.0,0.7,1,0.186,0.679,0.136,16.583433035196766,0.768,23.146740247304525,23.336932095893737,High,2.1341362390774883,0.9848069912406456,0.4742268041237113
0.013,41.0,10.566407457475977,26.0,10.169422358105223,25.848945794953977,0.091,8.141189793457691,239.0,0.004,0.5,0.089,81.0,76.0,0.7,1,0.2,0.648,0.152,15.317578826682654,0.761,21.647921485548864,22.31107144945777,High,2.352254067340812,0.9460119886869833,0.5432098765432098
0.01,41.0,12.61716190838856,26.0,11.39770539211696,25.866542818809673,0.055,5.5134287461649825,239.0,0.008,0.1,0.2,78.0,70.0,0.2,1,0.194,0.684,0.123,17.45987971370328,0.617,22.536134269547887,21.95202881037222,High,1.422659855034532,1.0177013817743354,0.4634502923976608
0.012,41.0,11.050366058613726,26.0,10.11350533663141,25.4879965083264,0.093,6.976348070447749,239.0,0.006,0.2,0.12,80.0,73.0,0.6,1,0.162,0.676,0.162,16.14667329240735,0.544,22.51951521161324,21.73632023761598,High,2.370383675274355,0.9943186891889483,0.47928994082840237
0.01,41.0,11.407409381656826,26.0,10.497615182072922,24.342395881568887,0.043,4.290459441148391,239.0,0.023,0.0,0.22649999999999998,75.0,68.0,0.1,1,0.186,0.68,0.134,16.92648807191683,0.53,19.791861469800278,19.91806915481498,Upper-Middle,1.046723022907462,0.9921543903681223,0.47058823529411764
0.009,41.0,14.258986031665922,26.0,13.33629018472472,26.2828256707827,0.054,4.574710978503383,239.0,0.02,0.0,0.22649999999999998,72.0,59.0,0.0,1,0.182,0.694,0.124,18.80319700339641,0.734,21.955534510718824,22.90345728183941,High,1.4192725862222657,0.9946077993635225,0.4409221902017291
0.02,41.0,9.051344640485725,26.0,9.57073837671504,20.466963100144888,0.053,7.6787889981991535,239.0,0.005,0.5,0.092,84.0,77.0,0.5,1,0.2995,0.6425000000000001,0.052,10.202480416133776,0.934,20.350025877585416,19.93800336967164,Low,1.084749044307679,0.8562641811686308,0.5470817120622568
0.01,41.0,9.051344640485725,26.0,9.527265662897605,22.528729556997604,0.074,3.9512437185814275,239.0,0.011,0.1,0.063,75.0,70.0,0.5,1,0.202,0.669,0.129,15.832590806624337,0.532,20.350025877585416,19.93800336967164,Lower-Middle,1.6671259872178226,0.859800154221088,0.4947683109118087
0.01,41.0,10.527097070380183,26.0,9.783802709590148,24.081000303432106,0.055,5.342334251964811,239.0,0.01,0.1,0.149,77.0,69.0,0.2,1,0.197,0.689,0.114,15.499818623447002,0.562,19.904555435678695,19.647393038180343,Upper-Middle,1.3244550166887659,0.9761952581920221,0.45137880986937595
0.009,41.0,9.565634362837983,26.0,8.7662383802531,23.71797097272496,0.083,6.723832440821209,239.0,0.005,0.2,0.158,79.0,72.0,0.6,1,0.159,0.7,0.141,14.50310535251856,0.508,20.739139187086952,20.114459806658452,Upper-Middle,1.9685915907361717,0.9794594387721757,0.4285714285714286
0.01,41.0,12.592813544640059,26.0,11.710603505084872,27.086889443741335,0.072,6.952728644624869,239.0,0.005,0.1,0.052,83.0,76.0,0.6,1,0.148,0.684,0.169,17.510948880597148,0.763,24.209294443044524,22.76578402465135,High,1.950256039949376,0.9907329372364033,0.4634502923976608
0.01,41.0,10.81566985636574,26.0,10.769684270598214,26.23370688186957,0.082,7.733245646529795,239.0,0.003,0.5,0.058,82.0,77.0,0.7,1,0.184,0.643,0.173,15.998423206492737,0.84,22.297076571944615,22.915924450673472,High,2.1511639643133047,0.9189430750818277,0.5552099533437014
0.011,41.0,10.57262376313457,26.0,10.126871075054945,26.26861094699041,0.099,8.17244681834278,239.0,0.005,0.5,0.043,83.0,77.0,0.6,1,0.174,0.673,0.153,15.787401827106612,0.733,22.919156191380754,22.719325769823065,High,2.6005924837520507,0.9501883945466999,0.48588410104011875
0.021,41.0,12.283723263668236,26.0,11.243070212984057,26.308893454555474,0.049,5.2832037287379885,239.0,0.034,0.0,0.12,74.0,66.0,0.3,1,0.307,0.634,0.06,17.961411043417286,0.647,22.75613974294087,21.261512056872164,High,1.2891357792732183,1.0033204947759808,0.5788643533123028
0.008,41.0,12.67849522176322,26.0,11.804064056770246,24.165654020758925,0.056,3.6109179126442243,239.0,0.016,0.0,0.22649999999999998,74.0,62.0,0.0,1,0.175,0.688,0.138,17.71091318696072,0.671,20.148790187880163,20.1452314652695,Upper-Middle,1.3532766251625,0.9901930485156679,0.4549418604651163
0.012,41.0,13.206084848583666,26.0,12.314662441445352,28.032229433771054,0.07,7.474204806496124,239.0,0.006,0.3,0.06,80.0,75.0,0.7,1,0.19,0.652,0.158,17.891224560750228,0.787,24.123729616288173,24.573604909707697,High,1.962256060363974,0.9918452613170493,0.5337423312883435
0.021,41.0,9.833279657492632,26.0,8.676928249537397,22.92748234720621,0.035,6.1675164908883415,239.0,0.011,0.1,0.116,76.0,74.0,0.3,1,0.308,0.667,0.024,13.412402669429788,0.884,20.565441752923803,19.867599729241633,Lower-Middle,0.8024618821522175,1.0161571320902074,0.49775112443778113
0.019,41.0,12.828539817902378,26.0,11.719809544592435,25.341219119675475,0.046,5.44673737166631,239.0,0.029,0.0,0.12,71.0,69.0,0.0,1,0.347,0.611,0.042,18.003816709232645,0.64,20.333181832353652,20.32427969642627,High,1.165696079505072,1.008548105451482,0.6366612111292962
0.036,41.0,11.19059673573468,26.0,10.163464353895687,23.436618790804065,0.008,2.0794415416798357,239.0,0.036,0.1,0.12,73.0,69.0,0.5,1,0.428,0.537,0.035,16.985244750905487,0.685,14.508658238524095,16.012735246411598,Lower-Middle,0.1874929503264325,1.002430462531958,0.8621973929236498
0.022,41.0,11.045989126773959,26.0,9.81109810324278,25.550740431899232,0.074,7.282761179605593,239.0,0.006,0.2,0.128,81.0,77.0,0.7,1,0.281,0.619,0.1,15.65431279253342,0.912,22.25171059038785,22.040478037146737,High,1.8907547919605432,1.021726842295578,0.6155088852988692
0.031,41.0,9.649175779559453,26.0,8.489821994620105,22.858369583996005,0.097,5.147494476813453,239.0,0.023,0.0,0.118,73.0,70.0,0.1,1,0.394,0.575,0.031,15.383501488947802,0.798,20.65605708832248,19.773935253578035,Lower-Middle,2.2172618496476124,1.0167920731315812,0.7391304347826089
0.024,41.0,10.918392092130752,26.0,9.841931246837023,24.353403575135378,0.025,6.20455776256869,239.0,0.011,0.1,0.089,74.0,72.0,0.3,1,0.257,0.712,0.031,14.460639076670326,0.981,19.791861469800278,21.77128633984909,Upper-Middle,0.6088350893783845,1.0070523270765102,0.40449438202247195
0.019,41.0,9.639196432874924,26.0,8.498621805830801,23.571678660443176,0.109,6.363028103540465,239.0,0.017,0.1,0.182,76.0,73.0,0.2,1,0.286,0.643,0.071,14.989657253325406,0.86,20.424859802479364,19.93800336967164,Upper-Middle,2.569312973988306,1.0147994761679877,0.5552099533437014
0.024,41.0,9.994104920119742,26.0,8.997642078523512,23.712370222043383,0.031,5.579729825986222,239.0,0.014,0.0,0.101,74.0,70.0,0.1,1,0.372,0.605,0.023,14.60056942270599,0.716,19.747755748064804,20.25964181625454,Upper-Middle,0.7350834768833449,0.9996462007365349,0.6528925619834711
0.019,41.0,10.455387938873837,26.0,9.294405747093851,23.60020835821859,0.022,6.481577129276431,239.0,0.011,0.0,0.12,78.0,76.0,0.2,1,0.259,0.724,0.017,13.2941193140935,0.963,18.667540829696392,19.5423583088088,Upper-Middle,0.5192045838808089,1.0156378324047926,0.3812154696132597
0.027,41.0,12.601271906348426,26.0,11.526098320680475,25.962055387120706,0.042,5.988961416889864,239.0,0.019,0.0,0.12,74.0,71.0,0.1,1,0.384,0.581,0.035,16.818446075750067,0.798,20.350025877585416,19.93800336967164,High,1.0904063262590697,1.0060013568266377,0.7211703958691912
0.03,41.0,10.840541234762362,26.0,9.665611001619853,23.68471173896347,0.049,4.0943445622221,239.0,0.02,0.0,0.09,75.0,72.0,0.0,1,0.408,0.558,0.034,16.611034801232297,0.519,20.802077018294916,20.32129461958727,Upper-Middle,1.16055087520921,1.0164013325740027,0.7921146953405016
0.017,41.0,11.631268343885125,26.0,10.432496846735747,25.370895479384323,0.022,6.6240652277998935,239.0,0.01,0.2,0.097,75.0,73.0,0.5,1,0.254,0.736,0.01,14.92286882217772,0.802,20.784360937246955,21.82819148800235,High,0.558159700546455,1.0173865341765769,0.3586956521739131
0.039,41.0,9.591512787515303,26.0,8.465478755729558,22.988807441616142,0.041,3.258096538021482,239.0,0.069,0.0,0.195,62.0,59.0,0.0,1,0.486,0.485,0.029,16.678998495994584,0.263,18.105970012811294,18.65969765229688,Lower-Middle,0.9425411051062619,1.0133151248910104,1.0618556701030928
0.02,41.0,9.051344640485725,26.0,9.57073837671504,23.436618790804065,0.061,5.267858159063328,239.0,0.02,0.1,0.12,75.0,69.0,0.0,1,0.2995,0.6425000000000001,0.052,10.959940146806769,0.886,20.350025877585416,19.93800336967164,Lower-Middle,1.429633746239048,0.8562641811686308,0.5470817120622568
0.013,41.0,12.70565328073526,26.0,11.590913756082166,26.752045892623325,0.081,7.446585099157725,239.0,0.005,0.5,0.093,82.0,77.0,0.4,1,0.207,0.669,0.124,16.76796997149594,0.872,23.289445206939977,22.895742244707332,High,2.1669157173024893,1.009112883058044,0.49476831091180856
0.025,41.0,6.763884908562435,26.0,9.57073837671504,21.244502919289243,0.039,4.394449154672439,239.0,0.021,0.0,0.084,70.0,65.0,0.1,1,0.351,0.615,0.034,13.606822027619648,0.479,19.488833828572194,18.379858759848776,Low,0.8285356138522805,0.6398687270003535,0.6260162601626017
0.02,41.0,6.448889394146858,26.0,9.57073837671504,21.960927680678896,0.061,5.267858159063328,239.0,0.02,0.1,0.12,75.0,70.0,0.2,1,0.318,0.64,0.043,12.376945582930386,0.561,20.350025877585416,19.93800336967164,Low,1.3396165885214126,0.6100699084892982,0.5640625
0.022,41.0,9.051344640485725,26.0,9.57073837671504,23.436618790804065,0.061,5.267858159063328,239.0,0.02,0.2,0.12,78.0,73.0,0.2,1,0.305,0.642,0.054,11.953300727054836,0.931,20.350025877585416,19.93800336967164,Lower-Middle,1.429633746239048,0.8562641811686308,0.559190031152648
0.029,41.0,3.5263605246161616,26.0,9.57073837671504,18.027826523285682,0.079,4.189654742026425,239.0,0.054,0.0,0.12,68.0,62.0,0.0,1,0.399,0.567,0.034,11.32405048130643,0.43,14.80876270134486,19.93800336967164,Low,1.4241982953395689,0.33359642429368425,0.7636684303350971
0.02,41.0,4.356708826689592,26.0,9.57073837671504,18.524479610871296,0.118,6.1463292576688975,239.0,0.034,0.0,0.12,68.0,63.0,0.0,1,0.2995,0.6425000000000001,0.052,10.862109539423722,0.684,14.914123179965662,12.206077645517674,Low,2.185888594082813,0.41214801383093935,0.5470817120622568
0.03,41.0,4.919980925828125,26.0,9.57073837671504,19.267519887716613,0.078,5.14166355650266,239.0,0.042,0.0,0.153,68.0,67.0,0.5,1,0.403,0.56,0.037,11.584604060004121,0.223,16.648723960844016,15.424948670398354,Low,1.5028665512418957,0.4654339886668406,0.7857142857142857
0.021,41.0,7.7406644019172415,26.0,9.57073837671504,21.70995801872831,0.061,5.267858159063328,239.0,0.02,0.1,0.12,78.0,72.0,0.2,1,0.287,0.654,0.059,12.270131364080891,0.618,18.525040768285617,19.93800336967164,Low,1.324307439142427,0.7322728201246741,0.529051987767584
0.015,41.0,10.401167144632103,26.0,9.744315955640873,24.67473302567191,0.076,6.959398512133975,239.0,0.006,0.5,0.078,81.0,76.0,0.4,1,0.227,0.655,0.118,15.165581968148423,0.857,21.543926338245456,20.93433680783607,Upper-Middle,1.875279709951065,0.9680622933627884,0.5267175572519084
0.035,41.0,7.896924656268864,26.0,9.57073837671504,21.98210975209471,0.04,3.295836866004329,239.0,0.058,0.0,0.175,61.0,57.0,0.0,1,0.402,0.573,0.025,15.498055241517566,0.132,15.76142084987672,17.72753358339242,Low,0.8792843900837884,0.7470551606559495,0.7452006980802793
0.031,41.0,4.941642422609304,26.0,9.57073837671504,19.2948944983111,0.06,4.394449154672439,239.0,0.019,0.0,0.12,73.0,66.0,0.0,1,0.407,0.548,0.045,12.070338829350451,0.22,17.529082649058825,19.93800336967164,Low,1.157693669898666,0.4674831829623776,0.8248175182481751
0.036,41.0,5.111987788356544,26.0,9.57073837671504,19.89108924704346,0.046,3.8918202981106265,239.0,0.028,0.0,0.146,64.0,62.0,0.0,1,0.419,0.553,0.028,12.929596255148788,0.158,15.201805169084134,16.316946591670696,Low,0.9149901053639992,0.48359798589066433,0.8083182640144665
0.028,41.0,4.804021044733257,26.0,9.57073837671504,19.055262245056078,0.048,4.532599493153256,239.0,0.015,0.0,0.113,73.0,69.0,0.0,1,0.384,0.559,0.057,11.49234513534197,0.23,15.76142084987672,19.93800336967164,Low,0.9146525877626918,0.45446409451542524,0.7889087656529516
0.032,41.0,4.406719247264253,26.0,9.57073837671504,19.421366644859955,0.036,3.970291913552122,239.0,0.02,0.0,0.099,69.0,66.0,0.0,1,0.415,0.552,0.033,12.128429972135551,0.217,18.049617077054286,16.012735246411598,Low,0.6991691992149583,0.41687903817308214,0.8115942028985506
0.02,41.0,5.846438775057725,26.0,9.57073837671504,20.484619475657787,0.04,6.013715156042802,239.0,0.014,0.1,0.122,76.0,71.0,0.3,1,0.292,0.637,0.071,11.259953950193843,0.321,19.488833828572194,17.249497794707484,Low,0.8193847790263115,0.5530776154611976,0.5698587127158555
0.019,41.0,11.857068207895662,26.0,11.017891165999247,26.564700522815738,0.092,6.566672429803241,239.0,0.018,0.1,0.111,78.0,70.0,0.2,1,0.279,0.621,0.099,17.423805249185953,0.891,21.884852925088897,22.420714626886376,High,2.443952448099048,0.9866180383994005,0.6086956521739131
0.014,41.0,7.711548979629146,26.0,9.57073837671504,21.35104883026699,0.061,5.267858159063328,239.0,0.02,0.2,0.121,76.0,71.0,0.2,1,0.232,0.692,0.076,11.41706413330962,0.467,20.560746908625106,18.909260764906005,Low,1.3024139786462863,0.7295184787295422,0.44508670520231214
0.018,41.0,7.419979923661835,26.0,9.57073837671504,22.568179268603437,0.052,7.010311867307229,239.0,0.013,0.1,0.06,75.0,69.0,0.1,1,0.293,0.654,0.054,12.604043071876077,0.82,21.28459444345596,19.667713040612313,Lower-Middle,1.1735453219673786,0.7019358212484363,0.5305810397553516
0.013,41.0,7.080867896690782,26.0,9.57073837671504,21.860938569835678,0.063,6.401917196727186,239.0,0.015,0.0,0.102,75.0,71.0,0.1,1,0.219,0.666,0.115,12.495719037442624,0.338,20.412656261215183,18.76427045543464,Low,1.3772391298996478,0.6698555620568892,0.5015015015015015
0.029,41.0,6.536691597591305,26.0,9.57073837671504,20.539042474065145,0.04,4.941642422609304,239.0,0.021,0.1,0.16,74.0,67.0,0.1,1,0.402,0.555,0.043,12.382489302668743,0.477,18.525040768285617,17.599700214609808,Low,0.8215616989626058,0.6183760646266837,0.8018018018018017
0.014,41.0,6.206575926724928,26.0,9.57073837671504,21.97036106007454,0.061,5.267858159063328,239.0,0.02,0.4,0.12,81.0,75.0,0.2,1,0.2995,0.6425000000000001,0.052,11.032208653974555,1.0,19.88161865038821,19.93800336967164,Low,1.340192024664547,0.5871468676584238,0.5470817120622568
0.031,41.0,9.232590980911002,26.0,8.226305988015508,22.851242532426156,0.061,4.110873864173311,239.0,0.057,0.0,0.22649999999999998,65.0,61.0,0.1,1,0.398,0.56,0.042,15.955020331410186,0.618,18.430631084706523,18.569100757691327,Lower-Middle,1.3939257944779955,1.0006812036045258,0.7857142857142857
0.021,41.0,12.700723154613238,26.0,12.141230078175235,27.19205376949782,0.072,5.583496308781699,239.0,0.029,0.0,0.22649999999999998,74.0,67.0,0.1,1,0.296,0.649,0.055,18.97746337371124,0.812,21.400791637111272,22.237953413054576,High,1.957827871403843,0.9664790190156106,0.5408320493066255
0.011,41.0,13.189058945442595,26.0,12.435003418525987,27.329180521506625,0.088,7.645397699428633,239.0,0.005,0.5,0.073,82.0,77.0,0.3,1,0.192,0.683,0.125,17.242041029993942,0.795,23.290903884408593,23.439614840929433,High,2.404967885892583,0.9816937543354659,0.46412884333821375
0.02,41.0,6.1224928095143865,26.0,9.57073837671504,23.436618790804065,0.061,5.267858159063328,239.0,0.02,0.1,0.12,75.0,69.0,0.3,1,0.2995,0.6425000000000001,0.052,10.637920620001616,1.0,20.14166003290828,19.93800336967164,Lower-Middle,1.429633746239048,0.5791925399460137,0.5470817120622568
0.017,41.0,10.980109823312622,26.0,10.133606717586764,25.096865063876443,0.077,5.968707559985366,239.0,0.009,0.2,0.148,80.0,74.0,0.2,1,0.278,0.65,0.072,16.553404504526625,0.861,20.88793245934982,20.622339919462647,Upper-Middle,1.9324586099184862,0.9862131923492792,0.5384615384615385
0.023,41.0,10.966904349300577,26.0,10.158710997313749,25.327301154985406,0.059,5.003946305945459,239.0,0.021,0.0,0.188,75.0,67.0,0.1,1,0.328,0.624,0.047,17.501836379331728,0.721,20.995580433028685,21.09620775403772,High,1.494310768144139,0.9828110390116435,0.6009615384615384
0.02,41.0,8.60813018640834,26.0,7.963807953231451,23.49250163842441,0.071,5.662960480135946,239.0,0.011,0.1,0.22649999999999998,80.0,75.0,0.1,1,0.315,0.631,0.055,15.184045398223887,0.59,21.1132788411727,20.12724536893207,Upper-Middle,1.667967616328133,0.9603206841691773,0.5863708399366085
0.013,41.0,10.167389096322506,26.0,9.46187699779161,24.14312794387044,0.061,5.117993812416755,239.0,0.007,0.0,0.12,79.0,75.0,0.0,1,0.216,0.685,0.099,16.225910681827575,0.753,21.3900690426801,19.93800336967164,Upper-Middle,1.4727308045760967,0.9718513320763313,0.45985401459854014
0.02,41.0,9.051344640485725,26.0,9.57073837671504,23.436618790804065,0.061,5.267858159063328,239.0,0.02,0.1,0.12,75.0,69.0,0.5,1,0.249,0.648,0.103,11.804557227118288,0.908,19.240460579850964,19.93800336967164,Lower-Middle,1.429633746239048,0.8562641811686308,0.5432098765432098
0.02,41.0,4.6443908991413725,26.0,9.57073837671504,19.597684636433453,0.05,5.44673737166631,239.0,0.014,0.1,0.117,75.0,69.0,0.0,1,0.2995,0.6425000000000001,0.052,11.151668611526384,0.653,17.6867115897055,16.012735246411598,Low,0.9798842318216727,0.4393629596747869,0.5470817120622568
0.025,41.0,9.909370215694283,26.0,8.922658299524402,23.901180352465495,0.063,5.159055299214529,239.0,0.033,0.0,0.22649999999999998,74.0,68.0,0.1,1,0.349,0.599,0.051,15.974620352602845,0.617,21.774087462127824,19.902285287149308,Upper-Middle,1.5057743622053261,0.9986608342816001,0.667779632721202
0.025,41.0,9.949559740638511,26.0,8.96392819372262,23.631662303634545,0.036,3.9889840465642745,239.0,0.028,0.0,0.171,76.0,71.0,0.0,1,0.345,0.604,0.051,16.343882745032346,0.603,19.926977899684246,19.846195820629383,Upper-Middle,0.8507398429308436,0.9985579529674692,0.6556291390728476
0.025,41.0,8.65591111072806,26.0,8.286269452783065,23.298477738589053,0.081,5.19295685089021,239.0,0.027,0.0,0.14,74.0,65.0,0.1,1,0.383,0.562,0.055,15.600378837392103,0.589,19.895443755348193,19.204582292346984,Lower-Middle,1.8871766968257133,0.9321193138687044,0.7793594306049821
0.016,41.0,6.278521424165844,26.0,9.57073837671504,20.78907698076861,0.061,5.267858159063328,239.0,0.02,0.3,0.12,70.0,64.0,0.3,1,0.2995,0.6425000000000001,0.052,10.936689829317784,0.816,20.350025877585416,19.93800336967164,Low,1.2681336958268852,0.5939529671830698,0.5470817120622568
0.019,41.0,5.2574953720277815,26.0,9.57073837671504,20.075582066373798,0.066,5.8289456176102075,239.0,0.014,0.0,0.116,73.0,68.0,0.0,1,0.35,0.572,0.078,11.529005485681868,0.359,18.34811006187022,15.894952224644102,Low,1.3249884163806707,0.4973631154857509,0.7482517482517483
0.037,41.0,9.202005735186125,26.0,8.859647499714997,23.68288203466134,0.056,4.574710978503383,239.0,0.04,0.0,0.209,71.0,64.0,0.1,1,0.441,0.519,0.04,16.23179783793346,0.451,20.026110636996957,19.190788970278067,Upper-Middle,1.3262413939410351,0.9332996677063878,0.9267822736030827
0.022,41.0,7.384610383176974,26.0,9.57073837671504,20.384526127951624,0.058,4.04305126783455,239.0,0.039,0.1,0.173,67.0,60.0,0.1,1,0.354,0.602,0.045,13.520430521265313,0.287,18.197537205138154,18.15931599280497,Low,1.1823025154211941,0.6985898354502473,0.6627906976744186
0.031,41.0,7.221835825288449,26.0,7.606387389772652,22.021958787131783,0.061,3.295836866004329,239.0,0.075,0.0,0.22649999999999998,59.0,56.0,0.0,1,0.403,0.557,0.04,15.964738739347034,0.356,18.667540829696392,18.9688021582424,Low,1.3433394860150387,0.8391251169881654,0.7953321364452423
0.032,41.0,8.523572798380277,26.0,8.003363058629947,22.684139141529883,0.066,4.343805421853684,239.0,0.031,0.0,0.22649999999999998,73.0,68.0,0.0,1,0.424,0.537,0.039,15.645779269361425,0.455,19.38766459394432,19.103777593709314,Lower-Middle,1.4971531833409724,0.9467098841704734,0.8621973929236498
0.021,41.0,9.241839039035554,26.0,8.250620082174692,22.921448813759987,0.055,5.247024072160486,239.0,0.02,0.0,0.22649999999999998,73.0,68.0,0.1,1,0.327,0.599,0.075,14.766932884700717,0.518,21.17879014556143,19.28778123583743,Lower-Middle,1.2606796847567994,0.999050761672068,0.6711185308848081
0.024,41.0,12.851915931874101,26.0,11.887140675073434,27.250708974114165,0.051,5.796057750765372,239.0,0.022,0.1,0.169,77.0,72.0,0.1,1,0.341,0.61,0.049,18.458685410328073,0.747,22.935160064765444,22.574080069112892,High,1.3897861576798223,0.9972666750454998,0.639344262295082
0.028,41.0,8.232971790593437,26.0,7.833203948641057,22.353942406073134,0.054,4.007333185232471,239.0,0.033,0.0,0.181,72.0,67.0,0.0,1,0.409,0.554,0.037,15.444931669625756,0.547,18.675322970077882,18.65179247285226,Lower-Middle,1.2071128899279493,0.9320481943428961,0.8050541516245486
0.024,41.0,8.66406026722579,26.0,7.851661177889265,23.176036616790395,0.078,5.69035945432406,239.0,0.022,0.1,0.105,78.0,73.0,0.1,1,0.321,0.623,0.055,14.932228937585059,0.622,20.25805072602483,19.300307495604308,Lower-Middle,1.8077308561096508,0.9788061351543721,0.6035313001605136
0.028,41.0,8.213381737034572,26.0,8.25608813381491,22.826911241554058,0.081,4.8283137373023015,239.0,0.028,0.0,0.22649999999999998,72.0,68.0,0.2,1,0.382,0.574,0.044,15.492654594380724,0.553,18.292847383806116,18.85246316687141,Lower-Middle,1.8489798105658788,0.8873491283028023,0.7421602787456446
0.024,41.0,10.318836982718269,26.0,9.411074701777263,24.648819352966747,0.047,4.574710978503383,239.0,0.03,0.0,0.22649999999999998,73.0,68.0,0.0,1,0.341,0.611,0.048,17.07361021136552,0.73,20.573605063553444,20.278540016445007,Upper-Middle,1.158494509589437,0.9911404228957027,0.6366612111292963
0.016,41.0,9.051344640485725,26.0,9.57073837671504,24.84557910293801,0.061,5.267858159063328,239.0,0.02,0.1,0.12,81.0,73.0,0.3,1,0.236,0.651,0.113,15.15329878957307,0.944,21.593722032895528,21.010697878893172,Upper-Middle,1.5155803252792186,0.8562641811686308,0.5360983102918586
0.02,41.0,9.051344640485725,26.0,9.57073837671504,23.436618790804065,0.061,5.267858159063328,239.0,0.02,0.1,0.12,75.0,69.0,0.5,1,0.2995,0.6425000000000001,0.052,10.326137485398393,1.0,20.051880150124926,18.65969765229688,Lower-Middle,1.429633746239048,0.8562641811686308,0.5470817120622568
0.02,41.0,4.6443908991413725,26.0,9.57073837671504,19.847557762953784,0.043,5.973809611869261,239.0,0.014,0.1,0.111,75.0,69.0,0.0,1,0.2995,0.6425000000000001,0.052,10.72645612717891,0.328,17.87595358575207,16.012735246411598,Low,0.8534449838070126,0.4393629596747869,0.5470817120622568
0.02,41.0,5.802118375377063,26.0,9.57073837671504,20.45467728291619,0.056,5.60947179518496,239.0,0.015,0.1,0.131,73.0,70.0,0.0,1,0.322,0.602,0.076,11.9636825622701,0.278,19.45386523085674,17.312018149733785,Low,1.1454619278433067,0.5488848714823767,0.6611295681063124
0.017,41.0,9.051344640485725,26.0,9.57073837671504,23.436618790804065,0.061,5.267858159063328,239.0,0.02,0.1,0.12,80.0,74.0,0.5,1,0.2995,0.6425000000000001,0.052,10.253616115604826,0.56,20.350025877585416,19.93800336967164,Lower-Middle,1.429633746239048,0.8562641811686308,0.5470817120622568
0.02,41.0,5.0689042022202315,26.0,9.57073837671504,19.800572169964116,0.037,4.927253685157205,239.0,0.019,0.0,0.115,73.0,68.0,0.0,1,0.314,0.616,0.069,11.588941615393251,0.452,18.22222981742365,16.118095750958314,Low,0.7326211702886722,0.4795222454266665,0.6217532467532467
0.023,41.0,7.662937850461535,26.0,9.57073837671504,20.609160939264513,0.087,5.123963979403259,239.0,0.03,0.0,0.22649999999999998,71.0,65.0,0.1,1,0.306,0.637,0.057,13.053375505904878,0.664,17.553180200057167,18.020203192280615,Low,1.7929970017160124,0.724919828433297,0.5698587127158555
0.015,41.0,10.107040454085334,26.0,9.292381082312392,22.821813158891707,0.04,5.564520407322694,239.0,0.025,0.1,0.165,72.0,65.0,0.1,1,0.256,0.679,0.065,14.052936429639914,0.108,19.73171262326713,19.06253463538792,Lower-Middle,0.9128725263556683,0.9819924440472216,0.4727540500736377
0.02,41.0,2.772588722239781,26.0,9.57073837671504,23.436618790804065,0.061,5.267858159063328,239.0,0.02,0.1,0.12,75.0,69.0,0.5,1,0.2995,0.6425000000000001,0.052,9.845699528768733,0.846,19.467999741741696,19.93800336967164,Lower-Middle,1.429633746239048,0.26228903066479925,0.5470817120622568
0.014,41.0,15.558353029979926,26.0,14.636757594523958,29.96216451083065,0.118,8.474494436883122,239.0,0.007,0.4,0.092,79.0,74.0,0.4,1,0.213,0.663,0.124,19.4579933921969,0.791,25.518328845233047,25.239309683726354,High,3.5355354122780165,0.9949858809238374,0.5082956259426847
0.016,41.0,8.576781982827894,26.0,8.03689677268507,23.851045844603984,0.112,6.651571873589727,239.0,0.015,0.1,0.22649999999999998,78.0,71.0,0.1,1,0.246,0.624,0.131,15.015728923195793,0.92,20.533315254197156,19.758309935715648,Upper-Middle,2.6713171345956463,0.9490848682428332,0.6041666666666666
0.024,41.0,11.934368903600587,26.0,10.940667601685737,25.486700639482063,0.057,5.6131281063880705,239.0,0.018,0.0,0.22649999999999998,75.0,70.0,0.2,1,0.337,0.617,0.046,17.010403232514218,0.88,19.96611332854275,21.22222128874908,High,1.4527419364504777,0.9994725003412489,0.6207455429497569
0.014,41.0,9.051344640485725,26.0,9.57073837671504,23.436618790804065,0.061,5.267858159063328,239.0,0.02,0.1,0.12,80.0,73.0,0.3,1,0.259,0.655,0.086,11.595794942792523,0.926,20.910574936080593,19.93800336967164,Lower-Middle,1.429633746239048,0.8562641811686308,0.5267175572519084
0.019,41.0,11.342065967079707,26.0,10.206292200258018,24.725946702484457,0.038,4.189654742026425,239.0,0.033,0.0,0.095,71.0,68.0,0.0,1,0.33,0.63,0.04,17.28592919836436,0.607,18.420680753952364,19.083368722182243,Upper-Middle,0.9395859746944093,1.0121158510232817,0.5873015873015873
0.05,41.0,9.183277452426493,26.0,8.97259066827261,22.913362767742914,0.058,3.6109179126442243,239.0,0.1075,0.0,0.22649999999999998,47.0,45.0,0.0,1,0.477,0.499,0.025,16.481716297560524,0.332,17.370858648025116,18.197537205138154,Lower-Middle,1.328975040529089,0.9208517383193832,1.006012024048096
0.042,41.0,7.461065514354283,26.0,7.6544432264701125,21.6392642829092,0.047,2.833213344056216,239.0,0.088,0.0,0.12,57.0,54.0,0.0,1,0.453,0.518,0.029,15.786101054726384,0.387,18.26985786584569,17.6867115897055,Low,1.0170454212967324,0.8621080893493166,0.9305019305019305
0.027,41.0,8.374476889214643,26.0,7.533158807455563,22.42612977418818,0.052,5.170483995038151,239.0,0.054,0.0,0.158,51.0,48.0,0.2,1,0.377,0.593,0.03,14.3940041759548,0.541,19.275096076363752,19.186148590743098,Lower-Middle,1.1661587482577853,0.9814040823777617,0.6863406408094436
0.046,41.0,6.905753276311464,26.0,9.57073837671504,21.757462436754977,0.049,2.5649493574615367,239.0,0.095,0.0,0.12,52.0,50.0,0.0,1,0.467,0.506,0.027,16.295913832763706,0.185,17.034386422832473,17.370858648025116,Low,1.066115659400994,0.6532895839635277,0.9762845849802373
0.042,41.0,5.37989735354046,26.0,9.57073837671504,20.591783456804155,0.068,2.0794415416798357,239.0,0.089,0.0,0.168,50.0,47.0,0.0,1,0.484,0.487,0.029,15.738207203579183,0.085,13.710151153416941,16.300417291085605,Low,1.4002412750626827,0.50894243730326,1.053388090349076
0.041,41.0,8.137980454452139,26.0,8.76170676846664,22.988471882710936,0.047,3.332204510175204,239.0,0.09,0.0,0.207,53.0,51.0,0.0,1,0.451,0.515,0.034,16.60976542742085,0.461,19.019517250535575,19.108815387713893,Lower-Middle,1.080458178487414,0.8336636868401288,0.9417475728155339
0.039,41.0,5.5093883366279774,26.0,9.57073837671504,20.65266448862532,0.04,2.3978952727983707,239.0,0.1075,0.0,0.207,45.0,42.0,0.0,1,0.422,0.538,0.04,15.124936293677571,0.377,15.424948670398354,17.182806422433504,Low,0.8261065795450128,0.5211923841350498,0.8587360594795538
0.051,41.0,5.153291594497779,26.0,9.57073837671504,21.259377718328984,0.06,2.5649493574615367,239.0,0.105,0.0,0.207,48.0,46.0,0.0,1,0.491,0.481,0.028,15.969702133489246,0.217,16.951004817371683,17.840862266556567,Low,1.275562663099739,0.48750535779499776,1.0790020790020791
0.039,41.0,4.48863636973214,26.0,9.57073837671504,19.20966367527093,0.028,2.4849066497880004,239.0,0.073,0.0,0.12,60.0,57.0,0.5,1,0.414,0.555,0.031,13.202978844097021,0.28,16.012735246411598,19.93800336967164,Low,0.537870582907586,0.42462846111295277,0.8018018018018016
0.047,41.0,7.356918242356021,26.0,9.755161543000131,22.7298932557615,0.043,1.9459101490553132,239.0,0.1075,0.0,0.12,48.0,45.0,0.0,1,0.464,0.507,0.028,17.690185652250165,0.356,20.350025877585416,19.93800336967164,Lower-Middle,0.9773854099977444,0.6840360521729386,0.970414201183432
0.039,41.0,6.760414691083428,26.0,6.785587645007929,21.750833063037444,0.024,3.091042453358316,239.0,0.075,0.0,0.207,54.0,51.0,0.0,1,0.419,0.545,0.036,14.980421380538433,0.592,16.933460508490302,18.22222981742365,Low,0.5220199935128986,0.8683242677793453,0.8348623853211008
0.038,41.0,8.952475967933584,26.0,8.777092882855566,23.07894468114246,0.052,3.5553480614894135,239.0,0.098,0.0,0.12,47.0,46.0,0.0,1,0.421,0.55,0.029,16.61402125876554,0.442,17.87595358575207,19.481937249536912,Lower-Middle,1.2001051234194078,0.9156582713489433,0.8181818181818181
0.03,41.0,5.955837369464831,26.0,9.57073837671504,20.16537907688043,0.054,3.7376696182833684,239.0,0.078,0.0,0.115,59.0,56.0,0.0,1,0.407,0.562,0.031,13.505900481201872,0.766,15.967272877502799,16.372737946851277,Low,1.0889304701515432,0.5634268068334944,0.779359430604982
0.025,41.0,11.73968646541856,26.0,10.72983169480481,25.304471227953627,0.058,4.343805421853684,239.0,0.034,0.0,0.133,71.0,66.0,0.0,1,0.348,0.598,0.054,18.0232461547401,0.428,22.138876252643133,20.94480810769493,High,1.4676593312213104,1.0008401459518055,0.6722408026755853
0.039,41.0,8.037866234709618,26.0,9.57073837671504,21.102482111663853,0.015,3.9318256327243257,239.0,0.096,0.0,0.207,49.0,47.0,0.0,1,0.423,0.541,0.036,13.189260988699248,0.388,16.454567959008102,17.216707972959764,Low,0.3165372316749578,0.760388342636048,0.8484288354898335
0.04,41.0,6.448889394146858,26.0,6.610696044717759,20.438736781840355,0.039,2.0794415416798357,239.0,0.056,0.0,0.12,59.0,54.0,0.5,1,0.462,0.519,0.019,15.226890137521602,0.178,18.119575664681957,19.93800336967164,Low,0.7971107344917738,0.8473455458285896,0.9267822736030829
0.043,41.0,8.368693183097793,26.0,10.17244541598963,22.81271913321175,0.047,1.9459101490553132,239.0,0.087,0.0,0.109,54.0,52.0,0.0,1,0.466,0.504,0.031,18.0343837530579,0.149,19.20000562534052,17.72753358339242,Lower-Middle,1.0721977992609524,0.7490475783502867,0.986111111111111
0.034,41.0,7.48605261786314,26.0,7.365180126021013,22.27355850495802,0.033,4.836281906951478,239.0,0.055,0.0,0.207,61.0,58.0,0.1,1,0.404,0.538,0.058,14.0428851458063,0.809,17.6441519761925,19.360688006350088,Lower-Middle,0.7350274306636148,0.8949063265926303,0.8587360594795539
0.045,41.0,5.645446897643238,26.0,9.57073837671504,20.348442386327942,0.046,3.258096538021482,239.0,0.062,0.0,0.22649999999999998,57.0,54.0,0.0,1,0.459,0.515,0.027,14.051919335828508,0.488,20.350025877585416,19.93800336967164,Low,0.9360283497710853,0.5340636289021103,0.9436893203883496
0.034,41.0,8.842315546841863,26.0,8.992930352509733,22.393774706398098,0.056,2.772588722239781,239.0,0.063,0.0,0.12,58.0,56.0,0.0,1,0.412,0.557,0.031,16.775273263660058,0.446,19.739766358052602,18.92145603792546,Lower-Middle,1.2540513835582936,0.884857117474166,0.7953321364452423
0.042,41.0,7.1693500166706,26.0,9.57073837671504,21.764758329028915,0.059,2.995732273553991,239.0,0.099,0.0,0.12,51.0,51.0,0.0,1,0.44,0.526,0.034,16.00103967592929,0.314,15.919644834185693,17.073607134447293,Low,1.2841207414127058,0.6782260388227057,0.9011406844106463
0.041,41.0,5.017279836814924,26.0,9.57073837671504,19.76685703201198,0.05,2.772588722239781,239.0,0.106,0.0,0.12,53.0,51.0,0.5,1,0.434,0.535,0.031,14.079219302828193,0.375,14.80876270134486,15.520258832020865,Low,0.9883428516005991,0.4746385406592659,0.8691588785046728
0.039,41.0,9.145268375232467,26.0,9.565213693968287,23.287137053730792,0.046,2.995732273553991,239.0,0.068,0.0,0.197,54.0,52.0,0.0,1,0.438,0.534,0.028,17.285187185897197,0.202,20.09964472090075,19.024996716270177,Lower-Middle,1.0712083044716163,0.8656018363787122,0.8726591760299626
0.031,41.0,9.051344640485725,26.0,9.57073837671504,20.375735997348453,0.075,3.367295829986474,239.0,0.082,0.0,0.166,46.0,45.0,0.0,1,0.41,0.545,0.046,14.44225134065723,0.201,16.588099342704055,18.927498352344912,Low,1.528180199801134,0.8562641811686308,0.8366972477064218
0.042,41.0,6.220590170099739,26.0,9.57073837671504,20.05967746056976,0.064,2.4849066497880004,239.0,0.1075,0.0,0.221,53.0,52.0,0.0,1,0.432,0.537,0.031,14.913713096029403,0.447,20.350025877585416,19.93800336967164,Low,1.2838193574764647,0.5884726258860309,0.8621973929236498
0.022,41.0,10.781058245898533,26.0,9.702716852073644,24.070370287946695,0.041,5.568344503761097,239.0,0.024,0.0,0.07,74.0,71.0,0.0,1,0.326,0.634,0.04,15.475390222326535,0.764,18.31532023940565,20.164649551092324,Upper-Middle,0.9868851818058145,1.0073197670187557,0.5772870662460567
0.04,41.0,7.463363045520021,26.0,9.57073837671504,22.233894004716003,0.05,2.70805020110221,239.0,0.067,0.0,0.22649999999999998,60.0,58.0,0.0,1,0.455,0.516,0.03,16.602727267605033,0.274,18.819456870621142,19.00289636939162,Lower-Middle,1.1116947002358002,0.706039898022652,0.9399224806201549
0.045,41.0,6.810142450115136,26.0,9.57073837671504,21.26355437680362,0.051,2.1972245773362196,239.0,0.097,0.0,0.22649999999999998,46.0,46.0,0.0,1,0.46,0.51,0.03,16.26851081958595,0.147,17.50439003707821,17.76675429577647,Low,1.0844412732169846,0.6442447260937182,0.9607843137254901
0.048,41.0,6.304448802421981,26.0,9.57073837671504,21.690150464525868,0.064,2.9444389791664403,239.0,0.1075,0.0,0.12,49.0,50.0,0.0,1,0.461,0.505,0.034,16.172846017778898,0.291,18.326370075470134,17.989897843244528,Low,1.3881696297296555,0.5964057171549402,0.9801980198019802
0.038,41.0,7.2078598714324755,26.0,9.57073837671504,20.98219098674026,0.048,2.995732273553991,239.0,0.076,0.0,0.225,61.0,58.0,0.0,1,0.426,0.543,0.032,14.842055253028356,0.5,20.350025877585416,19.93800336967164,Low,1.0071451673635325,0.6818691007725411,0.8434622467771637
0.016,41.0,7.995643604287271,26.0,9.57073837671504,22.235431479936633,0.038,4.997212273764115,239.0,0.015,0.1,0.211,75.0,68.0,0.2,1,0.255,0.683,0.063,13.997733776589856,0.425,20.524814899442084,19.190788970278067,Lower-Middle,0.844946396237592,0.7563940492463493,0.46559297218155193
0.021,41.0,10.537839686585567,26.0,9.29605924737872,24.353580223034356,0.044,4.07753744390572,239.0,0.041,0.0,0.133,70.0,67.0,0.2,1,0.333,0.619,0.048,17.18353567368139,0.537,21.810480080999305,20.193936743313653,Upper-Middle,1.0715575298135116,1.0234828135112375,0.6155088852988692
0.045,41.0,7.365812837209472,26.0,8.92903790648844,22.128148740129763,0.056,2.5649493574615367,239.0,0.1075,0.0,0.22649999999999998,49.0,46.0,0.0,1,0.44,0.529,0.032,16.748607564709243,0.293,17.974393656948944,18.6983124881264,Low,1.2391763294472669,0.741845575229001,0.8922495274102078
0.031,41.0,7.609862200913554,26.0,7.028201432058005,21.989309258263084,0.062,4.736198448394496,239.0,0.049,0.0,0.145,56.0,52.0,0.1,1,0.403,0.564,0.033,14.473695106860847,0.329,19.39145966489847,18.078190449090098,Low,1.3633371740123112,0.9478912886423166,0.773049645390071
0.053,41.0,6.633318433280377,26.0,9.57073837671504,21.388696204465603,0.074,2.5649493574615367,239.0,0.098,0.0,0.12,51.0,51.0,0.0,1,0.481,0.494,0.025,16.248811145159603,0.163,17.216707972959764,17.312018149733785,Low,1.5827635191304545,0.6275170377778042,1.0242914979757085
0.043,41.0,11.33082788309202,26.0,11.4577720985022,24.51058724566636,0.048,2.9444389791664403,239.0,0.1075,0.0,0.22649999999999998,47.0,46.0,0.0,1,0.435,0.538,0.028,18.651832091114752,0.357,18.939474543319914,20.570114658617737,Upper-Middle,1.1765081877919854,0.9095388640521307,0.8605947955390334
0.04,41.0,6.536691597591305,26.0,9.57073837671504,21.23889100067166,0.044,2.1972245773362196,239.0,0.101,0.0,0.173,50.0,48.0,0.0,1,0.464,0.507,0.029,15.985706919533474,0.158,17.182806422433504,17.312018149733785,Low,0.934511204029553,0.6183760646266837,0.9723865877712032
0.037,41.0,3.9512437185814275,26.0,9.57073837671504,18.15349966925842,0.103,3.970291913552122,239.0,0.056,0.1,0.22649999999999998,65.0,62.0,0.5,1,0.434,0.526,0.04,11.862060051734975,0.544,15.64006001130563,14.508658238524095,Low,1.869810465933617,0.3737907020085871,0.9011406844106463
0.04,41.0,8.37378460812088,26.0,7.860570785538664,22.307919545260763,0.05,3.2188758248682006,239.0,0.067,0.0,0.12,60.0,57.0,0.0,1,0.449,0.519,0.032,16.129937162698088,0.405,18.980296537602072,18.53400943818794,Lower-Middle,1.1153959772630382,0.9450615328064116,0.9267822736030827
0.018,41.0,6.466144724237619,26.0,9.57073837671504,20.242700229061132,0.047,5.877735781779639,239.0,0.012,0.1,0.106,75.0,69.0,0.5,1,0.275,0.645,0.08,11.304707471280098,0.503,19.213673264006914,17.529082649058825,Low,0.9514069107658732,0.6117022760189659,0.5503875968992249
0.044,41.0,6.343880434126331,26.0,9.57073837671504,20.799743788265292,0.118,3.713572066704308,239.0,0.1075,0.0,0.22649999999999998,40.0,38.0,0.0,1,0.429,0.547,0.024,15.273117630992687,0.359,16.454567959008102,17.553180200057167,Low,2.4543697670153044,0.6001359799141821,0.8281535648994515
0.048,41.0,6.220590170099739,26.0,9.57073837671504,23.436618790804065,0.061,5.267858159063328,239.0,0.105,0.0,0.12,53.0,50.0,0.0,1,0.473,0.497,0.029,15.844877273149278,0.336,20.350025877585416,19.93800336967164,Lower-Middle,1.429633746239048,0.5884726258860309,1.0100603621730382
0.024,41.0,12.80145263029262,26.0,11.629819216441728,25.49800145550207,0.086,5.4116460518550396,239.0,0.053,0.1,0.138,57.0,53.0,0.2,1,0.325,0.64,0.036,17.620165233423787,0.574,21.90376528539383,21.58446660292526,High,2.192828125173178,1.0135895384494067,0.5640625
0.042,41.0,9.051344640485725,26.0,9.57073837671504,23.436618790804065,0.061,5.267858159063328,239.0,0.105,0.1,0.12,51.0,48.0,0.5,1,0.446,0.523,0.031,15.750570050995316,0.166,20.350025877585416,19.93800336967164,Lower-Middle,1.429633746239048,0.8562641811686308,0.9120458891013383
0.039,41.0,8.759511722116487,26.0,9.546026585476431,23.302184290376722,0.035,2.833213344056216,239.0,0.067,0.0,0.12,60.0,57.0,0.0,1,0.436,0.534,0.03,17.16312469196277,0.325,14.914123179965662,18.119575664681957,Lower-Middle,0.8155764501631854,0.8305982970097704,0.8726591760299625
0.032,41.0,7.0431599159883405,26.0,9.57073837671504,21.022871774718798,0.052,4.189654742026425,239.0,0.081,0.0,0.133,48.0,47.0,0.1,1,0.44,0.53,0.03,13.887609799683496,0.226,16.951004817371683,17.249497794707484,Low,1.0931893322853774,0.666288358011285,0.8867924528301886
0.042,41.0,8.048468743668883,26.0,9.561278894062978,23.063489719338808,0.035,2.4849066497880004,239.0,0.076,0.0,0.201,51.0,50.0,0.0,1,0.447,0.524,0.029,17.367865544670927,0.227,20.254860930661817,19.709913394983946,Lower-Middle,0.8072221401768583,0.7620733080151239,0.9083969465648856
0.039,41.0,7.0587581525186645,26.0,7.653020413804189,21.01019436580552,0.052,2.70805020110221,239.0,0.075,0.0,0.12,54.0,53.0,0.0,1,0.439,0.532,0.028,15.423392460442532,0.334,16.454567959008102,16.811242881518265,Low,1.0925301070218871,0.8157565583987074,0.8778195488721805
0.017,41.0,9.943621310275773,26.0,8.950532836290382,23.817308391950494,0.053,4.812184355372417,239.0,0.024,0.0,0.12,75.0,71.0,0.0,1,0.289,0.649,0.062,16.0849111869414,0.638,21.446457139339934,19.590062106614273,Upper-Middle,1.2623173447733762,0.9993054114660672,0.5408320493066255
0.048,41.0,7.3914152346753585,26.0,9.57073837671504,22.488082880752103,0.072,2.8903717578961645,239.0,0.085,0.0,0.22649999999999998,49.0,49.0,0.0,1,0.493,0.48,0.027,17.037901557360946,0.122,19.046619180166456,19.93800336967164,Lower-Middle,1.6191419674141512,0.6992335796482282,1.0833333333333335
0.045,41.0,7.553810852008231,26.0,8.768885326134862,22.019039775115417,0.06,3.091042453358316,239.0,0.095,0.0,0.22649999999999998,43.0,42.0,0.0,1,0.459,0.514,0.027,16.15366914416049,0.35,18.197537205138154,18.440483381052466,Low,1.321142386506925,0.7732520753211622,0.9455252918287939
0.032,41.0,9.438590860658538,26.0,9.17895289873455,22.63685713203644,0.061,5.267858159063328,239.0,0.06,0.0,0.22649999999999998,43.0,43.0,0.0,1,0.419,0.547,0.034,16.34815634359441,0.342,18.20995972498239,19.93800336967164,Lower-Middle,1.3808482850542227,0.9272654028914846,0.8281535648994515
0.049,41.0,6.470799503782602,26.0,9.57073837671504,21.62410432181072,0.061,5.267858159063328,239.0,0.093,0.0,0.12,56.0,54.0,0.5,1,0.495,0.484,0.02,16.87645845149767,0.216,20.350025877585416,19.93800336967164,Low,1.319070363630454,0.6121426217525465,1.0640495867768596
0.013,41.0,8.172729104865471,26.0,7.604396348796338,21.47395898229429,0.059,3.7376696182833684,239.0,0.025,0.0,0.22649999999999998,75.0,68.0,0.0,1,0.25,0.646,0.104,14.933912728749306,0.644,18.20995972498239,17.893048018819147,Low,1.266963579955363,0.9498317805883904,0.5479876160990712
0.014,41.0,10.267157970987247,26.0,9.345395602969047,22.46506765415624,0.045,3.4657359027997265,239.0,0.057,0.0,0.197,70.0,64.0,0.1,1,0.301,0.641,0.058,15.908756503906819,0.516,17.858561843342684,18.594634059479166,Lower-Middle,1.0109280444370308,0.9924374441554128,0.5600624024960998
0.026,41.0,10.387702224875827,26.0,9.914625296946584,24.573154742388965,0.03,2.3978952727983707,239.0,0.062,0.0,0.158,66.0,66.0,0.0,1,0.364,0.595,0.041,18.718779652288305,0.241,17.6867115897055,19.647393038180343,Upper-Middle,0.737194642271669,0.9517232101208123,0.680672268907563
0.027,41.0,5.966146739123692,26.0,9.57073837671504,19.981685894141357,0.062,3.9512437185814275,239.0,0.056,0.0,0.158,61.0,61.0,0.5,1,0.393,0.568,0.039,13.272314967667747,0.265,16.012735246411598,19.93800336967164,Low,1.238864525436764,0.5644020811512819,0.7605633802816902
0.022,41.0,8.731981938347694,26.0,7.700295203420117,22.446227163048146,0.032,6.26530121273771,239.0,0.008,0.1,0.055,78.0,74.0,0.4,1,0.301,0.671,0.028,12.734094561874418,0.717,18.858935681335133,19.93800336967164,Lower-Middle,0.7182792692175407,1.003642029860679,0.4903129657228018
0.027,41.0,7.720017940432244,26.0,8.14060704285845,22.10450076795759,0.062,3.044522437723423,239.0,0.076,0.0,0.12,66.0,60.0,0.0,1,0.397,0.564,0.039,16.339043754038762,0.187,19.876967479223293,17.893048018819147,Low,1.3704790476133706,0.8445848185174845,0.773049645390071
0.013,41.0,15.064714916396754,26.0,13.986769482193473,27.912287835707225,0.046,3.871201010907891,239.0,0.028,0.0,0.059,74.0,71.0,0.1,1,0.246,0.683,0.07,20.963738371168652,0.371,23.66802055578815,23.43078256250918,High,1.2839652404425324,1.0052009496973908,0.4626647144948755
0.012,41.0,8.235095497258357,26.0,7.852050207265889,21.892488122981643,0.078,4.007333185232471,239.0,0.029,0.0,0.223,76.0,68.0,0.1,1,0.212,0.659,0.129,15.294019631049334,0.524,18.72816545105327,18.72816545105327,Low,1.7076140735925682,0.9303037493505032,0.5174506828528073
0.007,41.0,10.544630659849277,26.0,9.557187177595935,25.855547754311864,0.061,5.267858159063328,239.0,0.02,0.4,0.051,85.0,78.0,0.8,1,0.167,0.72,0.112,15.719750287212173,1.0,22.79303575905573,23.234246258986946,High,1.5771884130130236,0.9988106190090761,0.38750000000000007
0.025,41.0,14.001030328349918,26.0,13.04872114293182,26.925708908529387,0.045,3.091042453358316,239.0,0.064,0.0,0.121,64.0,61.0,0.0,1,0.338,0.617,0.044,20.78106377474731,0.279,21.929835267418834,22.197342111678825,High,1.2116569008838223,0.996605326983382,0.6191247974068071
0.021,41.0,12.59441872227536,26.0,11.976433040472262,25.801229180569376,0.022,2.8903717578961645,239.0,0.039,0.0,0.185,70.0,66.0,0.0,1,0.304,0.649,0.047,19.171957068152704,0.428,22.386623591559445,21.948804419480506,High,0.5676270419725262,0.9705609147748511,0.5408320493066255
0.009,41.0,13.999719499193816,26.0,13.14371774131075,29.056502516099897,0.078,7.845807502637805,239.0,0.003,0.4,0.020500000000000018,85.0,78.0,0.6,1,0.144,0.679,0.177,18.660870192939562,0.8,22.47246569192958,24.293530659752253,High,2.266407196255792,0.9898189256353479,0.4727540500736376
0.015,41.0,11.904352498774465,26.0,10.448540674851346,23.821224731531263,0.035,3.9889840465642745,239.0,0.036,0.0,0.12,71.0,61.0,0.0,1,0.271,0.661,0.069,16.51407161251815,0.555,20.034110679648034,20.45014391714002,Upper-Middle,0.8337428656035943,1.0398139672879345,0.5143721633888049
0.017,41.0,11.28321036827298,26.0,9.921818509220852,23.436618790804065,0.061,5.267858159063328,239.0,0.039,0.1,0.12,70.0,62.0,0.5,1,0.258,0.68,0.062,16.952892122165444,0.595,20.350025877585416,19.93800336967164,Lower-Middle,1.429633746239048,1.0330889822740617,0.47058823529411764
0.012,41.0,13.017436101218061,26.0,12.160274750056129,27.001884815181096,0.05,6.270988431858299,239.0,0.006,0.6,0.077,80.0,73.0,0.6,1,0.206,0.717,0.077,17.673232867091194,0.799,22.792530772300964,22.845407608278048,High,1.3500942407590548,0.9891462259298608,0.3947001394700139
0.02,41.0,8.238008249218403,26.0,7.674152921281675,21.145334671777178,0.048,2.772588722239781,239.0,0.04,0.0,0.22649999999999998,73.0,65.0,0.0,1,0.342,0.602,0.055,15.413907947501754,0.353,17.281246492014,16.860033043306743,Low,1.0149760642453045,0.9497190473788849,0.659468438538206
0.03,41.0,6.805722553416985,26.0,9.57073837671504,21.2934648863681,0.041,2.6390573296152584,239.0,0.08,0.0,0.22649999999999998,64.0,61.0,0.0,1,0.43,0.533,0.036,15.514820252525837,0.23,18.497641794347754,15.201805169084134,Low,0.8730320603410922,0.643826600458532,0.8742964352720449
0.008,41.0,7.431299675155903,26.0,9.57073837671504,22.597261220702915,0.061,5.267858159063328,239.0,0.02,0.2,0.08,80.0,76.0,0.4,1,0.219,0.708,0.074,12.99015910376771,1.0,22.043687454182617,19.93800336967164,Lower-Middle,1.3784329344628778,0.7030066784667933,0.4138418079096045
0.022,41.0,11.825675689244793,26.0,10.804786466591047,25.25353948083814,0.033,4.875197323201151,239.0,0.008,0.3,0.071,75.0,71.0,0.3,1,0.327,0.634,0.039,16.990465550202483,0.629,22.754960420259625,21.94439070038481,High,0.8333668028676586,1.0017695553166392,0.5772870662460567
0.023,41.0,6.3578422665081,26.0,9.57073837671504,20.503171146877676,0.053,5.0369526024136295,239.0,0.032,0.0,0.13,72.0,70.0,0.1,1,0.399,0.561,0.039,12.534750297435474,0.289,19.60547073191963,17.893048018819147,Low,1.0866680707845169,0.6014567800214408,0.7807486631016042
0.019,41.0,8.972717499397138,26.0,7.789868559054706,20.96070505573613,0.046,3.2188758248682006,239.0,0.047,0.0,0.22649999999999998,67.0,60.0,0.1,1,0.336,0.627,0.037,14.699141725198139,0.582,17.707330876483063,17.893048018819147,Low,0.964192432563862,1.0208022382944593,0.594896331738437
0.02,41.0,9.073947747070628,26.0,9.43731656931057,23.436618790804065,0.021,1.0986122886681098,239.0,0.057,0.0,0.15,64.0,60.0,0.0,1,0.301,0.651,0.048,17.705169419812787,0.273,18.6983124881264,17.281246492014,Lower-Middle,0.4921689946068854,0.8693755417701201,0.5360983102918586
0.032,41.0,8.14757773620177,26.0,9.033125752550372,22.516201485038174,0.053,2.6390573296152584,239.0,0.057,0.0,0.077,64.0,62.0,0.0,1,0.403,0.559,0.039,16.97909013995779,0.14,19.067783991246507,18.667540829696392,Lower-Middle,1.1933586787070232,0.8120677381254485,0.7906976744186046
0.03,41.0,11.592512684309318,26.0,11.083556932780505,25.004224658588793,0.028,2.6390573296152584,239.0,0.086,0.0,0.12,65.0,63.0,0.0,1,0.409,0.552,0.04,18.804970440527097,0.334,20.094031984006293,20.13447867351251,Upper-Middle,0.7001182904404862,0.9593626072850228,0.8134057971014491
0.029,41.0,11.171181356419915,26.0,10.550669325542444,25.057440599057582,0.03,3.4011973816621555,239.0,0.03,0.0,0.124,70.0,64.0,0.2,1,0.382,0.585,0.033,18.188720401211352,0.477,21.421897948234193,21.374548813929035,Upper-Middle,0.7517232179717275,0.9671458026866588,0.7094017094017095
0.012,41.0,10.810576073645484,26.0,9.963170554697301,25.21510031643805,0.024,6.267200548541362,239.0,0.003,0.4,0.056,80.0,76.0,0.7,1,0.211,0.714,0.075,15.235723378950235,1.0,22.25819569742092,22.610335486130307,Upper-Middle,0.6051624075945132,0.9860811723861729,0.4005602240896358
0.018,41.0,9.234740258799718,26.0,8.993551586299981,23.47986645354413,0.037,3.4657359027997265,239.0,0.013,0.0,0.194,76.0,68.0,0.0,1,0.265,0.672,0.064,16.749207893798708,0.184,19.664835340792976,19.811962649070857,Upper-Middle,0.8687550587811328,0.9240699043830917,0.4895833333333333
0.03,41.0,7.737616282857904,26.0,7.660585461703256,20.80094329454312,0.046,2.1972245773362196,239.0,0.07,0.0,0.211,68.0,60.0,0.0,1,0.421,0.543,0.036,15.654366853712562,0.265,20.350025877585416,19.93800336967164,Low,0.9568433915489836,0.8934287776586602,0.8416206261510127
0.014,41.0,12.216681175564313,26.0,11.217023031071593,25.472851513356954,0.033,4.127134385045092,239.0,0.018,0.1,0.073,75.0,67.0,0.1,1,0.238,0.694,0.068,17.9597410488659,0.326,22.96163235772044,21.927438621574954,High,0.8406040999407796,0.9999720181007754,0.4409221902017291
0.041,41.0,9.051344640485725,26.0,9.57073837671504,19.878597851072428,0.062,3.044522437723423,239.0,0.08,0.1,0.12,62.0,59.0,0.5,1,0.5,0.475,0.024,13.677803602656091,0.246,20.350025877585416,19.93800336967164,Low,1.2324730667664905,0.8562641811686308,1.1031578947368421
0.023,41.0,10.578241611979182,26.0,9.626019802491319,21.9859146278494,0.038,4.07753744390572,239.0,0.065,0.0,0.12,68.0,60.0,0.0,1,0.356,0.6,0.044,15.331025188406512,0.461,20.350025877585416,19.93800336967164,Low,0.8354647558582772,0.9955036606932602,0.6666666666666666
0.021,41.0,11.712095944762291,26.0,10.840972100417284,23.156997731022628,0.053,3.2188758248682006,239.0,0.052,0.0,0.12,70.0,64.0,0.0,1,0.365,0.591,0.044,17.032963410887945,0.373,18.09217669086922,19.93800336967164,Lower-Middle,1.2273208797441992,0.9891160831592154,0.6920473773265652
0.017,41.0,11.02093795121555,26.0,10.330290057291649,24.286903707906657,0.056,3.1354942159291497,239.0,0.026,0.0,0.094,79.0,69.0,0.0,1,0.307,0.628,0.065,18.180149410006166,0.249,20.350025877585416,19.93800336967164,Upper-Middle,1.3600666076427728,0.9726968943855931,0.5923566878980892
0.018,41.0,8.07837810362652,26.0,7.486613313139955,22.132060225771426,0.06,4.330733340286331,239.0,0.022,0.0,0.197,78.0,72.0,0.1,1,0.297,0.632,0.071,14.93526836269936,0.424,19.926977899684246,19.410221941283584,Low,1.3279236135462855,0.9518965699920181,0.5822784810126582
0.012,41.0,6.263398262591624,26.0,9.57073837671504,20.95814841309994,0.056,7.166265974133638,239.0,0.004,0.1,0.12,75.0,69.0,0.4,1,0.2995,0.6425000000000001,0.052,11.127277689932466,0.921,20.350025877585416,19.93800336967164,Low,1.1736563111335967,0.5925223044388727,0.5470817120622568
0.009,41.0,11.093112922904789,26.0,10.314868461073596,25.97908625650853,0.101,7.786136437783072,239.0,0.005,0.4,0.12,82.0,76.0,0.8,1,0.168,0.676,0.156,15.900224923841257,0.658,23.16656893696621,22.725826334425278,High,2.623887711907362,0.9804014037872636,0.47928994082840237
0.009,41.0,10.870414362878757,26.0,10.118034256624819,23.23731211901676,0.066,4.430816798843313,239.0,0.01,0.0,0.22649999999999998,75.0,63.0,0.0,1,0.179,0.684,0.137,16.110869706591796,0.705,19.421312627936743,20.001719183922383,Lower-Middle,1.5336625998551063,0.9777280868154804,0.4619883040935672
0.011,41.0,11.650659265098087,26.0,10.974934173131468,26.17209544095791,0.083,7.538494999413465,239.0,0.005,0.3,0.085,81.0,75.0,0.7,1,0.175,0.655,0.17,16.146349816123124,0.972,22.84000316349037,23.110008238039107,High,2.1722839215995067,0.9729205268818123,0.5267175572519084
0.01,41.0,9.937937287265354,26.0,8.343315881404946,22.472290120865743,0.072,4.6913478822291435,239.0,0.008,0.0,0.12,77.0,73.0,0.1,1,0.199,0.689,0.112,15.17117920289229,0.393,19.44672234336987,18.379858759848776,Lower-Middle,1.6180048887023335,1.0636413681617918,0.45137880986937595
0.009,41.0,10.746239381075412,26.0,9.873904249994453,23.352893180170838,0.074,4.867534450455582,239.0,0.017,0.1,0.111,75.0,69.0,0.2,1,0.152,0.68,0.168,15.897484266003175,0.692,20.955963601857825,20.54413917224515,Lower-Middle,1.728114095332642,0.9882595187538914,0.47058823529411764
0.009,41.0,9.938661627543782,26.0,8.980801413573113,23.861020314558505,0.072,5.932245187448011,239.0,0.007,0.1,0.095,78.0,71.0,0.4,1,0.169,0.672,0.159,15.306165159633608,0.557,21.965401102655463,20.333181832353652,Upper-Middle,1.7179934626482123,0.9957779155918257,0.4880952380952381
0.013,41.0,8.831565879121063,26.0,7.656810091480378,22.9932559352439,0.058,6.655440350367647,239.0,0.005,0.2,0.075,80.0,76.0,0.3,1,0.219,0.678,0.103,13.776231123086905,0.688,21.513085905220542,20.157631978445988,Lower-Middle,1.3336088442441463,1.0201870880606094,0.4749262536873156
0.009,41.0,11.731321765901173,26.0,10.647304082870662,24.887995671384374,0.064,6.0014148779611505,239.0,0.005,0.1,0.072,78.0,72.0,0.7,1,0.161,0.7,0.139,16.139524993650966,0.739,21.85595743958955,21.049687738435622,Upper-Middle,1.5928317229686,1.0072134875532333,0.42857142857142866
0.012,41.0,10.800310001214886,26.0,9.862873869650832,25.80141124431122,0.091,7.912423121473705,239.0,0.005,0.4,0.082,79.0,75.0,0.7,1,0.186,0.665,0.148,15.494247641637434,0.852,22.11030991720666,22.30451001521545,High,2.3479284232323208,0.9942405785810752,0.5022556390977443
0.009,41.0,9.654833867051826,26.0,8.501063809486354,22.554269706707455,0.049,5.389071729816501,239.0,0.008,0.3,0.078,76.0,65.0,0.5,1,0.174,0.671,0.155,14.14345799004385,0.692,20.30926439932882,19.348900050644364,Lower-Middle,1.1051592156286654,1.0161845095084974,0.4903129657228017
0.02,41.0,6.675823221634848,26.0,9.57073837671504,20.86727941871488,0.061,5.267858159063328,239.0,0.02,0.4,0.12,82.0,77.0,0.5,1,0.2995,0.6425000000000001,0.052,10.760792319262357,0.372,20.350025877585416,19.93800336967164,Low,1.2729040445416075,0.6315380235254129,0.5470817120622568
0.011,41.0,10.940667601685737,26.0,10.408828161071545,25.54871552151442,0.074,7.488293515159428,239.0,0.003,0.4,0.058,82.0,75.0,0.8,1,0.18,0.669,0.151,15.46186055918952,0.824,21.448396063843667,21.616083213044426,High,1.890604948592067,0.9589650617244605,0.49476831091180856
0.013,41.0,12.86314695328471,26.0,12.47061146701075,27.92242350772531,0.102,7.715123603632105,239.0,0.004,0.3,0.07,83.0,76.0,0.6,1,0.188,0.651,0.161,17.932199058099243,0.761,24.370932595252324,24.009762926449472,High,2.848087197787981,0.9549044588500153,0.5360983102918586
0.009,41.0,13.6572929527289,26.0,12.75615744324828,28.26276876600722,0.105,7.784473235736469,239.0,0.004,0.3,0.1,81.0,76.0,0.7,1,0.154,0.679,0.168,18.226488115983997,0.731,23.908584878327133,24.758019617772565,High,2.967590720430758,0.9928130736415856,0.4742268041237113
0.009,41.0,11.448994759075541,26.0,10.240138344643933,25.58958268901446,0.088,6.962243464266207,239.0,0.006,0.1,0.086,81.0,76.0,0.7,1,0.15,0.678,0.172,16.209011188452134,0.729,22.944206941008453,22.155727879150028,High,2.251883276633272,1.018581302829883,0.47492625368731556
0.01,41.0,10.951209974200845,26.0,10.150035081629355,24.688279066957314,0.072,5.926926025970411,239.0,0.009,0.1,0.121,77.0,68.0,0.5,1,0.166,0.682,0.153,16.1366795947849,0.647,22.156205206127954,21.358254103862766,Upper-Middle,1.7775560928209264,0.9821682079049158,0.46774193548387094
0.014,41.0,7.650644551436897,26.0,8.08301991917133,22.79303361882878,0.093,7.868254265520613,239.0,0.003,0.5,0.18,83.0,78.0,0.9,1,0.23,0.653,0.116,12.560135681404867,0.925,19.763545549755886,19.734404414925592,Lower-Middle,2.1197521265510764,0.8423018576992054,0.5298621745788668
0.015,41.0,10.695393505119338,26.0,9.577272530367564,25.378811402642746,0.067,7.522400231387125,239.0,0.006,0.2,0.048,80.0,75.0,0.8,1,0.214,0.674,0.112,15.167794051088844,0.594,22.055367969246795,21.80710284037066,High,1.700380363977064,1.0111674322858417,0.4836795252225519
0.02,41.0,9.051344640485725,26.0,9.57073837671504,21.202350169028456,0.061,5.267858159063328,239.0,0.02,0.1,0.12,75.0,69.0,0.5,1,0.2995,0.6425000000000001,0.052,11.259541754343456,0.518,20.350025877585416,19.93800336967164,Low,1.2933433603107358,0.8562641811686308,0.5470817120622568
0.009,41.0,13.017778116714252,26.0,12.056080805726753,27.747650322658505,0.081,7.372118028337787,239.0,0.004,0.3,0.073,83.0,77.0,0.9,1,0.143,0.672,0.186,17.858107354121163,0.673,24.015986742309636,23.55630269490046,High,2.247559676135339,0.9970662950404152,0.48958333333333326
0.022,41.0,9.051344640485725,26.0,7.551186867296149,21.653591075980522,0.061,5.267858159063328,239.0,0.02,0.1,0.12,70.0,66.0,0.5,1,0.2995,0.6425000000000001,0.052,14.346817990095463,0.56,20.350025877585416,19.93800336967164,Low,1.3208690556348117,1.0584898659041613,0.5470817120622568
0.008,41.0,8.832733591996416,26.0,8.321664807135,22.841092134892797,0.062,5.375278407684165,239.0,0.014,0.1,0.112,77.0,65.0,0.3,1,0.172,0.674,0.154,14.664451781575854,0.68,18.845948485892656,19.35677410704427,Lower-Middle,1.4161477123633535,0.9475489383865909,0.4836795252225518
0.012,41.0,9.051344640485725,26.0,9.57073837671504,21.63627140256615,0.061,5.267858159063328,239.0,0.02,0.5,0.12,82.0,76.0,0.3,1,0.2995,0.6425000000000001,0.052,10.418584043152764,0.15,20.350025877585416,19.93800336967164,Low,1.319812555556535,0.8562641811686308,0.5470817120622568
0.009,41.0,9.466531777336593,26.0,9.021356672308677,23.221353977982975,0.063,5.3981627015177525,239.0,0.009,0.1,0.096,78.0,66.0,0.3,1,0.193,0.665,0.142,15.059901147128738,0.669,19.867599729241633,19.240460579850964,Lower-Middle,1.4629453006129274,0.9446357501170283,0.5037593984962405
0.012,41.0,9.082734247371036,26.0,8.163371316459912,23.72879338032233,0.074,8.133293861222633,239.0,0.004,0.4,0.12,81.0,75.0,0.9,1,0.19,0.669,0.142,12.99799218743942,0.848,21.299879201812203,21.104438253168592,Upper-Middle,1.7559307101438524,0.9912000653139494,0.4962630792227204
0.012,41.0,9.392578591964389,26.0,7.8547691834991324,21.957853599953207,0.085,4.955827057601261,239.0,0.014,0.0,0.194,76.0,71.0,0.1,1,0.219,0.679,0.103,14.540688725116715,0.583,17.707330876483063,17.909855136853043,Low,1.8664175559960228,1.0607366942401462,0.4742268041237113
0.01,41.0,7.818832443803404,26.0,6.669498089857879,22.08875034958813,0.07,6.516193076042964,239.0,0.007,0.2,0.069,81.0,77.0,0.6,1,0.2,0.688,0.111,12.88163867947755,0.926,20.37228891554277,19.13363055671045,Low,1.546212524471169,1.0194712029647681,0.45203488372093026
0.012,41.0,8.22040309993373,26.0,8.023879992734878,21.115751667470274,0.071,3.4011973816621555,239.0,0.024,0.0,0.22649999999999998,71.0,63.0,0.1,1,0.228,0.669,0.102,15.105146155349166,0.457,17.87595358575207,18.31532023940565,Low,1.4992183683903892,0.9109610396583258,0.49327354260089684
0.02,41.0,9.051344640485725,26.0,9.57073837671504,21.70586892228694,0.033,7.908019444632471,239.0,0.004,0.5,0.12,75.0,69.0,0.4,1,0.2995,0.6425000000000001,0.052,10.38489466421945,1.0,20.350025877585416,19.93800336967164,Low,0.716293674435469,0.8562641811686308,0.5470817120622568
0.013,41.0,9.051344640485725,26.0,9.57073837671504,20.871592355798427,0.085,5.081404364984463,239.0,0.012,0.1,0.12,77.0,71.0,0.5,1,0.21,0.673,0.117,13.323712751602866,0.596,20.350025877585416,19.93800336967164,Low,1.7740853502428664,0.8562641811686308,0.48588410104011887
0.013,41.0,12.027394443651017,26.0,11.233409955184841,26.716364395088434,0.083,7.640123172695364,239.0,0.005,0.5,0.05,81.0,76.0,0.8,1,0.186,0.678,0.136,16.590981435301916,0.778,23.13443624044361,23.29289652761836,High,2.21745824479234,0.9831596004475833,0.4749262536873156
0.013,41.0,10.623593069677154,26.0,10.197052288146065,25.864478128340192,0.098,8.217708406845306,239.0,0.004,0.6,0.087,82.0,76.0,0.8,1,0.2,0.65,0.15,15.322639294664263,0.766,21.590366325049963,22.274650818143847,High,2.534718856577339,0.9487848048118868,0.5384615384615384
0.01,41.0,12.620850917847577,26.0,11.404605017477508,25.972502565040447,0.059,5.680172609017068,239.0,0.008,0.1,0.184,78.0,70.0,0.3,1,0.187,0.688,0.125,17.45960384246321,0.618,22.3566155696221,22.002809828397584,High,1.5323776513373863,1.0174327114862092,0.4534883720930233
0.011,41.0,11.048728941798242,26.0,10.11924388541632,25.513521095515436,0.093,6.992096427415888,239.0,0.005,0.2,0.12,80.0,73.0,0.8,1,0.16,0.676,0.164,16.153725598097637,0.55,22.5536047883023,21.681082316032793,High,2.3727574618829355,0.9936582968819881,0.47928994082840237
0.01,41.0,11.46869140597298,26.0,10.51379645478707,24.42668622661901,0.044,4.382026634673881,239.0,0.022,0.0,0.22649999999999998,75.0,68.0,0.2,1,0.181,0.683,0.137,16.91253377267938,0.529,19.853381480273047,19.97882536410418,Upper-Middle,1.0747741939712365,0.9960825216086449,0.46559297218155193
0.009,41.0,14.25892249125179,26.0,13.347129611456502,26.44881852474531,0.057,4.787491742782046,239.0,0.019,0.0,0.179,72.0,59.0,0.1,1,0.175,0.698,0.127,18.79895602970235,0.733,22.276345015922722,23.001558237473873,High,1.5075826559104828,0.993851932575121,0.4326647564469914
0.02,41.0,9.051344640485725,26.0,9.57073837671504,20.518950460362483,0.052,7.688913336864796,239.0,0.005,0.5,0.088,84.0,78.0,0.6,1,0.2995,0.6425000000000001,0.052,10.220776969740568,0.938,20.350025877585416,19.93800336967164,Low,1.066985423938849,0.8562641811686308,0.5470817120622568
0.011,41.0,9.051344640485725,26.0,9.613536240640304,23.156042756667137,0.076,4.442651256490317,239.0,0.011,0.1,0.22649999999999998,75.0,70.0,0.5,1,0.197,0.67,0.132,15.830871340384249,0.535,20.350025877585416,19.93800336967164,Lower-Middle,1.7598592495067025,0.8528113943614015,0.491044776119403
0.01,41.0,10.580479944339373,26.0,9.830594227015803,24.13503157600174,0.055,5.37989735354046,239.0,0.01,0.1,0.112,78.0,70.0,0.4,1,0.191,0.695,0.114,15.497988501076971,0.562,20.290943276209195,19.644456178515657,Upper-Middle,1.3274267366800958,0.9769066888266809,0.4388489208633094
0.009,41.0,9.626679476636225,26.0,8.814776088545281,23.7436383793794,0.086,6.784457062637643,239.0,0.004,0.3,0.151,80.0,72.0,0.7,1,0.155,0.701,0.144,14.504680339147782,0.508,20.780590904509967,20.143447343479185,Upper-Middle,2.041952900626628,0.9808353639235252,0.42653352353780316
0.01,41.0,12.60428149052356,26.0,11.73638096762256,27.134848240783498,0.072,6.993932975223189,239.0,0.005,0.2,0.052,83.0,76.0,0.7,1,0.146,0.685,0.169,17.523113675148842,0.763,24.244584259769177,22.859323979163264,High,1.9537090733364118,0.9896281779388656,0.45985401459854014
0.01,41.0,10.842126688074044,26.0,10.830381867194474,26.14979829726392,0.089,7.727094484779841,239.0,0.003,0.5,0.056,82.0,78.0,0.8,1,0.183,0.645,0.172,16.001107911470086,0.841,22.3719244627261,22.792151864813057,High,2.3273320484564888,0.916464642459188,0.5503875968992248
0.01,41.0,10.668117834717938,26.0,10.187086299550273,26.294077406945835,0.103,8.229244416735913,239.0,0.005,0.6,0.043,83.0,77.0,0.7,1,0.173,0.673,0.154,15.793729538608803,0.733,22.9522043898798,22.681245710230197,High,2.708289972915421,0.9536100418879223,0.48588410104011875
0.021,41.0,12.178387936079183,26.0,11.161991154874562,26.00140748405765,0.052,5.003946305945459,239.0,0.032,0.1,0.12,74.0,67.0,0.3,1,0.302,0.637,0.061,17.975959570866053,0.653,23.03252858479303,21.276000864364985,High,1.3520731891709978,1.0013481987444177,0.5698587127158555
0.008,41.0,12.681225494758568,26.0,11.806318697654874,24.36109787638927,0.057,3.8066624897703196,239.0,0.015,0.0,0.22649999999999998,74.0,63.0,0.0,1,0.168,0.691,0.141,17.70085823952846,0.672,20.447512336677427,20.331703635486527,Upper-Middle,1.3885825789541884,0.9902319155215766,0.44717800289435605
0.011,41.0,13.218678506623249,26.0,12.318378486481624,28.026535240624025,0.073,7.506591780070841,239.0,0.006,0.3,0.051,80.0,76.0,0.8,1,0.188,0.654,0.158,17.895074320380626,0.788,23.98661777195339,24.56078079022104,High,2.0459370725655535,0.9925141052298843,0.529051987767584
0.021,41.0,9.541656481448024,26.0,8.711113884053544,22.917869919449902,0.038,6.192362489474872,239.0,0.011,0.2,0.107,76.0,74.0,0.4,1,0.305,0.67,0.024,13.457048303451446,0.884,20.60222750969802,19.86288273937462,Lower-Middle,0.8708790569390963,0.9825501580324598,0.491044776119403
0.018,41.0,12.896285525237065,26.0,11.801377241124099,25.47200277594188,0.051,5.68697535633982,239.0,0.027,0.0,0.12,71.0,69.0,0.0,1,0.328,0.629,0.043,18.018075916339065,0.648,20.83837864493818,20.38639352170442,High,1.299072141573036,1.0074139119819137,0.589825119236884
0.036,41.0,11.354433709627754,26.0,10.20121896084091,23.436618790804065,0.011,2.1972245773362196,239.0,0.035,0.0,0.12,73.0,69.0,0.5,1,0.426,0.539,0.035,17.014870908703877,0.686,16.52356082573315,17.249497794707484,Lower-Middle,0.2578028066988447,1.0136783995851235,0.8552875695732838
0.021,41.0,11.093614950040012,26.0,9.85974462958821,25.53496660457172,0.079,7.313220387090301,239.0,0.005,0.2,0.1,81.0,78.0,0.9,1,0.28,0.619,0.1,15.677883961823927,0.913,21.771987356351442,22.080903489073766,High,2.017262361761166,1.0215355267024055,0.6138933764135703
0.031,41.0,9.680593969977126,26.0,8.480321716640333,22.917482011573707,0.099,5.220355825078324,239.0,0.023,0.0,0.109,73.0,71.0,0.2,1,0.392,0.577,0.031,15.408209349770098,0.801,20.59996762173314,19.85576527162264,Lower-Middle,2.268830719145797,1.0211250482127907,0.7331022530329291
0.023,41.0,10.917322330911832,26.0,9.906881785604144,24.275488268482746,0.036,6.453624998892692,239.0,0.011,0.1,0.079,74.0,73.0,0.4,1,0.257,0.711,0.033,14.498912911553681,0.981,19.47150237228063,21.888601757969248,Upper-Middle,0.8739175776653788,1.0009572438312726,0.40787623066104084
0.018,41.0,9.693321922512176,26.0,8.567696173589344,23.593987526458694,0.109,6.349138991379798,239.0,0.016,0.1,0.172,77.0,73.0,0.2,1,0.285,0.644,0.072,15.026737288833258,0.861,20.545334629648494,19.93800336967164,Upper-Middle,2.5717446403839976,1.0131301983929641,0.5543478260869564
0.023,41.0,9.91773556580133,26.0,9.038483865029992,23.716459138837983,0.031,5.575949103146316,239.0,0.013,0.1,0.092,75.0,71.0,0.1,1,0.369,0.607,0.024,14.621551507840401,0.715,20.103369119984794,20.370867451197412,Upper-Middle,0.7352102333039775,0.9879714605460193,0.6474464579901154
0.019,41.0,10.321012975136659,26.0,9.429716836721148,23.587662079676157,0.026,6.597145701886651,239.0,0.01,0.1,0.12,78.0,76.0,0.3,1,0.263,0.72,0.017,13.324175421280508,0.965,19.421312627936743,19.71814389409788,Upper-Middle,0.61327921407158,0.9895774867825977,0.38888888888888895
0.026,41.0,12.602211061615376,26.0,11.57738273280684,25.932819028212837,0.045,5.986452005284438,239.0,0.019,0.0,0.12,75.0,71.0,0.1,1,0.376,0.589,0.035,16.854857482939742,0.801,20.350025877585416,19.93800336967164,High,1.1669768562695777,1.001974045740357,0.6977928692699492
0.03,41.0,10.79521916290958,26.0,9.657523073436215,23.772530999909254,0.049,4.07753744390572,239.0,0.019,0.0,0.09,75.0,72.0,0.0,1,0.404,0.563,0.034,16.63097825768354,0.523,20.863027780191135,20.322788271841823,Upper-Middle,1.1648540189955534,1.012920083637123,0.7779751332149203
0.016,41.0,11.526986148618562,26.0,10.528516479019784,25.36101592234447,0.025,6.704414354964107,239.0,0.009,0.3,0.081,76.0,74.0,0.6,1,0.249,0.741,0.01,14.957215860435099,0.807,20.9055873945737,21.923531779642136,High,0.6340253980586118,0.9998672569533117,0.349527665317139
0.039,41.0,9.696032786103176,26.0,8.569026340056254,23.011147580133514,0.043,3.332204510175204,239.0,0.067,0.0,0.175,62.0,59.0,0.0,1,0.481,0.491,0.028,16.707547040548175,0.268,17.453096744006448,18.72816545105327,Lower-Middle,0.989479345945741,1.01327266134855,1.0366598778004075
0.02,41.0,9.051344640485725,26.0,9.57073837671504,23.436618790804065,0.061,5.267858159063328,239.0,0.02,0.1,0.12,75.0,69.0,0.0,1,0.2995,0.6425000000000001,0.052,10.97124536660834,0.885,20.350025877585416,19.93800336967164,Lower-Middle,1.429633746239048,0.8562641811686308,0.5470817120622568
0.013,41.0,12.69115267751774,26.0,11.568852009259235,26.659857709281713,0.082,7.398174092970465,239.0,0.005,0.5,0.087,82.0,77.0,0.6,1,0.206,0.669,0.125,16.781453554219386,0.874,23.27302345913213,22.809310529883998,High,2.1861083321611003,1.0097304565419665,0.49476831091180856
0.024,41.0,7.017506142941256,26.0,9.57073837671504,21.23014509223356,0.033,4.219507705176107,239.0,0.02,0.0,0.083,70.0,65.0,0.1,1,0.343,0.621,0.036,13.610576453743665,0.483,19.57125277471574,18.24632736871235,Low,0.7005947880437075,0.6638614913031283,0.6103059581320451
0.02,41.0,6.6039438246004725,26.0,9.57073837671504,23.436618790804065,0.061,5.267858159063328,239.0,0.02,0.1,0.12,76.0,70.0,0.3,1,0.31,0.645,0.044,12.393700930037427,0.56,20.350025877585416,19.93800336967164,Lower-Middle,1.429633746239048,0.6247381771501862,0.5488372093023255
0.021,41.0,9.051344640485725,26.0,9.57073837671504,23.436618790804065,0.061,5.267858159063328,239.0,0.02,0.3,0.12,78.0,73.0,0.2,1,0.303,0.641,0.055,11.960287189985124,0.932,20.350025877585416,19.93800336967164,Lower-Middle,1.429633746239048,0.8562641811686308,0.5585023400936037
0.028,41.0,3.295836866004329,26.0,9.57073837671504,17.96025150163441,0.088,4.219507705176107,239.0,0.053,0.0,0.12,68.0,62.0,0.0,1,0.394,0.572,0.034,11.34168627130638,0.435,14.978661680269907,19.93800336967164,Low,1.580502132143828,0.31178870846565615,0.7482517482517484
0.02,41.0,4.406719247264253,26.0,9.57073837671504,18.56176480324999,0.118,6.023447592961033,239.0,0.033,0.0,0.12,75.0,69.0,0.0,1,0.2995,0.6425000000000001,0.052,10.862550376254152,0.687,14.946912992035967,12.611541086966115,Low,2.1902882467834988,0.41687903817308214,0.5470817120622568
0.029,41.0,5.176149732573829,26.0,9.57073837671504,19.29636571209337,0.085,5.25227342804663,239.0,0.041,0.0,0.153,68.0,67.0,0.5,1,0.399,0.563,0.038,11.582180968632997,0.223,16.52356082573315,15.424948670398354,Low,1.6401910855279365,0.48966775527958606,0.7761989342806395
0.02,41.0,7.553810852008231,26.0,9.57073837671504,23.436618790804065,0.061,5.267858159063328,239.0,0.02,0.2,0.12,78.0,72.0,0.3,1,0.284,0.655,0.061,12.289149207947265,0.622,18.358805350872576,19.93800336967164,Lower-Middle,1.429633746239048,0.7145963302476182,0.5267175572519084
0.014,41.0,10.449033392780306,26.0,9.748061059204817,24.699307968562422,0.077,6.959398512133975,239.0,0.006,0.5,0.076,81.0,76.0,0.6,1,0.225,0.657,0.118,15.171474826975048,0.858,21.57341676674337,20.950401410326972,Upper-Middle,1.9018467135793065,0.9721784548136319,0.5220700152207001
0.035,41.0,8.080856419640986,26.0,9.57073837671504,21.848529685531137,0.045,3.258096538021482,239.0,0.058,0.0,0.162,61.0,57.0,0.0,1,0.402,0.573,0.025,15.52370216902591,0.132,15.46416937585933,17.453096744006448,Low,0.9831838358489011,0.76445524727405,0.7452006980802793
0.03,41.0,4.969813299576001,26.0,9.57073837671504,19.309905231499908,0.058,4.382026634673881,239.0,0.018,0.0,0.12,73.0,67.0,0.0,1,0.406,0.549,0.045,12.075781711230581,0.221,17.479072229734946,19.93800336967164,Low,1.1199745034269948,0.47014816964190337,0.8214936247723132
0.035,41.0,5.153291594497779,26.0,9.57073837671504,19.8081359160704,0.064,4.127134385045092,239.0,0.029,0.0,0.146,65.0,62.0,0.0,1,0.418,0.554,0.029,12.956379628817992,0.162,15.990262393084793,16.166885910365842,Low,1.2677206986285054,0.48750535779499776,0.8068592057761732
0.028,41.0,4.969813299576001,26.0,9.57073837671504,18.933761109875714,0.057,4.574710978503383,239.0,0.015,0.0,0.113,73.0,69.0,0.0,1,0.382,0.56,0.058,11.497862587293183,0.23,15.732433317205148,14.978661680269907,Low,1.0792243832629158,0.47014816964190337,0.7857142857142857
0.032,41.0,4.48863636973214,26.0,9.57073837671504,19.368186703495937,0.037,3.9318256327243257,239.0,0.019,0.0,0.088,70.0,66.0,0.0,1,0.411,0.556,0.033,12.151014377779969,0.22,17.87595358575207,15.894952224644102,Low,0.7166229080293496,0.42462846111295277,0.7985611510791365
0.02,41.0,5.846438775057725,26.0,9.57073837671504,20.47263746213414,0.044,6.063785208687608,239.0,0.013,0.1,0.116,76.0,71.0,0.3,1,0.291,0.639,0.07,11.276861300879848,0.317,19.421312627936743,17.281246492014,Low,0.9007960483339021,0.5530776154611976,0.5649452269170578
0.018,41.0,11.795341194549483,26.0,10.965366698148017,26.508592537590026,0.094,6.517671272912275,239.0,0.018,0.1,0.22649999999999998,78.0,70.0,0.2,1,0.276,0.624,0.1,17.433789473987552,0.893,21.737046190460667,22.310049059020287,High,2.4918076985334623,0.9857901970004103,0.6025641025641025
0.014,41.0,7.71333788887187,26.0,9.57073837671504,21.375727769365056,0.061,5.267858159063328,239.0,0.02,0.2,0.121,76.0,71.0,0.6,1,0.229,0.694,0.078,11.439225102040272,0.463,20.530893945511075,18.86536657162407,Low,1.3039193939312683,0.7296877109230723,0.4423631123919309
0.017,41.0,7.358830898342354,26.0,9.57073837671504,22.59762643076817,0.051,7.010311867307229,239.0,0.013,0.1,0.06,76.0,70.0,0.2,1,0.286,0.659,0.055,12.621507886275648,0.821,21.233090960979418,19.650321297950857,Lower-Middle,1.1524789479691766,0.6961510763100716,0.5174506828528073
0.013,41.0,7.108244139731541,26.0,9.57073837671504,21.858643905126144,0.067,6.455198563340122,239.0,0.015,0.1,0.096,76.0,71.0,0.2,1,0.217,0.669,0.115,12.49984985483797,0.337,20.375125796873945,18.819456870621142,Low,1.4645291416434516,0.6724453757543943,0.49626307922272045
0.029,41.0,6.568077911411976,26.0,9.57073837671504,20.58611734593027,0.045,5.081404364984463,239.0,0.021,0.1,0.155,74.0,67.0,0.2,1,0.397,0.56,0.042,12.409825404732452,0.474,18.525040768285617,17.622173069956816,Low,0.926375280566862,0.6213452341115522,0.7839285714285713
0.013,41.0,6.206575926724928,26.0,9.57073837671504,22.026309830786428,0.061,5.267858159063328,239.0,0.02,0.5,0.12,81.0,75.0,0.2,1,0.2995,0.6425000000000001,0.052,11.043001832524663,1.0,19.676296784279142,19.93800336967164,Low,1.3436048996779721,0.5871468676584238,0.5470817120622568
0.031,41.0,9.192685436737461,26.0,7.973844375944687,22.820241907913026,0.063,4.0943445622221,239.0,0.054,0.0,0.201,65.0,61.0,0.1,1,0.396,0.562,0.042,15.975271730509341,0.623,18.594634059479166,18.5517090151307,Lower-Middle,1.4376752401985207,1.0243865451221108,0.7793594306049821
0.02,41.0,12.729128178153793,26.0,12.158524959165415,27.039676048511676,0.073,5.43372200355424,239.0,0.027,0.0,0.22649999999999998,74.0,67.0,0.2,1,0.291,0.653,0.056,18.991480647284575,0.816,21.335202962623114,22.049013698463874,High,1.9738963515413523,0.9673674076430177,0.5313935681470138
0.011,41.0,13.172468866630554,26.0,12.420696002857804,27.320025300746597,0.093,7.674617497364363,239.0,0.005,0.6,0.058,82.0,77.0,0.3,1,0.189,0.685,0.127,17.2521362463294,0.798,23.263291786034355,23.406613425476582,High,2.5407623529694336,0.9815041532738397,0.46131386861313867
0.02,41.0,6.1224928095143865,26.0,9.57073837671504,23.436618790804065,0.061,5.267858159063328,239.0,0.02,0.1,0.12,75.0,69.0,0.4,1,0.2995,0.6425000000000001,0.052,10.676323531997442,1.0,20.187122406905534,19.93800336967164,Lower-Middle,1.429633746239048,0.5791925399460137,0.5470817120622568
0.016,41.0,10.873470698607058,26.0,10.114477547677767,25.00460120916623,0.077,5.855071922202427,239.0,0.009,0.2,0.119,80.0,74.0,0.3,1,0.273,0.654,0.074,16.565296895631555,0.864,20.89216437425282,20.6603260382375,Upper-Middle,1.9253542931057996,0.9783159534007008,0.5305810397553518
0.023,41.0,10.938005665774932,26.0,10.15459640413204,25.310308151105364,0.06,4.976733742420574,239.0,0.021,0.0,0.207,75.0,68.0,0.1,1,0.324,0.628,0.048,17.518259608013956,0.724,21.117332900776514,21.165384263345285,High,1.5186184890663217,0.9805828260826295,0.5923566878980892
0.02,41.0,8.659039915644474,26.0,7.969011781106478,23.520766839355193,0.071,5.676753802268282,239.0,0.011,0.1,0.22649999999999998,80.0,76.0,0.1,1,0.308,0.637,0.055,15.205171495800045,0.604,21.015188904402272,19.888555094368826,Upper-Middle,1.6699744455942185,0.9654396857728552,0.5698587127158555
0.013,41.0,10.144628180551992,26.0,9.44057869576626,24.179055565165896,0.063,5.187385805840755,239.0,0.006,0.0,0.12,79.0,75.0,0.0,1,0.213,0.687,0.101,16.22923139781819,0.756,21.333031409110784,19.93800336967164,Upper-Middle,1.5232805006054515,0.9716538207470935,0.4570596797671033
0.02,41.0,9.051344640485725,26.0,9.57073837671504,23.436618790804065,0.061,5.267858159063328,239.0,0.02,0.1,0.12,75.0,69.0,0.5,1,0.242,0.651,0.107,11.766838735555371,0.91,19.417629382534013,19.93800336967164,Lower-Middle,1.429633746239048,0.8562641811686308,0.5360983102918586
0.02,41.0,4.74493212836325,26.0,9.57073837671504,19.617477414310038,0.05,5.4680601411351315,239.0,0.013,0.1,0.111,75.0,69.0,0.1,1,0.2995,0.6425000000000001,0.052,11.151395899257666,0.654,17.6441519761925,16.012735246411598,Low,0.9808738707155019,0.44887423747193184,0.5470817120622568
0.025,41.0,9.915218475411827,26.0,8.894533135798554,23.937929098857303,0.062,5.159055299214529,239.0,0.032,0.0,0.22649999999999998,74.0,68.0,0.1,1,0.345,0.602,0.053,15.990182617184573,0.626,21.7521707135471,19.867599729241633,Upper-Middle,1.4841516041291527,1.0020905826813025,0.6611295681063123
0.025,41.0,10.062540482390729,26.0,9.0410929746695,23.920645220065115,0.04,4.356708826689592,239.0,0.027,0.0,0.162,77.0,71.0,0.1,1,0.342,0.606,0.052,16.363460079714027,0.608,19.897729470623826,19.95754796570217,Upper-Middle,0.9568258088026046,1.0021359734219506,0.6501650165016503
0.024,41.0,8.690978417187905,26.0,8.331345424845724,23.34885429582996,0.08,5.220355825078324,239.0,0.025,0.0,0.12,75.0,65.0,0.1,1,0.379,0.564,0.057,15.604817021031263,0.595,19.929192740008894,19.324898898640836,Lower-Middle,1.8679083436663968,0.9313746326491384,0.773049645390071
0.017,41.0,6.29156913955832,26.0,9.57073837671504,20.805924173186813,0.061,5.267858159063328,239.0,0.02,0.4,0.12,70.0,65.0,0.3,1,0.2995,0.6425000000000001,0.052,10.939355265539387,0.818,20.350025877585416,19.93800336967164,Low,1.2691613745643955,0.5951872911183984,0.5470817120622568
0.019,41.0,5.272999558563747,26.0,9.57073837671504,20.075626959230704,0.076,5.973809611869261,239.0,0.013,0.1,0.102,73.0,68.0,0.1,1,0.341,0.582,0.077,11.531256421654952,0.361,18.234351177809064,15.894952224644102,Low,1.5257476489015334,0.4988298234850821,0.7182130584192441
0.036,41.0,9.271247306879705,26.0,8.880307358983872,23.651940190928844,0.064,4.663439094112067,239.0,0.039,0.0,0.19,72.0,65.0,0.1,1,0.439,0.52,0.041,16.256028530312744,0.455,20.192237507563583,19.39900687050537,Upper-Middle,1.513724172219446,0.9383561634294335,0.923076923076923
0.022,41.0,7.3752557780097545,26.0,9.57073837671504,20.361264547466178,0.058,4.007333185232471,239.0,0.038,0.1,0.17,67.0,60.0,0.1,1,0.356,0.601,0.044,13.524700933148685,0.286,17.989897843244528,17.9426449591384,Low,1.1809533437530384,0.6977048825894494,0.6655574043261231
0.031,41.0,7.358830898342354,26.0,7.628031126930335,21.978306765205932,0.056,3.1780538303479458,239.0,0.073,0.0,0.22649999999999998,59.0,56.0,0.0,1,0.398,0.561,0.04,15.981158235847715,0.373,18.46947091764561,18.939474543319914,Low,1.2307851788515323,0.8528980470844065,0.7807486631016042
0.031,41.0,8.65067458279072,26.0,8.078688229229872,22.746998768562722,0.069,4.430816798843313,239.0,0.03,0.0,0.22649999999999998,73.0,68.0,0.0,1,0.419,0.541,0.04,15.666331231429725,0.46,19.376192192825954,19.138520541980732,Lower-Middle,1.569542915030828,0.9528551222784462,0.8484288354898335
0.019,41.0,9.271247306879705,26.0,8.253748343328501,22.9320363835287,0.051,5.187385805840755,239.0,0.02,0.0,0.206,74.0,68.0,0.2,1,0.324,0.601,0.075,14.773157029891191,0.521,21.12472292432638,19.240460579850964,Lower-Middle,1.1695338555599637,1.0018910135549361,0.6638935108153079
0.024,41.0,12.886137119466321,26.0,11.893435092607954,27.309028541030738,0.054,5.924255797414532,239.0,0.02,0.1,0.128,77.0,72.0,0.2,1,0.337,0.613,0.05,18.4727026138643,0.75,22.941381773422822,22.623132047649907,High,1.47468754121566,0.9994339775948602,0.6313213703099511
0.027,41.0,8.285261134068948,26.0,7.841885928984623,22.395330425794583,0.053,4.007333185232471,239.0,0.031,0.0,0.186,73.0,67.0,0.0,1,0.403,0.559,0.038,15.459675641156805,0.55,18.72078534381011,18.667540829696392,Lower-Middle,1.1869525125671128,0.937046824694831,0.7889087656529516
0.024,41.0,8.854950316500325,26.0,7.943427767876373,23.192000759819237,0.077,5.683579767338681,239.0,0.021,0.1,0.11,78.0,73.0,0.2,1,0.318,0.625,0.056,14.952192256264395,0.625,20.315297600123888,19.240460579850964,Lower-Middle,1.7857840585060811,0.990106986529947,0.5984
0.028,41.0,8.248529124800218,26.0,8.273846932784508,22.759616546223114,0.076,4.68213122712422,239.0,0.027,0.0,0.22649999999999998,73.0,68.0,0.2,1,0.377,0.578,0.045,15.513073260646683,0.56,18.326370075470134,18.683045016112164,Lower-Middle,1.7297308575129566,0.8894398607810066,0.7301038062283738
0.024,41.0,10.209721470382435,26.0,9.375515769935166,24.66086113018111,0.047,4.574710978503383,239.0,0.028,0.1,0.22649999999999998,74.0,68.0,0.1,1,0.337,0.614,0.049,17.08782701204547,0.734,20.452768590559348,20.465789607845355,Upper-Middle,1.1590604731185121,0.9840206209282484,0.6286644951140066
0.015,41.0,9.051344640485725,26.0,9.57073837671504,24.96701605344686,0.061,5.267858159063328,239.0,0.02,0.2,0.12,81.0,73.0,0.4,1,0.233,0.652,0.115,15.155440248525458,0.943,21.726834577294195,21.098958787407717,Upper-Middle,1.5229879792602583,0.8562641811686308,0.5337423312883436
0.02,41.0,9.051344640485725,26.0,9.57073837671504,23.436618790804065,0.061,5.267858159063328,239.0,0.02,0.1,0.12,75.0,69.0,0.5,1,0.2995,0.6425000000000001,0.052,10.347852809601848,1.0,19.997595466747022,18.73549149109167,Lower-Middle,1.429633746239048,0.8562641811686308,0.5470817120622568
0.017,41.0,5.214935757608986,26.0,9.57073837671504,19.93779633508402,0.038,5.937536205082426,239.0,0.013,0.1,0.111,75.0,69.0,0.0,1,0.2995,0.6425000000000001,0.052,10.741059699698878,0.326,17.9426449591384,15.894952224644102,Low,0.7576362607331927,0.4933369431501887,0.5470817120622568
0.019,41.0,5.8971538676367405,26.0,9.57073837671504,20.378364874002475,0.062,5.631211781821365,239.0,0.015,0.1,0.13,74.0,70.0,0.0,1,0.315,0.61,0.075,11.974462100174584,0.275,19.26654901582182,17.281246492014,Low,1.2634586221881534,0.5578753023182226,0.639344262295082
0.017,41.0,9.051344640485725,26.0,9.57073837671504,23.436618790804065,0.061,5.267858159063328,239.0,0.02,0.1,0.12,81.0,74.0,0.5,1,0.2995,0.6425000000000001,0.052,10.232179601838379,0.56,20.350025877585416,19.93800336967164,Lower-Middle,1.429633746239048,0.8562641811686308,0.5470817120622568
0.019,41.0,5.198497031265826,26.0,9.57073837671504,19.881660262051337,0.036,4.983606621708336,239.0,0.019,0.1,0.116,73.0,68.0,0.1,1,0.308,0.622,0.07,11.589793909226806,0.455,18.30414693893237,16.300417291085605,Low,0.7157397694338481,0.49178182696460887,0.6077170418006431
0.022,41.0,7.726212650507529,26.0,9.57073837671504,20.453378589268354,0.084,4.919980925828125,239.0,0.029,0.0,0.22649999999999998,72.0,65.0,0.2,1,0.304,0.638,0.058,13.067512182240144,0.665,17.073607134447293,17.9426449591384,Low,1.7180838014985418,0.7309056732996664,0.567398119122257
0.015,41.0,10.127630604183421,26.0,9.372714290960442,22.900840066518,0.044,5.723585101952381,239.0,0.025,0.2,0.157,72.0,65.0,0.2,1,0.246,0.687,0.067,14.05637457037034,0.106,19.704388519067237,18.963005040591682,Lower-Middle,1.007636962926792,0.9763722705646481,0.4556040756914119
0.02,41.0,2.772588722239781,26.0,9.57073837671504,23.436618790804065,0.061,5.267858159063328,239.0,0.02,0.1,0.12,75.0,69.0,0.5,1,0.2995,0.6425000000000001,0.052,9.912794111856428,0.854,19.555303473358943,19.93800336967164,Lower-Middle,1.429633746239048,0.26228903066479925,0.5470817120622568
0.014,41.0,15.538528195620792,26.0,14.617878892319206,29.994259065634633,0.118,8.54461378699223,239.0,0.007,0.5,0.069,79.0,74.0,0.4,1,0.212,0.665,0.123,19.467890805984233,0.792,25.41555822712507,25.173067935712485,High,3.5393225697448867,0.9949192398503334,0.5037593984962405
0.016,41.0,8.535229553902337,26.0,7.905810312658931,23.762957023949753,0.112,6.556778356158042,239.0,0.014,0.1,0.22649999999999998,79.0,71.0,0.2,1,0.244,0.624,0.132,15.017510317116097,0.923,20.36659089443625,19.638556456405873,Upper-Middle,2.6614511866823722,0.9583888780754916,0.6025641025641025
0.023,41.0,12.058303228733415,26.0,10.965988954191879,25.534716057883685,0.06,5.69035945432406,239.0,0.018,0.0,0.225,76.0,70.0,0.3,1,0.332,0.621,0.046,17.029190588038226,0.883,20.333181832353652,21.264426661090546,High,1.532082963473021,1.0077147216911977,0.6086956521739131
0.013,41.0,9.051344640485725,26.0,9.57073837671504,23.436618790804065,0.061,5.267858159063328,239.0,0.02,0.2,0.12,81.0,75.0,0.4,1,0.253,0.658,0.089,11.5934634345967,0.928,20.93352676323998,19.93800336967164,Lower-Middle,1.429633746239048,0.8562641811686308,0.519756838905775
0.019,41.0,11.417020108083157,26.0,10.26722748059698,24.762102780187238,0.037,4.189654742026425,239.0,0.032,0.0,0.086,71.0,68.0,0.0,1,0.318,0.641,0.041,17.298993606907416,0.615,18.525040768285617,19.328939308161516,Upper-Middle,0.9161978028669278,1.0132945418688077,0.5600624024960998
0.05,41.0,9.446755465483632,26.0,9.024613022047395,23.248782142232333,0.044,3.5263605246161616,239.0,0.1075,0.0,0.22649999999999998,48.0,45.0,0.0,1,0.477,0.499,0.025,16.51597035805375,0.339,17.747336210296442,17.76675429577647,Lower-Middle,1.0229464142582225,0.942356123344326,1.006012024048096
0.042,41.0,7.628031126930335,26.0,7.724446645633537,21.755616302489123,0.043,2.833213344056216,239.0,0.085,0.0,0.12,58.0,54.0,0.0,1,0.451,0.52,0.028,15.818981143212323,0.39,18.36938746009113,17.707330876483063,Low,0.9354915010070323,0.8743283599250453,0.9211538461538462
0.026,41.0,8.408716715080153,26.0,7.558516743045645,22.416834676454595,0.057,5.267858159063328,239.0,0.054,0.0,0.162,49.0,48.0,0.2,1,0.372,0.598,0.03,14.408272050089861,0.544,19.596254076843024,19.098714291778403,Lower-Middle,1.277759576557912,0.9824969638474783,0.6722408026755854
0.046,41.0,6.913737350659685,26.0,9.57073837671504,21.888162707126078,0.05,2.6390573296152584,239.0,0.094,0.0,0.12,52.0,50.0,0.0,1,0.467,0.507,0.027,16.32481709457581,0.193,17.426428497635523,17.399029524198163,Low,1.094408135356304,0.6540448835522307,0.9743589743589745
0.043,41.0,5.3981627015177525,26.0,9.57073837671504,20.531371993651515,0.071,1.9459101490553132,239.0,0.086,0.0,0.195,50.0,48.0,0.0,1,0.476,0.495,0.028,15.766795948773845,0.087,14.285514812209815,16.454567959008102,Low,1.4577274115492573,0.5106703533036718,1.0181818181818183
0.041,41.0,8.137103389639302,26.0,8.782476268924539,23.110171703993856,0.048,3.4657359027997265,239.0,0.087,0.0,0.18,53.0,51.0,0.0,1,0.449,0.518,0.034,16.635820122852962,0.467,18.635792131633828,19.138520541980732,Lower-Middle,1.1092882417917052,0.8318040510343988,0.9324324324324323
0.039,41.0,5.5093883366279774,26.0,9.57073837671504,20.714616404218233,0.042,2.4849066497880004,239.0,0.1075,0.0,0.18,46.0,42.0,0.0,1,0.422,0.539,0.04,15.14185558483475,0.378,14.914123179965662,17.182806422433504,Low,0.8700138889771658,0.5211923841350498,0.857142857142857
0.051,41.0,5.135798437050262,26.0,9.57073837671504,21.41020492209737,0.08,2.9444389791664403,239.0,0.104,0.0,0.18,48.0,46.0,0.0,1,0.491,0.481,0.028,16.008276878693483,0.217,17.034386422832473,18.197537205138154,Low,1.7128163937677898,0.4858504916140268,1.0790020790020791
0.039,41.0,4.532599493153256,26.0,9.57073837671504,19.34161038741898,0.034,2.772588722239781,239.0,0.072,0.0,0.12,60.0,57.0,0.5,1,0.413,0.556,0.031,13.228575730145906,0.28,16.213405921671733,19.93800336967164,Low,0.6576147531722454,0.42878740648217667,0.7985611510791365
0.047,41.0,7.3427791893318455,26.0,9.78931050747373,22.889806401806087,0.042,1.791759469228055,239.0,0.1075,0.0,0.12,48.0,46.0,0.0,1,0.464,0.508,0.028,17.71782581531367,0.361,20.350025877585416,19.93800336967164,Lower-Middle,0.9613718688758557,0.6805605589203796,0.9685039370078741
0.039,41.0,6.5638555265321274,26.0,6.76849321164863,21.828520590185335,0.025,3.1780538303479458,239.0,0.073,0.0,0.18,54.0,52.0,0.1,1,0.42,0.545,0.036,15.004487484043695,0.596,17.05810294851229,18.258161826219297,Low,0.5457130147546334,0.8449329036794184,0.8366972477064218
0.038,41.0,8.893847217670283,26.0,8.846065190692881,23.164452570382124,0.047,3.5263605246161616,239.0,0.096,0.0,0.12,47.0,46.0,0.1,1,0.422,0.549,0.029,16.629420430125524,0.449,17.840862266556567,20.00991595110976,Lower-Middle,1.08872927080796,0.9032894913266779,0.8214936247723132
0.029,41.0,5.993961427306569,26.0,9.57073837671504,20.19753305320633,0.054,3.7612001156935624,239.0,0.076,0.0,0.113,59.0,56.0,0.0,1,0.398,0.57,0.032,13.520380820377335,0.766,16.001561947061912,15.856731016694035,Low,1.090666784873142,0.5670333720972528,0.7543859649122808
0.024,41.0,11.753476620939471,26.0,10.761364965859624,25.198904398550077,0.061,4.31748811353631,239.0,0.031,0.0,0.138,71.0,67.0,0.1,1,0.342,0.604,0.054,18.039463002986064,0.429,22.142269372717962,20.992529324638117,Upper-Middle,1.5371331683115548,0.9993293002178701,0.6556291390728477
0.039,41.0,8.513385953073284,26.0,9.57073837671504,21.314791466533556,0.018,4.276666119016055,239.0,0.094,0.0,0.18,49.0,47.0,0.1,1,0.419,0.546,0.035,13.220215777571834,0.388,20.350025877585416,19.93800336967164,Low,0.383666246397604,0.8053728745975172,0.8315018315018313
0.04,41.0,6.406879986069314,26.0,6.618738983517219,20.407625022739953,0.04,1.9459101490553132,239.0,0.054,0.0,0.12,59.0,55.0,0.5,1,0.454,0.527,0.019,15.269831957637946,0.18,18.105970012811294,19.93800336967164,Low,0.8163050009095981,0.8409370631977674,0.8975332068311196
0.042,41.0,8.407824654360873,26.0,10.198691266386755,22.765399360924228,0.047,1.791759469228055,239.0,0.083,0.0,0.087,55.0,53.0,0.0,1,0.465,0.504,0.031,18.0632675990389,0.151,19.380030969118383,17.822843761378564,Lower-Middle,1.0699737699634386,0.7507863601523902,0.9841269841269841
0.033,41.0,7.483806687665835,26.0,7.367708572374371,22.318909816417435,0.037,4.962844630259907,239.0,0.054,0.0,0.18,61.0,58.0,0.2,1,0.402,0.54,0.058,14.066517494530004,0.816,18.15931599280497,19.27083167759548,Lower-Middle,0.825799663207445,0.8943675108826445,0.8518518518518519
0.045,41.0,5.755742213586912,26.0,9.57073837671504,20.175491456245606,0.038,2.8903717578961645,239.0,0.061,0.0,0.22649999999999998,57.0,55.0,0.1,1,0.459,0.515,0.026,14.082990943506179,0.497,20.350025877585416,19.93800336967164,Low,0.766668675337333,0.5444976508230984,0.941747572815534
0.034,41.0,8.914357274485015,26.0,9.019785010255125,22.542348146599615,0.048,2.772588722239781,239.0,0.062,0.0,0.12,58.0,57.0,0.0,1,0.409,0.559,0.032,16.80050074130636,0.453,19.763545549755886,19.030446321008043,Lower-Middle,1.0820327110367816,0.8896755035523498,0.7889087656529515
0.041,41.0,7.1891677384203225,26.0,9.57073837671504,21.804947962440295,0.061,3.044522437723423,239.0,0.095,0.0,0.12,51.0,51.0,0.0,1,0.439,0.527,0.034,16.01780548156444,0.317,20.350025877585416,17.453096744006448,Low,1.330101825708858,0.6801008105787996,0.8975332068311195
0.041,41.0,5.043425116919247,26.0,9.57073837671504,19.823511925027994,0.058,2.8903717578961645,239.0,0.104,0.0,0.12,53.0,51.0,0.5,1,0.433,0.537,0.03,14.101328393806305,0.383,14.648420115681892,16.13789837629371,Low,1.1497636916516236,0.47711190431396716,0.8621973929236498
0.039,41.0,8.983314293397749,26.0,9.578795654450447,23.29951548608339,0.045,2.9444389791664403,239.0,0.066,0.0,0.185,54.0,52.0,0.0,1,0.435,0.538,0.028,17.312034028395114,0.206,20.055786405084362,18.65179247285226,Lower-Middle,1.0484781968737524,0.8491811910194629,0.8605947955390334
0.03,41.0,9.051344640485725,26.0,9.57073837671504,20.302894181258665,0.069,3.2188758248682006,239.0,0.082,0.0,0.171,45.0,44.0,0.1,1,0.407,0.547,0.046,14.44969723130071,0.206,16.454567959008102,18.915376991886035,Low,1.400899698506848,0.8562641811686308,0.8281535648994515
0.042,41.0,6.220590170099739,26.0,9.57073837671504,20.09964472090075,0.054,2.302585092994046,239.0,0.104,0.0,0.202,54.0,52.0,0.0,1,0.432,0.537,0.031,14.93740763944107,0.45,20.350025877585416,19.93800336967164,Low,1.0853808149286404,0.5884726258860309,0.8621973929236498
0.023,41.0,10.775471056848307,26.0,9.738141099948136,23.7110929310417,0.049,5.225746673713202,239.0,0.023,0.0,0.07,74.0,71.0,0.0,1,0.32,0.64,0.041,15.490809241977411,0.765,19.123778260315973,20.298617910950526,Upper-Middle,1.1618435536210434,1.0034763891210512,0.5640625
0.04,41.0,7.1204443723924875,26.0,9.57073837671504,22.20424625496462,0.052,2.70805020110221,239.0,0.064,0.0,0.22649999999999998,61.0,59.0,0.0,1,0.454,0.517,0.03,16.6330744383882,0.277,18.50685844936773,19.07300593520039,Lower-Middle,1.1546208052581601,0.6735995271699492,0.9361702127659574
0.044,41.0,6.785587645007929,26.0,9.57073837671504,21.703529534061545,0.048,2.4849066497880004,239.0,0.09,0.0,0.22649999999999998,47.0,47.0,0.0,1,0.461,0.509,0.03,16.29429676600203,0.148,17.622173069956816,18.26985786584569,Low,1.0417694176349541,0.6419218225999286,0.9646365422396856
0.048,41.0,6.318968113746434,26.0,9.57073837671504,21.930081873753384,0.063,2.995732273553991,239.0,0.1075,0.0,0.12,50.0,50.0,0.0,1,0.461,0.506,0.033,16.20268153047239,0.298,18.46947091764561,17.9426449591384,Low,1.3815951580464632,0.5977792551999679,0.9762845849802372
0.038,41.0,7.268920128193722,26.0,9.57073837671504,21.004243835227562,0.06,3.2188758248682006,239.0,0.076,0.0,0.21,61.0,58.0,0.1,1,0.423,0.545,0.032,14.872408787674269,0.508,20.350025877585416,19.93800336967164,Low,1.2602546301136537,0.6876454481368603,0.8348623853211008
0.017,41.0,8.000349495324684,26.0,9.57073837671504,22.285046605441174,0.042,5.1298987149230735,239.0,0.014,0.1,0.21,76.0,69.0,0.3,1,0.252,0.685,0.064,14.006293714238183,0.423,20.535730714305842,19.222682333908697,Lower-Middle,0.9359719574285293,0.7568392301665186,0.46131386861313867
0.021,41.0,10.552029549665953,26.0,9.312896960301275,24.422494420872738,0.053,4.30406509320417,239.0,0.04,0.0,0.131,70.0,67.0,0.2,1,0.327,0.625,0.048,17.193488577935483,0.54,21.872888046839023,20.32129461958727,Upper-Middle,1.294392204306255,1.0231877221584973,0.6
0.045,41.0,7.370860166536716,26.0,8.941937914256359,22.158667665699188,0.064,2.70805020110221,239.0,0.104,0.0,0.22649999999999998,49.0,46.0,0.0,1,0.441,0.527,0.032,16.77664595195127,0.295,17.989897843244528,18.560442695023177,Lower-Middle,1.418154730604748,0.7413906856094107,0.8975332068311195
0.031,41.0,7.473637108496206,26.0,6.918695219020472,21.935574696219618,0.062,4.672828834461906,239.0,0.049,0.0,0.138,56.0,52.0,0.1,1,0.402,0.565,0.033,14.4875893504908,0.338,19.34096350108012,17.989897843244528,Low,1.3600056311656163,0.9437965348817505,0.769911504424779
0.052,41.0,6.703188113240863,26.0,9.57073837671504,21.498214868825162,0.07,2.5649493574615367,239.0,0.094,0.0,0.12,52.0,52.0,0.0,1,0.483,0.491,0.025,16.285074948209594,0.164,16.811242881518265,17.182806422433504,Low,1.5048750408177616,0.6341267633684398,1.034623217922607
0.043,41.0,11.494007646115584,26.0,11.486478814955245,24.802782139432914,0.039,2.9444389791664403,239.0,0.106,0.0,0.22649999999999998,48.0,47.0,0.0,1,0.434,0.538,0.028,18.677062858680767,0.365,19.360688006350088,20.628955158574072,Upper-Middle,0.9673085034378837,0.9205163294193907,0.8587360594795539
0.04,41.0,6.536691597591305,26.0,9.57073837671504,21.240538834060693,0.042,2.1972245773362196,239.0,0.092,0.0,0.164,51.0,50.0,0.0,1,0.459,0.513,0.029,16.011347951383396,0.168,17.249497794707484,16.993564429978885,Low,0.8921026310305492,0.6183760646266837,0.9512670565302145
0.037,41.0,4.0943445622221,26.0,9.57073837671504,18.253657237003516,0.106,4.0943445622221,239.0,0.054,0.1,0.22649999999999998,66.0,62.0,0.0,1,0.429,0.53,0.04,11.880674860177207,0.553,15.747032114495013,14.403297778421795,Low,1.9348876671223727,0.38732815214129424,0.8849056603773584
0.04,41.0,8.422442854870427,26.0,7.87587915949631,22.39734145528661,0.051,3.295836866004329,239.0,0.065,0.0,0.12,60.0,57.0,0.1,1,0.447,0.521,0.032,16.15635927162929,0.406,19.162618093443648,18.53400943818794,Lower-Middle,1.142264414219617,0.9489136460199831,0.9193857965451055
0.018,41.0,6.298949246855942,26.0,9.57073837671504,20.363849060475005,0.044,5.918893854273146,239.0,0.012,0.1,0.106,77.0,69.0,0.5,1,0.267,0.654,0.079,11.3350062038375,0.505,19.324898898640836,17.78580249038432,Low,0.8960093586609001,0.5958854549584834,0.5290519877675841
0.043,41.0,6.413458957167357,26.0,9.57073837671504,20.937573901250055,0.118,3.8066624897703196,239.0,0.1075,0.0,0.222,40.0,39.0,0.0,1,0.428,0.548,0.024,15.318041871280341,0.361,17.453096744006448,17.479072229734946,Low,2.4706337203475064,0.6067181618357678,0.8248175182481752
0.048,41.0,6.35088571671474,26.0,9.57073837671504,23.436618790804065,0.061,5.267858159063328,239.0,0.105,0.0,0.12,53.0,50.0,0.0,1,0.475,0.496,0.029,15.872952498266757,0.34,20.350025877585416,19.93800336967164,Lower-Middle,1.429633746239048,0.6007986850478026,1.0161290322580645
0.024,41.0,12.759060804889597,26.0,11.607408029668358,25.43370425751356,0.085,5.327876168789581,239.0,0.053,0.1,0.158,55.0,52.0,0.3,1,0.32,0.643,0.037,17.63998539508338,0.579,22.03024639161721,21.534640399315254,High,2.161864861888653,1.012028862305746,0.5552099533437014
0.041,41.0,9.051344640485725,26.0,9.57073837671504,23.436618790804065,0.061,5.267858159063328,239.0,0.1,0.1,0.12,51.0,49.0,0.5,1,0.445,0.524,0.031,15.787759490059996,0.168,20.350025877585416,19.93800336967164,Lower-Middle,1.429633746239048,0.8562641811686308,0.9083969465648855
0.039,41.0,9.002085433155724,26.0,9.629445365788381,23.418124297455748,0.036,2.9444389791664403,239.0,0.066,0.0,0.12,61.0,57.0,0.0,1,0.435,0.535,0.03,17.189214364667507,0.326,18.497641794347754,18.326370075470134,Lower-Middle,0.8430524747084068,0.8469007670079918,0.8691588785046728
0.032,41.0,7.027314514039777,26.0,9.57073837671504,20.925570295635776,0.052,4.07753744390572,239.0,0.082,0.0,0.153,47.0,46.0,0.1,1,0.435,0.535,0.03,13.894491779383639,0.224,17.622173069956816,17.11134746100564,Low,1.0881296553730604,0.6647893707708603,0.8691588785046728
0.042,41.0,8.186185994226083,26.0,9.61025678115393,23.10333036168895,0.034,2.3978952727983707,239.0,0.071,0.0,0.164,52.0,51.0,0.0,1,0.447,0.524,0.029,17.393639943280164,0.23,20.275415013906755,19.704388519067237,Lower-Middle,0.7855132322974244,0.7715351440661161,0.9083969465648856
0.039,41.0,7.117205503164344,26.0,7.688455356549944,21.111673083440316,0.05,2.70805020110221,239.0,0.073,0.0,0.12,55.0,53.0,0.0,1,0.436,0.536,0.028,15.449382512977035,0.338,16.588099342704055,17.073607134447293,Low,1.0555836541720158,0.8191565947103491,0.8656716417910447
0.017,41.0,9.953086913027413,26.0,8.963800242855577,23.864904497012652,0.053,4.859812404361672,239.0,0.023,0.1,0.12,75.0,71.0,0.1,1,0.281,0.656,0.064,16.096044399400498,0.642,21.328128103184934,19.529243366773972,Upper-Middle,1.2648399383416706,0.9989247747278107,0.5259146341463414
0.048,41.0,7.419979923661835,26.0,9.57073837671504,22.54435163285197,0.075,2.9444389791664403,239.0,0.081,0.0,0.191,50.0,50.0,0.0,1,0.494,0.48,0.026,17.071429418874903,0.123,19.083368722182243,19.93800336967164,Lower-Middle,1.6908263724638977,0.7019358212484363,1.0833333333333335
0.045,41.0,7.585788821732034,26.0,8.799963219506997,22.03464376904553,0.067,3.2188758248682006,239.0,0.091,0.0,0.22649999999999998,44.0,43.0,0.0,1,0.461,0.511,0.027,16.178760177860887,0.354,17.974393656948944,18.50685844936773,Low,1.4763211325260506,0.7740629889949372,0.9549902152641879
0.032,41.0,9.387062950369655,26.0,9.179159254492609,22.570478359630314,0.061,5.267858159063328,239.0,0.059,0.0,0.22649999999999998,43.0,43.0,0.0,1,0.417,0.548,0.035,16.352449966168898,0.346,18.1462439114085,19.93800336967164,Lower-Middle,1.376799179937449,0.9221845061738907,0.8248175182481751
0.048,41.0,5.886104031450156,26.0,9.57073837671504,22.14125701506632,0.089,2.70805020110221,239.0,0.091,0.0,0.12,57.0,55.0,0.0,1,0.495,0.485,0.02,16.915729280290904,0.219,20.350025877585416,19.93800336967164,Lower-Middle,1.9705718743409024,0.5568299792960462,1.0618556701030928
0.013,41.0,8.021256180143997,26.0,7.537430036586509,21.588825242394176,0.054,3.7612001156935624,239.0,0.024,0.0,0.211,76.0,69.0,0.0,1,0.241,0.651,0.108,14.929669042542352,0.643,18.20995972498239,18.258161826219297,Low,1.1657965630892855,0.9395399020278364,0.5360983102918586
0.014,41.0,10.296070034813278,26.0,9.355306142226368,22.55360878941681,0.045,3.5553480614894135,239.0,0.053,0.1,0.174,70.0,65.0,0.1,1,0.291,0.649,0.06,15.916218238817484,0.518,17.958645300228824,18.5159909328476,Lower-Middle,1.0149123955237564,0.994279637260405,0.5408320493066255
0.026,41.0,10.425490476892245,26.0,9.94063881816692,24.585491903089093,0.031,2.4849066497880004,239.0,0.059,0.0,0.16,67.0,66.0,0.0,1,0.359,0.6,0.041,18.735537322157864,0.248,17.893048018819147,19.548851838098265,Upper-Middle,0.7621502489957619,0.9529142356459778,0.6666666666666666
0.026,41.0,6.037870919922137,26.0,9.57073837671504,20.101602007519517,0.079,4.276666119016055,239.0,0.053,0.0,0.153,62.0,62.0,0.5,1,0.38,0.581,0.039,13.3021082841515,0.276,15.894952224644102,19.93800336967164,Low,1.5880265585940418,0.5711872439509249,0.7211703958691911
0.022,41.0,8.579604451537634,26.0,7.67693714581808,22.488566523252256,0.031,6.267200548541362,239.0,0.008,0.2,0.055,78.0,75.0,0.4,1,0.298,0.673,0.029,12.75537255009196,0.721,18.542898385526172,19.801962565761276,Lower-Middle,0.6971455622208199,0.9887825977479442,0.48588410104011887
0.027,41.0,7.700295203420117,26.0,8.292798858200374,22.178159557904365,0.064,3.1354942159291497,239.0,0.069,0.0,0.12,67.0,61.0,0.0,1,0.388,0.572,0.04,16.357847478154397,0.188,20.047958576479434,17.974393656948944,Lower-Middle,1.4194022117058793,0.8286303535586631,0.7482517482517483
0.013,41.0,15.122286219927515,26.0,14.041715019908182,28.0052208896771,0.048,4.007333185232471,239.0,0.026,0.0,0.053,74.0,72.0,0.2,1,0.236,0.692,0.072,20.970438366840987,0.384,23.802511710774215,23.542201264408817,High,1.344250602704501,1.0053565168541416,0.44508670520231214
0.012,41.0,8.128290171607052,26.0,7.841885928984623,21.94579892718194,0.087,4.174387269895637,239.0,0.028,0.0,0.22649999999999998,76.0,69.0,0.1,1,0.205,0.661,0.134,15.287294534615274,0.523,18.78532386448472,19.05725757831492,Low,1.9092845066648287,0.9192937159437524,0.51285930408472
0.007,41.0,10.51740211387893,26.0,9.487669032348473,25.837355203019026,0.061,5.267858159063328,239.0,0.02,0.4,0.05,85.0,79.0,0.9,1,0.161,0.724,0.115,15.724178754826893,1.0,23.01063576423551,23.24241286996964,High,1.5760786673841605,1.0028350514722335,0.3812154696132597
0.025,41.0,14.019913190170648,26.0,13.076405299091176,26.984697523064927,0.044,3.091042453358316,239.0,0.062,0.0,0.119,64.0,62.0,0.0,1,0.334,0.621,0.045,20.797171961015895,0.282,21.917188305721876,22.193441682276887,High,1.1873266910148568,0.9959867517508767,0.6103059581320451
0.021,41.0,12.633749242003557,26.0,12.01297321556434,25.99964741891368,0.022,3.044522437723423,239.0,0.038,0.0,0.189,70.0,66.0,0.1,1,0.302,0.651,0.048,19.186326644657175,0.436,22.48060637947651,22.341068665910473,High,0.5719922432161009,0.970858007061199,0.5376344086021505
0.009,41.0,14.011695571417382,26.0,13.14293237762841,29.012508827635887,0.079,7.806289289267033,239.0,0.003,0.5,0.020500000000000018,85.0,78.0,0.6,1,0.142,0.675,0.182,18.663195464792352,0.816,22.5264596839649,24.277956539594264,High,2.291988197383235,0.9907206792264226,0.4799999999999999
0.015,41.0,11.931287054813414,26.0,10.58860256139881,23.927498921521014,0.036,4.127134385045092,239.0,0.034,0.0,0.12,72.0,61.0,0.1,1,0.263,0.665,0.071,16.51411286796932,0.553,20.337603357605015,20.57592525020645,Upper-Middle,0.8613899611747564,1.0295708211235126,0.5022556390977444
0.017,41.0,11.239934941261437,26.0,9.881599752778099,23.436618790804065,0.061,5.267858159063328,239.0,0.034,0.1,0.12,70.0,63.0,0.5,1,0.256,0.68,0.065,16.96173224565604,0.596,20.350025877585416,19.93800336967164,Lower-Middle,1.429633746239048,1.0329303775753977,0.47205882352941175
0.01,41.0,13.051153049176419,26.0,12.199390368766252,27.13511703434893,0.048,6.366470447731438,239.0,0.006,0.6,0.068,80.0,73.0,0.7,1,0.203,0.716,0.081,17.67880917705958,0.803,22.754173431761608,23.160381822985475,High,1.3024856176487487,0.9887693813541111,0.3966480446927375
0.019,41.0,8.486527777105353,26.0,7.792761720816526,21.196788662799314,0.054,2.8903717578961645,239.0,0.039,0.0,0.22649999999999998,72.0,64.0,0.0,1,0.335,0.609,0.056,15.423086938823099,0.353,17.6867115897055,17.11134746100564,Low,1.144626587791163,0.9651720411135246,0.6420361247947455
0.029,41.0,7.071573364211532,26.0,9.57073837671504,21.287543116940334,0.04,2.6390573296152584,239.0,0.078,0.0,0.22649999999999998,64.0,62.0,0.0,1,0.425,0.539,0.037,15.528451542074693,0.24,18.5159909328476,15.201805169084134,Low,0.8515017246776134,0.6689762921186866,0.857142857142857
0.008,41.0,7.330405211844402,26.0,9.57073837671504,22.67032195997979,0.061,5.267858159063328,239.0,0.02,0.3,0.061,80.0,76.0,0.6,1,0.208,0.718,0.074,13.003919873686925,1.0,22.211213852018638,20.053835184956906,Lower-Middle,1.3828896395587673,0.6934619844524424,0.3927576601671309
0.021,41.0,11.813992557032131,26.0,10.839776970916972,25.33685574059077,0.033,4.9344739331306915,239.0,0.008,0.3,0.065,75.0,71.0,0.4,1,0.321,0.639,0.04,17.01065894031558,0.639,22.813152636611488,21.926238141239065,High,0.8361162394394954,0.9978222213181737,0.5649452269170578
0.022,41.0,6.536691597591305,26.0,9.57073837671504,20.534814591537664,0.052,5.030437921392435,239.0,0.028,0.1,0.135,73.0,70.0,0.1,1,0.385,0.574,0.041,12.552297173594065,0.3,19.635593491283995,17.909855136853043,Low,1.0678103587599586,0.6183760646266837,0.7421602787456446
0.019,41.0,9.022563964499264,26.0,7.8582541821860294,21.057274880253413,0.048,3.367295829986474,239.0,0.044,0.0,0.22649999999999998,67.0,61.0,0.1,1,0.323,0.64,0.037,14.70883231093768,0.593,18.778355195217188,18.643824303266577,Low,1.0107491942521638,1.0185487770991783,0.5625
0.02,41.0,9.127936545721367,26.0,9.470317173335742,23.436618790804065,0.024,1.3862943611198906,239.0,0.056,0.0,0.15,65.0,61.0,0.0,1,0.296,0.656,0.048,17.712649625087746,0.277,18.72816545105327,17.341871111992198,Lower-Middle,0.5624788509792976,0.8717917895521874,0.5243902439024389
0.031,41.0,7.905072849498666,26.0,9.044049632254756,22.523468860165096,0.056,2.70805020110221,239.0,0.054,0.0,0.068,64.0,62.0,0.0,1,0.401,0.559,0.04,16.997841188085616,0.143,18.71335036537787,18.497641794347754,Lower-Middle,1.2613142561692454,0.7870404009268204,0.7889087656529516
0.029,41.0,11.64469906357967,26.0,11.09401030913766,25.00418429633686,0.03,2.772588722239781,239.0,0.085,0.0,0.12,65.0,64.0,0.0,1,0.402,0.558,0.04,18.824101664131334,0.338,20.147012409637323,20.011954687795455,Upper-Middle,0.7501255288901058,0.9628484486061244,0.7921146953405017
0.029,41.0,11.175198441433086,26.0,10.565350443056307,25.122120800059445,0.028,3.367295829986474,239.0,0.029,0.0,0.091,70.0,64.0,0.2,1,0.38,0.587,0.033,18.209387363691114,0.474,21.425372759373367,21.35134102129626,Upper-Middle,0.7034193824016645,0.9662654405896136,0.7035775127768314
0.011,41.0,10.762826907960145,26.0,9.952563390182721,25.244421517508716,0.029,6.450470422144176,239.0,0.003,0.5,0.053,81.0,77.0,0.8,1,0.206,0.717,0.077,15.244864648008184,1.0,22.217966072134406,22.828862336224873,High,0.7320882240077528,0.9826765227953261,0.3947001394700139
0.019,41.0,9.306468399070404,26.0,9.011889433252344,23.562497731783253,0.039,3.5553480614894135,239.0,0.013,0.0,0.132,76.0,69.0,0.0,1,0.261,0.673,0.065,16.755783027165226,0.184,20.202389879010422,19.897729470623826,Upper-Middle,0.9189374115395469,0.9295416675458844,0.48439821693907875
0.029,41.0,7.540090320145325,26.0,7.6638772587034705,20.92302922674942,0.045,2.302585092994046,239.0,0.066,0.0,0.147,68.0,61.0,0.0,1,0.412,0.552,0.036,15.672451935062261,0.264,15.424948670398354,14.346139397261565,Low,0.9415363152037239,0.8702905287088153,0.8115942028985506
0.014,41.0,12.282922569381894,26.0,11.31761592833543,25.5664833093158,0.037,4.31748811353631,239.0,0.018,0.1,0.069,75.0,68.0,0.3,1,0.234,0.696,0.07,17.97122992329155,0.338,23.06391713084318,22.081160723801805,High,0.9459598824446845,0.9971834355645294,0.4367816091954024
0.04,41.0,5.087596335232384,26.0,9.57073837671504,19.871591750501796,0.061,2.995732273553991,239.0,0.076,0.1,0.12,63.0,60.0,0.5,1,0.497,0.478,0.025,13.709447573410714,0.25,20.350025877585416,19.93800336967164,Low,1.2121670967806095,0.48129053562040797,1.092050209205021
0.023,41.0,10.602765899026313,26.0,9.668524424416576,22.218869430022153,0.033,4.1588830833596715,239.0,0.063,0.0,0.12,68.0,60.0,0.0,1,0.349,0.607,0.044,15.341604252064634,0.464,20.350025877585416,19.93800336967164,Lower-Middle,0.733222691190731,0.9938362117595415,0.6474464579901152
0.021,41.0,11.751280729284957,26.0,10.881606887033216,22.99414879116132,0.054,3.091042453358316,239.0,0.05,0.0,0.12,70.0,64.0,0.0,1,0.357,0.598,0.045,17.04520172559356,0.371,18.035018277846262,19.93800336967164,Lower-Middle,1.2416840347227112,0.9890312683303394,0.6722408026755853
0.017,41.0,11.167713144850987,26.0,10.417567874022614,24.359480110145608,0.051,3.1354942159291497,239.0,0.026,0.0,0.091,79.0,69.0,0.0,1,0.298,0.637,0.065,18.191754266204878,0.255,20.350025877585416,19.93800336967164,Upper-Middle,1.242333485617426,0.978116641658851,0.5698587127158555
0.017,41.0,8.230044310126114,26.0,7.588829878307813,22.216029127032073,0.065,4.499809670330265,239.0,0.021,0.0,0.153,78.0,72.0,0.3,1,0.29,0.636,0.075,14.931120235735019,0.435,20.013989276489102,19.77134793001978,Lower-Middle,1.4440418932570849,0.9582264903059895,0.5738993710691823
0.011,41.0,6.278521424165844,26.0,9.57073837671504,21.099095313801758,0.058,7.304515946460155,239.0,0.004,0.1,0.12,75.0,69.0,0.5,1,0.2995,0.6425000000000001,0.052,11.179408856174648,0.916,20.350025877585416,19.93800336967164,Low,1.223747528200502,0.5939529671830698,0.5470817120622568
0.01,41.0,11.115130863166284,26.0,10.32377558953593,26.05857709644026,0.101,7.8632667240095735,239.0,0.004,0.4,0.12,82.0,76.0,0.8,1,0.167,0.677,0.156,15.905144727873571,0.658,23.23562551359679,22.770055046480145,High,2.6319162867404664,0.9815746325313572,0.4771048744460857
0.009,41.0,10.86649009983224,26.0,10.137096153698101,23.403939729488826,0.065,4.574710978503383,239.0,0.009,0.1,0.22649999999999998,74.0,62.0,0.0,1,0.172,0.687,0.14,16.104503798807322,0.709,19.502485917693924,20.08271110840317,Lower-Middle,1.5212560824167738,0.9757022791101605,0.4541484716157205
0.011,41.0,11.58554375667222,26.0,10.939798815006858,26.255844843396982,0.085,7.638198244285779,239.0,0.004,0.5,0.077,81.0,75.0,0.8,1,0.174,0.655,0.171,16.150832504636536,0.972,22.75115089184346,23.145410165086826,High,2.2317468116887436,0.9703298971931266,0.5267175572519084
0.009,41.0,10.039765170828677,26.0,8.391176350832751,22.618067062586725,0.071,4.812184355372417,239.0,0.007,0.0,0.127,77.0,73.0,0.2,1,0.197,0.686,0.117,15.175866405681605,0.393,19.5423583088088,18.53400943818794,Lower-Middle,1.6058827614436573,1.0690636397152113,0.45772594752186585
0.009,41.0,10.706295987305591,26.0,9.84490459510383,23.494553370006606,0.076,5.043425116919247,239.0,0.016,0.1,0.092,75.0,69.0,0.3,1,0.148,0.683,0.17,15.878374065255494,0.695,21.05400739957703,20.74110575605706,Upper-Middle,1.7855860561205021,0.9872190108651746,0.46559297218155193
0.009,41.0,9.993236844679735,26.0,9.017483513266844,24.001349615651836,0.063,5.929589143389895,239.0,0.007,0.2,0.128,78.0,71.0,0.5,1,0.167,0.671,0.163,15.306165159633608,0.559,22.09748761708507,20.5630970859673,Upper-Middle,1.5120850257860656,0.997579564912186,0.4918032786885246
0.013,41.0,8.856945756159021,26.0,7.670428522190693,23.080089667732512,0.061,6.78332520060396,239.0,0.005,0.3,0.072,80.0,76.0,0.4,1,0.214,0.682,0.104,13.795183353101338,0.687,21.501672861916315,20.181981007413924,Lower-Middle,1.4078854697316832,1.021511881851164,0.4662756598240469
0.009,41.0,11.696862383032034,26.0,10.658106055184174,25.085411162419273,0.068,6.259581464064923,239.0,0.005,0.2,0.067,79.0,72.0,0.8,1,0.157,0.704,0.139,16.13759597766432,0.738,21.93995741397633,21.309384445304318,Upper-Middle,1.7058079590445108,1.0033244102999583,0.4204545454545455
0.012,41.0,10.805009764705105,26.0,9.85245738142335,25.881636024772845,0.093,8.014335737299424,239.0,0.004,0.6,0.071,79.0,75.0,0.8,1,0.187,0.664,0.149,15.497442512295601,0.853,22.290004995056123,22.487654109549627,High,2.4069921503038745,0.9956279379820958,0.5060240963855421
0.01,41.0,9.611596635310292,26.0,8.458292083496076,22.71447575739589,0.048,5.54907608489522,239.0,0.008,0.4,0.067,77.0,65.0,0.7,1,0.167,0.674,0.159,14.137123656657357,0.691,20.418098451510463,19.535822337850373,Lower-Middle,1.0902948363550027,1.0162084814531918,0.4836795252225519
0.02,41.0,6.638567789166521,26.0,9.57073837671504,20.96105830306366,0.061,5.267858159063328,239.0,0.02,0.5,0.12,82.0,77.0,0.7,1,0.2995,0.6425000000000001,0.052,10.773776229848485,0.38,20.350025877585416,19.93800336967164,Low,1.2786245564868832,0.6280136308916502,0.5470817120622568
0.011,41.0,11.019923387227362,26.0,10.45794721332218,25.62989904149875,0.078,7.617267813628347,239.0,0.003,0.6,0.048,82.0,75.0,0.9,1,0.178,0.669,0.153,15.464284369225224,0.825,21.52750706545937,21.614443868415663,High,1.9991321252369025,0.9617711778611157,0.49476831091180856
0.013,41.0,12.850137244170783,26.0,12.472976590039696,28.003984485275968,0.106,7.823245690685523,239.0,0.004,0.3,0.066,83.0,76.0,0.6,1,0.187,0.651,0.162,17.939466186434302,0.764,24.425480974270044,24.048589586065354,High,2.9684223554392526,0.9537712144227011,0.5360983102918586
0.009,41.0,13.627700366132887,26.0,12.732438885937777,28.327456691428445,0.107,7.8674885686991285,239.0,0.004,0.5,0.097,81.0,75.0,0.7,1,0.151,0.676,0.173,18.228169399157668,0.732,24.00755480040031,24.809174920364217,High,3.0310378659828436,0.992372912002387,0.47928994082840226
0.009,41.0,11.447543921922854,26.0,10.251394166783005,25.70721298183453,0.091,7.1098794630722715,239.0,0.006,0.1,0.074,81.0,76.0,0.8,1,0.148,0.676,0.176,16.211925098656124,0.733,23.026350805082057,21.620577602630426,High,2.339356381346942,1.017433373343095,0.47928994082840226
0.01,41.0,10.934801960979065,26.0,10.150425752416055,24.918804586697142,0.076,6.206575926724928,239.0,0.009,0.2,0.102,77.0,68.0,0.7,1,0.163,0.683,0.154,16.133832081292837,0.651,22.05140128415774,21.516710739274004,Upper-Middle,1.8938291485889827,0.9806622817617283,0.46412884333821375
0.014,41.0,7.683403681053826,26.0,8.097426298597213,22.910126666133195,0.102,8.057377488557991,239.0,0.003,0.8,0.154,83.0,79.0,0.9,1,0.228,0.656,0.117,12.569061613996295,0.927,19.843789080604612,19.737088980289055,Lower-Middle,2.3368329199455857,0.8445689394855088,0.5259146341463414
0.015,41.0,10.686543990504708,26.0,9.59383249927394,25.535582328905477,0.07,7.706162970199576,239.0,0.005,0.3,0.038,80.0,75.0,0.8,1,0.211,0.678,0.111,15.184645535339772,0.596,22.16499490519092,22.067435272026387,High,1.7874907630233836,1.0087514590434692,0.4749262536873156
0.011,41.0,9.051344640485725,26.0,9.57073837671504,21.363859346019286,0.061,5.267858159063328,239.0,0.02,0.1,0.12,82.0,75.0,0.5,1,0.2995,0.6425000000000001,0.052,11.268800842267275,0.519,20.350025877585416,19.93800336967164,Low,1.3031954201071765,0.8562641811686308,0.5470817120622568
0.009,41.0,13.02283692158725,26.0,12.057555235668213,27.83410640630542,0.082,7.474204806496124,239.0,0.004,0.3,0.065,83.0,77.0,0.9,1,0.142,0.669,0.189,17.85959651838995,0.674,24.06230408673565,23.700630453193146,High,2.2823967253170445,0.9973411321296866,0.49476831091180856
0.021,41.0,9.051344640485725,26.0,7.546974117516527,21.717416112848717,0.061,5.267858159063328,239.0,0.02,0.1,0.12,70.0,66.0,0.5,1,0.2995,0.6425000000000001,0.052,14.347497297627521,0.56,20.350025877585416,19.93800336967164,Low,1.3247623828837718,1.0590115889008627,0.5470817120622568
0.009,41.0,8.802823159741887,26.0,8.31238059678675,22.954868661021166,0.063,5.517452896464707,239.0,0.013,0.2,0.08,77.0,65.0,0.4,1,0.165,0.677,0.158,14.65283340433654,0.679,19.118815470998474,19.402759220109843,Lower-Middle,1.4461567256443335,0.94528172127966,0.4771048744460857
0.012,41.0,9.051344640485725,26.0,9.57073837671504,21.712293101495217,0.061,5.267858159063328,239.0,0.02,0.6,0.12,82.0,77.0,0.3,1,0.2995,0.6425000000000001,0.052,10.42886675730963,0.149,20.350025877585416,19.93800336967164,Low,1.3244498791912083,0.8562641811686308,0.5470817120622568
0.009,41.0,9.488956472414216,26.0,9.089979015305,23.373965780607865,0.064,5.575949103146316,239.0,0.009,0.2,0.068,78.0,66.0,0.5,1,0.187,0.669,0.144,15.05187349234346,0.668,20.13627885401342,19.626651553934988,Lower-Middle,1.4959338099589035,0.940433717257576,0.49476831091180856
0.012,41.0,9.1503780308035,26.0,8.20166019080868,23.839833971584138,0.083,8.343553835005117,239.0,0.003,0.4,0.12,82.0,75.0,1.1,1,0.189,0.668,0.143,13.008468771994748,0.853,21.65818203333635,21.39773975275016,Upper-Middle,1.9787062196414835,0.9944268578776247,0.497005988023952
0.012,41.0,9.299815378403785,26.0,7.8351837552667485,22.055976587906763,0.093,5.14166355650266,239.0,0.013,0.2,0.184,76.0,71.0,0.2,1,0.213,0.681,0.106,14.545202759819984,0.581,17.822843761378564,17.909855136853043,Low,2.0512058226753287,1.0525887900022528,0.4684287812041116
0.01,41.0,7.7406644019172415,26.0,6.5998704992128365,22.180988547467756,0.079,6.733401891837359,239.0,0.006,0.3,0.06,81.0,76.0,0.7,1,0.193,0.69,0.117,12.88909372979111,0.929,20.444873812722726,19.00846741441004,Lower-Middle,1.7522980952499527,1.0185258291860353,0.44927536231884063
0.012,41.0,8.290794347381356,26.0,8.038189179973203,21.231178122460697,0.081,3.6375861597263857,239.0,0.023,0.0,0.22649999999999998,71.0,63.0,0.1,1,0.219,0.676,0.105,15.102830358630252,0.456,18.09217669086922,18.50685844936773,Low,1.7197254279193166,0.9173070160726527,0.47928994082840237
0.02,41.0,9.051344640485725,26.0,9.57073837671504,21.790034118844254,0.034,8.001689978099135,239.0,0.004,0.5,0.12,75.0,69.0,0.5,1,0.2995,0.6425000000000001,0.052,10.39372263868611,1.0,20.350025877585416,19.93800336967164,Low,0.7408611600407047,0.8562641811686308,0.5470817120622568
0.013,41.0,9.051344640485725,26.0,9.57073837671504,20.973638885601858,0.086,5.198497031265826,239.0,0.011,0.1,0.12,77.0,71.0,0.5,1,0.207,0.671,0.121,13.325020099409535,0.606,20.350025877585416,19.93800336967164,Low,1.8037329441617596,0.8562641811686308,0.48882265275707887
0.013,41.0,12.057369600359843,26.0,11.234625905427839,26.805044616689624,0.089,7.788211557847076,239.0,0.005,0.6,0.04,81.0,76.0,0.8,1,0.186,0.677,0.137,16.597364351568086,0.791,23.18669345514243,23.376578221679704,High,2.3856489708853763,0.9855119145907554,0.4771048744460857
0.012,41.0,10.530227800898475,26.0,10.123145034565505,25.980381070225405,0.104,8.39366870513074,239.0,0.004,0.7,0.087,82.0,77.0,0.8,1,0.2,0.651,0.149,15.32803220152321,0.77,21.671442758070334,22.44781655665927,High,2.701959631303442,0.9466951809200974,0.5360983102918586
0.009,41.0,12.601261803110171,26.0,11.394772360846956,26.012438644937173,0.063,5.796057750765372,239.0,0.007,0.2,0.12,79.0,70.0,0.4,1,0.18,0.692,0.127,17.45914065310282,0.618,22.326886864260114,21.958737308622418,High,1.638783634631042,1.0166593977083018,0.44364161849710987
0.011,41.0,11.109772681377931,26.0,10.159098293987839,25.608229922546997,0.093,7.0825485693553,239.0,0.005,0.2,0.12,81.0,74.0,0.8,1,0.159,0.675,0.166,16.15920227696719,0.557,22.60957762326732,21.690629839384652,High,2.381565382796871,0.9955797850946001,0.48148148148148145
0.01,41.0,11.431444223102345,26.0,10.549045098003141,24.551657437347757,0.046,4.584967478670572,239.0,0.022,0.1,0.22649999999999998,75.0,67.0,0.2,1,0.174,0.686,0.14,16.894227223577136,0.528,19.806975107572256,19.920303792611403,Upper-Middle,1.1293762421179967,0.9898172642064468,0.45772594752186585
0.01,41.0,14.258699105023778,26.0,13.342460693652194,26.567130314912227,0.06,4.962844630259907,239.0,0.018,0.0,0.157,72.0,59.0,0.1,1,0.168,0.702,0.13,18.79505437600765,0.733,22.38681307521701,23.15354029116936,High,1.5940278188947334,0.9941598871757419,0.4245014245014246
0.02,41.0,9.051344640485725,26.0,9.57073837671504,20.59538384039071,0.065,7.970740390007095,239.0,0.004,0.5,0.08,85.0,78.0,0.6,1,0.2995,0.6425000000000001,0.052,10.2422785273763,0.939,20.350025877585416,19.93800336967164,Low,1.3386999496253962,0.8562641811686308,0.5470817120622568
0.01,41.0,9.051344640485725,26.0,9.67357111693449,23.438130627633004,0.089,5.19295685089021,239.0,0.01,0.1,0.197,75.0,70.0,0.5,1,0.193,0.672,0.135,15.830417845164103,0.537,18.15931599280497,18.46947091764561,Upper-Middle,2.0859936258593375,0.8480146467685056,0.4880952380952381
0.01,41.0,10.577783153410712,26.0,9.838095333769076,24.268226017683947,0.056,5.54907608489522,239.0,0.009,0.4,0.103,78.0,70.0,0.5,1,0.185,0.7,0.115,15.49762497563488,0.56,20.424859802479364,20.042047229228025,Upper-Middle,1.3590206569903012,0.9759817410401171,0.4285714285714286
0.009,41.0,9.643485495857657,26.0,8.82922635473185,23.86467091391846,0.086,6.90875477931522,239.0,0.004,0.3,0.132,80.0,72.0,0.8,1,0.151,0.702,0.147,14.505919492949353,0.508,20.864765400088167,20.28785685401077,Upper-Middle,2.0523616985969872,0.9811032066847484,0.42450142450142453
0.01,41.0,12.658802946105453,26.0,11.765689952517956,27.254574680775647,0.073,7.103322062526113,239.0,0.005,0.2,0.043,83.0,76.0,0.8,1,0.145,0.686,0.169,17.53955344308251,0.765,24.291896718492367,22.96035194781453,High,1.989583951696622,0.9916270090523842,0.45772594752186585
0.011,41.0,10.958252441423962,26.0,10.85485581102298,26.248562422572753,0.092,7.8632667240095735,239.0,0.003,0.7,0.056,82.0,78.0,0.9,1,0.181,0.647,0.172,16.00436229178189,0.841,22.458631306154636,22.829957693238047,High,2.414867742876693,0.9243682602393755,0.5455950540958269
0.01,41.0,10.614450092966075,26.0,10.161573447047902,26.381556597176825,0.106,8.340694647925071,239.0,0.005,0.6,0.039,83.0,78.0,0.8,1,0.171,0.675,0.155,15.801294229024817,0.734,22.933406639658863,22.698734788381966,High,2.796444999300743,0.9509815209587199,0.4829629629629629
0.021,41.0,12.23407198000652,26.0,11.215179588560783,26.17230469799361,0.054,5.198497031265826,239.0,0.03,0.1,0.12,75.0,68.0,0.4,1,0.297,0.64,0.063,17.990240861324896,0.66,23.19988826723074,21.354537614320183,High,1.413304453691655,1.0015466323117697,0.5625
0.009,41.0,12.671958433091316,26.0,11.8174794036422,24.470246638731762,0.063,4.02535169073515,239.0,0.014,0.0,0.22649999999999998,74.0,63.0,0.1,1,0.162,0.692,0.145,17.690921465641498,0.673,20.724265338278496,20.492594020470857,Upper-Middle,1.541625538240101,0.9886466780270751,0.44364161849710987
0.011,41.0,13.184285980008532,26.0,12.293657607988203,28.114003147294827,0.076,7.633369649679584,239.0,0.005,0.6,0.04,81.0,76.0,0.8,1,0.186,0.656,0.158,17.899307691105534,0.79,24.048985077468558,24.657539451328937,High,2.1366642391944066,0.9917726459335052,0.5243902439024389
0.02,41.0,9.661352295040318,26.0,8.769351707798972,22.988399406288085,0.039,6.236369590203704,239.0,0.01,0.2,0.084,76.0,74.0,0.5,1,0.301,0.675,0.024,13.504275956113565,0.884,20.70815220015159,20.125428838008972,Lower-Middle,0.8965475768452353,0.9889450788559044,0.48148148148148145
0.018,41.0,12.904652542128114,26.0,11.835095916880581,25.48047733711346,0.051,4.634728988229636,239.0,0.026,0.0,0.12,72.0,69.0,0.0,1,0.308,0.647,0.045,18.03099953710251,0.655,21.197634924324063,22.10705706809881,High,1.2995043441927863,1.005419252469789,0.5455950540958269
0.035,41.0,11.37665890661652,26.0,10.23931672529323,23.436618790804065,0.014,2.302585092994046,239.0,0.035,0.0,0.12,73.0,68.0,0.0,1,0.424,0.541,0.035,17.04387197204661,0.686,17.622173069956816,17.073607134447293,Lower-Middle,0.3281126630712569,1.0122197981140804,0.8484288354898335
0.021,41.0,11.053220620711953,26.0,9.842143922295076,25.45042687148499,0.078,7.19668657083435,239.0,0.005,0.2,0.099,82.0,78.0,1.0,1,0.28,0.62,0.1,15.698024542667783,0.913,21.609509647880472,21.923832848438536,High,1.9851332959758292,1.0194681697577204,0.6129032258064516
0.031,41.0,9.734358589528156,26.0,8.529319371214077,22.982960334005494,0.097,5.247024072160486,239.0,0.022,0.1,0.102,74.0,71.0,0.2,1,0.39,0.579,0.031,15.432519934386137,0.804,20.94960427995459,20.038086828019768,Lower-Middle,2.229347152398533,1.0215166697984177,0.7271157167530226
0.022,41.0,10.873394877847296,26.0,9.9349862195955,24.36449801287036,0.036,6.495265555937008,239.0,0.011,0.1,0.065,74.0,73.0,0.6,1,0.256,0.71,0.034,14.532488028201524,0.981,19.583831556883045,21.950564466868926,Upper-Middle,0.8771219284633329,0.994367497085837,0.4084507042253522
0.017,41.0,9.682840881420505,26.0,8.560444233410552,23.675685454721467,0.1,6.304448802421981,239.0,0.015,0.1,0.166,77.0,74.0,0.2,1,0.284,0.643,0.072,15.072722187903953,0.862,22.17815298976534,21.710201408762615,Upper-Middle,2.367568545472147,1.0128024017526527,0.5536547433903577
0.023,41.0,10.14533508864411,26.0,9.08466376388818,23.721465812567576,0.032,5.631211781821365,239.0,0.013,0.1,0.085,75.0,71.0,0.2,1,0.366,0.609,0.024,14.652069533814418,0.715,20.10522613072856,20.369443963414586,Upper-Middle,0.7590869060021624,1.0060161970866284,0.6403940886699507
0.018,41.0,10.257062697057004,26.0,9.52602664083756,23.686667860252754,0.027,6.726233402358747,239.0,0.01,0.1,0.12,78.0,76.0,0.4,1,0.268,0.716,0.016,13.35307184246781,0.967,19.467999741741696,19.86288273937462,Upper-Middle,0.6395400322268243,0.974447723442285,0.3966480446927375
0.025,41.0,12.69590341157565,26.0,11.669535974078133,25.962635405897153,0.043,5.929589143389895,239.0,0.018,0.1,0.12,75.0,71.0,0.2,1,0.368,0.598,0.034,16.8985766481853,0.803,20.350025877585416,22.720683543283343,High,1.1163933224535776,1.0020811683672917,0.6722408026755854
0.029,41.0,10.573084592635812,26.0,9.72531736686465,23.795137002792547,0.049,4.060443010546419,239.0,0.018,0.0,0.09,76.0,72.0,0.0,1,0.4,0.567,0.034,16.648410735341866,0.527,20.69280663049263,20.44882899256044,Upper-Middle,1.165961713136835,0.9858062219492775,0.7654320987654323
0.016,41.0,11.346929910775048,26.0,10.611005970395047,25.422073938329234,0.027,6.822197390620491,239.0,0.009,0.3,0.12,76.0,74.0,0.8,1,0.243,0.746,0.01,14.986124077354445,0.811,21.00994740981536,22.01826693989381,High,0.6863959963348893,0.9772564013580458,0.339142091152815
0.038,41.0,9.665547571979161,26.0,8.537191877922927,23.092881184100026,0.042,3.332204510175204,239.0,0.064,0.0,0.177,62.0,60.0,0.0,1,0.476,0.497,0.028,16.73603797338963,0.273,17.453096744006448,18.72078534381011,Lower-Middle,0.9699010097322012,1.0134584367913744,1.0140845070422535
0.02,41.0,9.051344640485725,26.0,9.57073837671504,23.436618790804065,0.061,5.267858159063328,239.0,0.02,0.1,0.12,75.0,69.0,0.0,1,0.2995,0.6425000000000001,0.052,10.980705948516565,0.884,20.350025877585416,19.93800336967164,Lower-Middle,1.429633746239048,0.8562641811686308,0.5470817120622568
0.013,41.0,12.739646553880913,26.0,11.603332736045695,26.70073854127918,0.084,7.521859252201629,239.0,0.005,0.1,0.082,83.0,77.0,0.6,1,0.204,0.67,0.126,16.793659191447908,0.875,23.3350987803802,22.86262586895522,High,2.242862037467451,1.010815696188466,0.49253731343283574
0.024,41.0,6.729824070489475,26.0,9.57073837671504,21.33449310172969,0.035,4.382026634673881,239.0,0.02,0.1,0.081,71.0,65.0,0.1,1,0.334,0.629,0.037,13.612461258086457,0.487,19.766153113156168,18.184958423089522,Low,0.7467072585605393,0.6366465454592808,0.589825119236884
0.019,41.0,6.6039438246004725,26.0,9.57073837671504,23.436618790804065,0.061,5.267858159063328,239.0,0.02,0.1,0.12,76.0,70.0,0.2,1,0.303,0.652,0.045,12.409148174334009,0.559,19.970368654103833,19.39145966489847,Lower-Middle,1.429633746239048,0.6247381771501862,0.5337423312883435
0.021,41.0,9.051344640485725,26.0,9.57073837671504,23.436618790804065,0.061,5.267858159063328,239.0,0.02,0.3,0.12,78.0,73.0,0.4,1,0.302,0.641,0.058,11.965541298864725,0.933,20.350025877585416,19.93800336967164,Lower-Middle,1.429633746239048,0.8562641811686308,0.5616224648985959
0.027,41.0,3.713572066704308,26.0,9.57073837671504,18.095768095110778,0.088,4.343805421853684,239.0,0.052,0.0,0.12,68.0,63.0,0.0,1,0.389,0.576,0.035,11.359774285476053,0.435,20.350025877585416,19.93800336967164,Low,1.5924275923697484,0.3513067805068823,0.7361111111111113
0.02,41.0,4.442651256490317,26.0,9.57073837671504,18.641702630126012,0.118,6.037870919922137,239.0,0.033,0.0,0.12,75.0,69.0,0.0,1,0.2995,0.6425000000000001,0.052,10.862109539423722,0.69,15.039286283703994,12.611541086966115,Low,2.1997209103548694,0.420278233947827,0.5470817120622568
0.028,41.0,4.997212273764115,26.0,9.57073837671504,19.302559712635766,0.079,5.187385805840755,239.0,0.04,0.1,0.153,68.0,67.0,0.0,1,0.395,0.566,0.039,11.580434569552633,0.223,16.648723960844016,15.424948670398354,Low,1.5249022172982256,0.4727401337234729,0.7667844522968199
0.019,41.0,7.795234929002173,26.0,9.57073837671504,23.436618790804065,0.061,5.267858159063328,239.0,0.02,0.2,0.12,79.0,71.0,0.4,1,0.281,0.657,0.062,12.308137235587647,0.626,18.86536657162407,18.459901466721032,Lower-Middle,1.429633746239048,0.7374352340583249,0.5220700152207002
0.014,41.0,10.410365394054022,26.0,9.748002649695733,24.913241821050892,0.08,7.126890808898808,239.0,0.006,0.6,0.072,81.0,77.0,0.6,1,0.223,0.659,0.118,15.188846571180473,0.859,21.873521359082915,21.049687738435622,Upper-Middle,1.9930593456840715,0.9685860464826672,0.5174506828528073
0.034,41.0,8.164510268747042,26.0,9.57073837671504,21.82172557064527,0.046,3.2188758248682006,239.0,0.057,0.0,0.139,62.0,57.0,0.0,1,0.402,0.573,0.025,15.54898179888172,0.132,14.845130332288226,17.909855136853043,Low,1.0037993762496824,0.7723689658928294,0.7452006980802793
0.03,41.0,4.969813299576001,26.0,9.57073837671504,19.363331774128902,0.055,4.430816798843313,239.0,0.018,0.0,0.114,73.0,67.0,0.0,1,0.404,0.55,0.046,12.081602928767312,0.219,17.622173069956816,19.93800336967164,Low,1.0649832475770895,0.47014816964190337,0.8181818181818181
0.035,41.0,5.153291594497779,26.0,9.57073837671504,19.649335590081094,0.061,3.8918202981106265,239.0,0.029,0.0,0.146,66.0,63.0,0.0,1,0.416,0.555,0.029,12.982827709427188,0.166,13.592368256649284,15.955576839107596,Low,1.1986094709949466,0.48750535779499776,0.8018018018018017
0.029,41.0,4.997212273764115,26.0,9.57073837671504,19.018428454721754,0.05,4.532599493153256,239.0,0.015,0.0,0.114,73.0,69.0,0.0,1,0.382,0.559,0.059,11.503723254205429,0.231,15.59046307836746,14.978661680269907,Low,0.9509214227360877,0.4727401337234729,0.7889087656529516
0.031,41.0,4.442651256490317,26.0,9.57073837671504,19.3861569256698,0.038,3.970291913552122,239.0,0.019,0.0,0.074,70.0,67.0,0.0,1,0.408,0.56,0.033,12.175360828822853,0.222,18.09217669086922,16.213405921671733,Low,0.7366739631754523,0.420278233947827,0.7874999999999999
0.02,41.0,5.8971538676367405,26.0,9.57073837671504,20.50822174006593,0.043,6.073044534100405,239.0,0.012,0.1,0.114,76.0,71.0,0.5,1,0.29,0.64,0.07,11.290169338597282,0.311,19.42863866800198,17.312018149733785,Low,0.881853534822835,0.5578753023182226,0.5625
0.018,41.0,11.722108013427809,26.0,10.922100188159392,25.540376817603278,0.083,5.420534999272286,239.0,0.017,0.1,0.22649999999999998,78.0,71.0,0.2,1,0.273,0.626,0.101,17.44324694651804,0.895,21.263261838594932,21.73268254717448,High,2.1198512758610724,0.9832250885686895,0.597444089456869
0.013,41.0,7.721348612617949,26.0,9.57073837671504,21.38651806986928,0.061,5.267858159063328,239.0,0.02,0.2,0.131,76.0,71.0,0.7,1,0.225,0.695,0.079,11.461590064433068,0.46,20.542942284012735,18.963005040591682,Low,1.304577602262026,0.7304455315653582,0.4374100719424461
0.016,41.0,7.363913501405819,26.0,9.57073837671504,22.66315733894188,0.053,7.076653815443951,239.0,0.013,0.2,0.06,76.0,70.0,0.4,1,0.279,0.664,0.057,12.641225997340163,0.821,21.295938864602498,19.638556456405873,Lower-Middle,1.2011473389639196,0.6966318944783332,0.5060240963855421
0.013,41.0,7.113956109566034,26.0,9.57073837671504,21.876555687220815,0.074,6.519147287940395,239.0,0.015,0.3,0.085,76.0,71.0,0.4,1,0.214,0.672,0.114,12.50441642940732,0.335,20.316800230006166,18.799117186521926,Low,1.6188651208543403,0.6729857325044086,0.4880952380952381
0.028,41.0,5.886104031450156,26.0,9.57073837671504,20.6535688647816,0.044,5.093750200806762,239.0,0.02,0.1,0.148,75.0,68.0,0.2,1,0.393,0.565,0.042,12.436259335609781,0.471,18.61130111182548,17.6867115897055,Low,0.9087570300503904,0.5568299792960462,0.7699115044247788
0.013,41.0,6.263398262591624,26.0,9.57073837671504,22.09374275960098,0.061,5.267858159063328,239.0,0.02,0.5,0.12,81.0,76.0,0.5,1,0.2995,0.6425000000000001,0.052,11.04950809859923,1.0,19.750404756229365,19.30857200542005,Low,1.3477183083356596,0.5925223044388727,0.5470817120622568
0.03,41.0,9.166179476190413,26.0,8.168486417126681,22.790822686748776,0.065,4.07753744390572,239.0,0.052,0.0,0.206,66.0,62.0,0.1,1,0.393,0.564,0.043,15.995176435182227,0.628,18.778355195217188,18.5517090151307,Lower-Middle,1.4814034746386704,0.9997483836664731,0.773049645390071
0.02,41.0,12.713697151180256,26.0,12.184644698116553,26.946280955087968,0.072,5.318119993844216,239.0,0.025,0.1,0.22649999999999998,75.0,67.0,0.2,1,0.287,0.655,0.057,19.005093774544314,0.819,21.48500580943882,21.797926905133423,High,1.9401322287663336,0.9642806038600666,0.5251908396946564
0.011,41.0,13.159975104525847,26.0,12.42207475735963,27.34670896163088,0.096,7.720905251936779,239.0,0.005,0.6,0.042,82.0,77.0,0.4,1,0.186,0.687,0.128,17.261107558808835,0.799,23.26832640963263,23.380513851188375,High,2.625284060316565,0.9804724934429331,0.4570596797671033
0.02,41.0,6.152732694704104,26.0,9.57073837671504,23.436618790804065,0.061,5.267858159063328,239.0,0.02,0.1,0.12,75.0,69.0,0.4,1,0.2995,0.6425000000000001,0.052,10.708690286886394,1.0,20.22403935067122,19.93800336967164,Lower-Middle,1.429633746239048,0.5820532563985493,0.5470817120622568
0.016,41.0,10.921648716806612,26.0,10.149135959190406,24.98572834430831,0.075,5.805134968916488,239.0,0.008,0.2,0.078,81.0,75.0,0.4,1,0.267,0.658,0.075,16.57675536814251,0.866,20.92293603289398,20.652843373722828,Upper-Middle,1.873929625823123,0.9795959755790516,0.5197568389057751
0.022,41.0,10.927052966881327,26.0,10.134837340397437,25.307553414710206,0.057,4.912654885736052,239.0,0.02,0.0,0.163,75.0,68.0,0.1,1,0.32,0.631,0.049,17.534344488457602,0.727,20.93595493116517,21.02706729201608,High,1.4425305446384817,0.981339253806406,0.5847860538827259
0.019,41.0,8.752581469146884,26.0,8.03073492409854,23.54728282259314,0.08,5.808142489980444,239.0,0.01,0.2,0.22649999999999998,80.0,76.0,0.1,1,0.3,0.644,0.056,15.224994207126272,0.618,20.979457243080816,19.879295768977464,Upper-Middle,1.8837826258074513,0.9691992448799042,0.5527950310559006
0.012,41.0,10.169384032915987,26.0,9.36990494164752,24.23750614883552,0.065,5.278114659230517,239.0,0.006,0.0,0.12,79.0,75.0,0.0,1,0.209,0.689,0.103,16.232506429163,0.758,21.293680252689352,19.93800336967164,Upper-Middle,1.575437899674309,0.9806631873811877,0.4528301886792453
0.02,41.0,9.051344640485725,26.0,9.57073837671504,23.436618790804065,0.061,5.267858159063328,239.0,0.02,0.1,0.12,75.0,69.0,0.5,1,0.234,0.656,0.11,11.766054911774695,0.909,19.19540791611303,18.73549149109167,Lower-Middle,1.429633746239048,0.8562641811686308,0.524390243902439
0.015,41.0,4.6443908991413725,26.0,9.57073837671504,19.6054648634009,0.051,5.472270673671475,239.0,0.013,0.2,0.11,79.0,75.0,0.2,1,0.2995,0.6425000000000001,0.052,11.153489570255058,0.657,17.6441519761925,16.012735246411598,Low,0.9998787080334459,0.4393629596747869,0.5470817120622568
0.024,41.0,9.975854724662028,26.0,8.919586920999915,24.00306375354719,0.063,5.176149732573829,239.0,0.032,0.1,0.22649999999999998,74.0,68.0,0.2,1,0.342,0.604,0.054,16.00551602903328,0.634,21.72756744650958,19.876967479223293,Upper-Middle,1.512193016473473,1.0056723938315408,0.6556291390728477
0.025,41.0,10.114194083746655,26.0,9.124564594954778,24.074885819686152,0.048,4.663439094112067,239.0,0.026,0.0,0.158,77.0,71.0,0.1,1,0.338,0.609,0.053,16.38276817242661,0.611,19.9225334479337,20.044021563527846,Upper-Middle,1.1555945193449353,0.9989757079318462,0.6420361247947455
0.023,41.0,8.706324840138741,26.0,8.350666240520924,23.383993796024104,0.077,5.220355825078324,239.0,0.024,0.0,0.12,75.0,65.0,0.1,1,0.374,0.568,0.058,15.608653902528324,0.6,20.071260601637025,19.39900687050537,Lower-Middle,1.800567522293856,0.9310913913716712,0.7605633802816902
0.017,41.0,6.29156913955832,26.0,9.57073837671504,20.879531443310487,0.061,5.267858159063328,239.0,0.02,0.4,0.12,71.0,65.0,0.4,1,0.2995,0.6425000000000001,0.052,10.943940927030706,0.821,20.350025877585416,19.93800336967164,Low,1.2736514180419396,0.5951872911183984,0.5470817120622568
0.019,41.0,5.327876168789581,26.0,9.57073837671504,20.115161696304394,0.066,5.869296913133774,239.0,0.013,0.1,0.113,73.0,68.0,0.1,1,0.33,0.592,0.077,11.533708004152757,0.361,18.326370075470134,15.894952224644102,Low,1.32760067195609,0.5040211931198387,0.6875000000000001
0.036,41.0,9.314430080500564,26.0,8.888618807300878,23.757090154301768,0.062,4.709530201312334,239.0,0.037,0.0,0.169,72.0,65.0,0.1,1,0.438,0.521,0.042,16.280702391600585,0.459,20.28785685401077,19.611568311769158,Upper-Middle,1.4729395895667097,0.9419343855810901,0.9213051823416506
0.022,41.0,7.365812837209472,26.0,9.57073837671504,20.398173876833443,0.058,4.04305126783455,239.0,0.037,0.1,0.163,67.0,60.0,0.1,1,0.358,0.6,0.042,13.528668132909937,0.285,17.78580249038432,17.599700214609808,Low,1.1830940848563398,0.6968115731096611,0.6666666666666666
0.03,41.0,7.510430556378006,26.0,7.745002803515839,21.890978873949223,0.055,3.044522437723423,239.0,0.071,0.0,0.22649999999999998,60.0,56.0,0.0,1,0.394,0.566,0.04,15.997016238215869,0.389,18.497641794347754,18.963005040591682,Low,1.2040038380672073,0.8588254029328058,0.7667844522968199
0.03,41.0,8.714731714015052,26.0,8.125926802707886,22.77436705423272,0.073,4.48863636973214,239.0,0.029,0.0,0.22649999999999998,73.0,69.0,0.1,1,0.414,0.545,0.04,15.686666680063551,0.466,19.535822337850373,19.213673264006914,Lower-Middle,1.6625287949589884,0.9549421009413727,0.8330275229357796
0.018,41.0,9.24009333012553,26.0,8.185071477532283,22.997347490961143,0.049,5.198497031265826,239.0,0.019,0.1,0.185,74.0,68.0,0.5,1,0.321,0.604,0.076,14.776871782695325,0.523,21.11665836449507,19.42863866800198,Lower-Middle,1.1268700270570962,1.005990356496173,0.6572847682119206
0.023,41.0,12.877107132644522,26.0,11.924001469185637,27.332021236823763,0.056,5.983936280687191,239.0,0.019,0.1,0.082,77.0,72.0,0.2,1,0.334,0.615,0.051,18.485753453635827,0.754,22.979492806067054,22.681527956915634,High,1.5305931892621307,0.9963715311660306,0.6260162601626017
0.027,41.0,8.303504798872783,26.0,7.877397186353287,22.37657000527141,0.057,4.060443010546419,239.0,0.03,0.0,0.183,74.0,68.0,0.0,1,0.397,0.565,0.039,15.473467740736528,0.552,18.72078534381011,18.643824303266577,Lower-Middle,1.2754644903004704,0.9353535303835774,0.7716814159292036
0.023,41.0,8.677950570294351,26.0,7.873217054862741,23.230618675645726,0.08,5.739792912179234,239.0,0.021,0.1,0.106,78.0,73.0,0.2,1,0.316,0.627,0.057,14.971904529163005,0.628,20.380775529408087,19.34493964944395,Lower-Middle,1.858449494051658,0.97799372162756,0.594896331738437
0.027,41.0,8.268475388982598,26.0,8.265135629937385,22.56779986510614,0.07,4.382026634673881,239.0,0.026,0.0,0.22649999999999998,73.0,69.0,0.3,1,0.372,0.582,0.045,15.533151901140902,0.566,18.1462439114085,18.57768450130904,Lower-Middle,1.5797459905574298,0.8924289637234892,0.7164948453608248
0.023,41.0,10.21053097846653,26.0,9.38210641483062,24.712115709713487,0.048,4.634728988229636,239.0,0.026,0.1,0.208,74.0,69.0,0.1,1,0.333,0.617,0.051,17.101293721106067,0.739,20.54413917224515,20.5075943017116,Upper-Middle,1.1861815540662475,0.9834739281694321,0.6223662884927067
0.014,41.0,9.051344640485725,26.0,9.57073837671504,25.00748935454214,0.061,5.267858159063328,239.0,0.02,0.2,0.12,82.0,74.0,0.4,1,0.23,0.653,0.117,15.156729621246523,0.943,21.633940830437183,21.00013971143974,Upper-Middle,1.5254568506270705,0.8562641811686308,0.5313935681470138
0.02,41.0,9.051344640485725,26.0,9.57073837671504,23.436618790804065,0.061,5.267858159063328,239.0,0.02,0.1,0.12,75.0,69.0,0.5,1,0.2995,0.6425000000000001,0.052,10.391054784724917,1.0,20.007873049484136,18.757152987716434,Lower-Middle,1.429633746239048,0.8562641811686308,0.5470817120622568
0.017,41.0,5.293304824724492,26.0,9.57073837671504,19.985263445623172,0.037,5.926926025970411,239.0,0.012,0.2,0.109,74.0,69.0,0.1,1,0.2995,0.6425000000000001,0.052,10.756518944771091,0.324,17.858561843342684,15.894952224644102,Low,0.7394547474880573,0.5007507173183334,0.5470817120622568
0.018,41.0,5.7899601708972535,26.0,9.57073837671504,20.39895801452349,0.064,5.66988092298052,239.0,0.015,0.1,0.126,74.0,70.0,0.1,1,0.308,0.619,0.073,11.984290666855097,0.263,19.162618093443648,17.341871111992198,Low,1.3055333129295035,0.5477346959651592,0.6155088852988692
0.017,41.0,9.051344640485725,26.0,9.57073837671504,23.436618790804065,0.061,5.267858159063328,239.0,0.02,0.1,0.12,81.0,74.0,0.5,1,0.2995,0.6425000000000001,0.052,10.22015787614662,0.56,20.350025877585416,19.93800336967164,Lower-Middle,1.429633746239048,0.8562641811686308,0.5470817120622568
0.019,41.0,5.236441962829949,26.0,9.57073837671504,19.95246325399735,0.039,5.1298987149230735,239.0,0.019,0.1,0.116,73.0,68.0,0.1,1,0.302,0.627,0.071,11.59128367775547,0.459,18.326370075470134,16.118095750958314,Low,0.7781460669058967,0.4953714467444066,0.594896331738437
0.022,41.0,7.720017940432244,26.0,9.57073837671504,20.798746272341436,0.071,5.087596335232384,239.0,0.029,0.0,0.222,72.0,65.0,0.2,1,0.303,0.639,0.059,13.081749694519031,0.666,16.648723960844016,17.804494623047066,Low,1.476710985336242,0.7303196489507022,0.5665101721439749
0.015,41.0,10.199546937117361,26.0,9.43675855582405,22.92140927167052,0.05,5.8664680569332965,239.0,0.025,0.2,0.125,73.0,65.0,0.2,1,0.238,0.694,0.068,14.060590928155056,0.104,19.811962649070857,19.153048642473284,Lower-Middle,1.146070463583526,0.9772715237745616,0.4409221902017291
0.02,41.0,4.605170185988092,26.0,9.57073837671504,23.436618790804065,0.061,5.267858159063328,239.0,0.02,0.1,0.12,75.0,69.0,0.5,1,0.2995,0.6425000000000001,0.052,9.986955157777391,0.86,19.492264363657213,19.93800336967164,Lower-Middle,1.429633746239048,0.4356526499730848,0.5470817120622568
0.014,41.0,15.547334407542712,26.0,14.629085274405512,30.027114766780382,0.118,8.626764827845529,239.0,0.007,0.6,0.047,80.0,74.0,0.5,1,0.21,0.667,0.123,19.477168780808928,0.794,25.371754099657615,25.128276308022883,High,3.543199542480085,0.9947693121236802,0.4992503748125936
0.016,41.0,8.438366410870266,26.0,7.839525581704678,23.333813059818162,0.11,6.1092475827643655,239.0,0.014,0.1,0.22649999999999998,79.0,71.0,0.2,1,0.243,0.624,0.133,15.01773212977728,0.926,19.829225716452065,19.30857200542005,Lower-Middle,2.566719436579998,0.954617567749937,0.6025641025641025
0.023,41.0,12.17180723456228,26.0,10.959818448947631,25.254677387969284,0.057,5.337538079701318,239.0,0.017,0.0,0.22649999999999998,76.0,70.0,0.3,1,0.327,0.625,0.047,17.047643043727653,0.884,19.997595466747022,21.15893678775847,High,1.4395166111142492,1.017725083914907,0.5984
0.015,41.0,9.051344640485725,26.0,9.57073837671504,23.436618790804065,0.061,5.267858159063328,239.0,0.02,0.3,0.12,81.0,75.0,0.4,1,0.246,0.662,0.093,11.591819821232908,0.93,20.901412023166706,19.93800336967164,Lower-Middle,1.429633746239048,0.8562641811686308,0.512084592145015
0.02,41.0,11.435331423531675,25.0,10.331985359754865,24.940769073472733,0.036,4.31748811353631,239.0,0.031,0.0,0.081,71.0,68.0,0.0,1,0.307,0.651,0.042,17.312122447321745,0.623,18.53400943818794,19.35677410704427,Upper-Middle,0.8978676866450184,1.0091198550382743,0.5360983102918586
0.05,41.0,9.112286431500795,55.625,9.105535257610056,23.375729276116537,0.049,3.828641396489095,239.0,0.1075,0.0,0.22649999999999998,49.0,46.0,0.0,1,0.477,0.498,0.025,16.551245703172114,0.346,17.958645300228824,17.707330876483063,Lower-Middle,1.1454107345297104,0.9017123981274237,1.0080321285140563
0.041,41.0,7.7501841622578365,32.0,7.77779262633883,21.992247905561722,0.046,3.091042453358316,239.0,0.082,0.0,0.12,58.0,55.0,0.0,1,0.449,0.522,0.028,15.852264042194253,0.393,18.497641794347754,17.78580249038432,Low,1.0116434036558393,0.8829308793423156,0.9137931034482759
0.026,41.0,8.358431899031295,55.625,7.553810852008231,22.739706177340075,0.043,5.25227342804663,239.0,0.051,0.0,0.164,48.0,47.0,0.2,1,0.367,0.602,0.031,14.421247918530353,0.546,19.94456077020347,19.275096076363752,Lower-Middle,0.9778073656256232,0.9771588410876462,0.6611295681063124
0.045,41.0,6.983789965258135,40.0,9.57073837671504,22.159704474297747,0.055,2.995732273553991,239.0,0.091,0.0,0.12,53.0,51.0,0.0,1,0.466,0.508,0.026,16.35388585517612,0.2,17.453096744006448,17.72753358339242,Lower-Middle,1.2187837460863762,0.6606719149006519,0.9685039370078741
0.043,41.0,5.111987788356544,13.0,9.57073837671504,20.480753955890187,0.072,1.9459101490553132,239.0,0.082,0.0,0.182,50.0,48.0,0.0,1,0.468,0.504,0.028,15.798488141994039,0.089,13.997832948091215,16.52356082573315,Low,1.4746142848240933,0.48359798589066433,0.9841269841269842
0.041,41.0,8.241703159729818,45.0,8.819813136232225,23.334937990443045,0.049,3.6888794541139363,239.0,0.084,0.0,0.18,53.0,51.0,0.1,1,0.447,0.52,0.033,16.661772398894144,0.473,19.39900687050537,19.421312627936743,Lower-Middle,1.1434119615317093,0.8392932783334089,0.923076923076923
0.038,41.0,5.4638318050256105,22.0,9.57073837671504,20.85407896480953,0.044,2.6390573296152584,239.0,0.1075,0.0,0.18,46.0,43.0,0.0,1,0.421,0.539,0.04,15.15828057859722,0.379,15.201805169084134,17.249497794707484,Low,0.9175794744516194,0.5168827011234337,0.8552875695732838
0.05,41.0,5.945420608606575,55.625,9.57073837671504,21.73000639330171,0.058,2.8903717578961645,239.0,0.103,0.0,0.18,48.0,46.0,0.0,1,0.492,0.481,0.027,16.046732293516836,0.217,20.350025877585416,19.93800336967164,Low,1.2603403708114993,0.5624413732254504,1.0790020790020791
0.039,41.0,4.605170185988092,26.0,9.57073837671504,19.59770632120376,0.036,3.091042453358316,239.0,0.072,0.0,0.118,60.0,57.0,0.0,1,0.414,0.556,0.03,13.254254425398917,0.279,16.588099342704055,15.894952224644102,Low,0.7055174275633352,0.4356526499730848,0.7985611510791365
0.047,41.0,7.4377951216719325,55.625,9.825742203911275,22.913529120603673,0.051,1.9459101490553132,239.0,0.1075,0.0,0.12,49.0,46.0,0.0,1,0.464,0.508,0.028,17.746793376725087,0.365,20.350025877585416,19.93800336967164,Lower-Middle,1.1685899851507873,0.6870471309564994,0.9685039370078741
0.039,41.0,6.990256500493881,37.0,6.907755278982137,21.974847744263524,0.026,3.332204510175204,239.0,0.07,0.0,0.18,54.0,52.0,0.1,1,0.421,0.544,0.036,15.02846857410044,0.601,17.216707972959764,18.586195190904515,Low,0.5713460413508517,0.8839748138227219,0.8400735294117646
0.037,41.0,8.605387202152153,55.625,8.791638037085997,23.3433938714342,0.051,3.7612001156935624,239.0,0.094,0.0,0.12,47.0,46.0,0.1,1,0.422,0.548,0.029,16.64340401175831,0.455,18.1462439114085,20.12724536893207,Lower-Middle,1.190513087443144,0.8788506243346722,0.8229927007299269
0.029,41.0,6.0112671744041615,26.0,9.57073837671504,20.24852246002221,0.062,3.9318256327243257,239.0,0.075,0.0,0.113,59.0,56.0,0.0,1,0.39,0.578,0.032,13.534586929028988,0.767,15.747032114495013,16.108045416114916,Low,1.2554083925213768,0.5686705091146359,0.7301038062283738
0.024,41.0,11.904724279914573,37.0,10.799003985193806,25.141186511167575,0.056,4.04305126783455,239.0,0.029,0.0,0.135,72.0,67.0,0.1,1,0.335,0.61,0.054,18.05586529871621,0.429,22.27167904775532,21.105121080098037,Upper-Middle,1.4079064446253842,1.0089601033149436,0.637704918032787
0.038,41.0,8.70267641154777,26.0,9.57073837671504,21.63343622848915,0.02,4.624972813284271,239.0,0.092,0.0,0.18,49.0,47.0,0.1,1,0.415,0.551,0.034,13.250849815619723,0.388,20.350025877585416,19.93800336967164,Low,0.432668724569783,0.8232798979036138,0.8148820326678764
0.04,41.0,6.588926477533519,26.0,6.690842277418564,20.584288445180924,0.032,1.9459101490553132,239.0,0.051,0.1,0.12,60.0,55.0,0.5,1,0.446,0.535,0.019,15.313465696348414,0.183,18.119575664681957,19.93800336967164,Low,0.6586972302457896,0.8567236513066416,0.8691588785046729
0.041,41.0,8.506738733512378,46.0,10.227344839931181,22.85929374022273,0.049,1.9459101490553132,239.0,0.079,0.0,0.07,55.0,54.0,0.0,1,0.465,0.504,0.031,18.092033152792336,0.153,19.632621720903668,17.958645300228824,Lower-Middle,1.1201053932709137,0.7576803647517182,0.9841269841269841
0.033,41.0,7.197435354096591,26.0,7.374001859350161,22.5241309194631,0.038,5.1647859739235145,239.0,0.053,0.0,0.18,61.0,58.0,0.2,1,0.399,0.543,0.057,14.089971363378998,0.822,18.24632736871235,19.291974114079885,Lower-Middle,0.8559169749395978,0.8594977019332936,0.8397790055248618
0.045,41.0,5.755742213586912,26.0,9.57073837671504,20.003854100890972,0.042,2.772588722239781,239.0,0.059,0.0,0.22649999999999998,57.0,55.0,0.1,1,0.459,0.515,0.026,14.114539757572135,0.506,17.87595358575207,15.894952224644102,Low,0.8401618722374209,0.5444976508230984,0.941747572815534
0.034,41.0,8.940105213128122,22.0,9.01517670716893,22.755710195486476,0.048,2.9444389791664403,239.0,0.06,0.0,0.12,59.0,57.0,0.0,1,0.407,0.561,0.032,16.826214544007392,0.46,19.904555435678695,19.190788970278067,Lower-Middle,1.092274089383351,0.8926557637998275,0.7825311942959
0.041,41.0,7.202661196523238,40.0,9.57073837671504,21.96060829531556,0.049,2.9444389791664403,239.0,0.092,0.0,0.12,52.0,52.0,0.0,1,0.438,0.529,0.033,16.035211961515042,0.321,20.350025877585416,17.399029524198163,Low,1.0760698064704624,0.6813773021181833,0.8903591682419659
0.041,41.0,5.272999558563747,26.0,9.57073837671504,19.958438768817317,0.058,3.044522437723423,239.0,0.101,0.0,0.12,53.0,51.0,0.0,1,0.431,0.539,0.03,14.123406937666296,0.392,14.690979711984754,16.87421767762801,Low,1.1575894485914044,0.4988298234850821,0.8552875695732838
0.039,41.0,8.81818627792769,55.625,9.600353375525426,23.424929287440932,0.044,3.044522437723423,239.0,0.065,0.0,0.166,54.0,52.0,0.0,1,0.432,0.541,0.028,17.339073408030117,0.209,20.24361583226438,18.65969765229688,Lower-Middle,1.030696888647401,0.8318766333099344,0.8502772643253235
0.03,41.0,9.051344640485725,55.625,9.57073837671504,20.691962512470436,0.071,3.6109179126442243,239.0,0.083,0.0,0.16,44.0,44.0,0.1,1,0.404,0.55,0.046,14.456710546181466,0.211,16.860033043306743,19.30444828825319,Low,1.4691293383854007,0.8562641811686308,0.8181818181818181
0.041,41.0,6.278521424165844,26.0,9.57073837671504,19.829225716452065,0.034,1.791759469228055,239.0,0.097,0.0,0.171,54.0,53.0,0.0,1,0.432,0.537,0.03,14.95469617023659,0.454,20.350025877585416,19.93800336967164,Low,0.6741936743593703,0.5939529671830698,0.8603351955307261
0.023,41.0,10.802998284370267,26.0,9.76663636978693,23.903920449035972,0.041,5.272999558563747,239.0,0.022,0.0,0.07,75.0,71.0,0.0,1,0.315,0.644,0.041,15.506088360562392,0.767,19.30857200542005,20.35075183042931,Upper-Middle,0.9800607384104749,1.003377277111854,0.5527950310559006
0.039,41.0,7.43955930913332,55.625,9.57073837671504,22.423280969836828,0.048,2.772588722239781,239.0,0.061,0.0,0.22649999999999998,62.0,59.0,0.0,1,0.452,0.518,0.029,16.66304880886403,0.279,18.594634059479166,18.020203192280615,Lower-Middle,1.0763174865521679,0.7037880462088624,0.9285714285714286
0.043,41.0,6.86484777797086,45.0,9.57073837671504,21.608955770693818,0.063,2.6390573296152584,239.0,0.084,0.0,0.22649999999999998,47.0,47.0,0.0,1,0.461,0.509,0.03,16.320116888573178,0.149,18.005165315142214,18.064005814299346,Low,1.3613642135537105,0.6494198922842114,0.9646365422396856
0.048,41.0,6.29156913955832,41.0,9.57073837671504,22.196297345125007,0.062,3.2188758248682006,239.0,0.105,0.0,0.12,50.0,51.0,0.0,1,0.462,0.506,0.032,16.233185106627538,0.305,18.72816545105327,18.358805350872576,Lower-Middle,1.3761704353977504,0.5951872911183984,0.9762845849802372
0.037,41.0,7.29641326877392,55.625,9.57073837671504,21.169919370990637,0.054,3.1780538303479458,239.0,0.076,0.0,0.21,62.0,59.0,0.1,1,0.42,0.548,0.032,14.902612860148443,0.516,20.350025877585416,19.93800336967164,Low,1.1431756460334943,0.6902463204317191,0.8248175182481751
0.016,41.0,8.054204897064407,26.0,9.57073837671504,22.447787385823826,0.039,5.241747015059643,239.0,0.014,0.1,0.21,76.0,69.0,0.4,1,0.249,0.687,0.064,14.016663682493354,0.42,20.682443843467823,19.279342367227173,Lower-Middle,0.8754637080471293,0.7619339926911832,0.4556040756914119
0.021,41.0,10.533748180040883,36.0,9.307376334487778,24.63173557103643,0.053,4.48863636973214,239.0,0.038,0.0,0.126,70.0,67.0,0.2,1,0.32,0.631,0.049,17.202843538116163,0.543,22.058793081275667,20.55484718650488,Upper-Middle,1.3054819852649306,1.0219621209323346,0.5847860538827259
0.045,41.0,7.5595594960077,55.625,8.99516499031115,22.26361027197581,0.064,2.772588722239781,239.0,0.099,0.0,0.22649999999999998,49.0,46.0,0.0,1,0.444,0.525,0.032,16.804895781544243,0.296,18.478949661510303,18.76427045543464,Lower-Middle,1.4248710574064518,0.7563216318425546,0.9066666666666666
0.03,41.0,7.536363938404511,55.625,6.981934677156389,22.31886444586049,0.065,5.093750200806762,239.0,0.049,0.0,0.147,56.0,52.0,0.1,1,0.401,0.565,0.033,14.49923245980705,0.347,19.763545549755886,18.430631084706523,Lower-Middle,1.450726188980932,0.9441776014495505,0.7681415929203541
0.052,41.0,6.78105762593618,35.0,9.57073837671504,21.72808609623645,0.068,2.772588722239781,239.0,0.09,0.0,0.12,53.0,53.0,0.0,1,0.486,0.489,0.025,16.321366318108392,0.165,17.147715103853763,17.479072229734946,Low,1.4775098545440786,0.6414932793033006,1.0449897750511248
0.043,41.0,11.44184827995307,36.0,11.502955933932737,24.93769951612982,0.075,3.6888794541139363,239.0,0.103,0.0,0.207,48.0,47.0,0.0,1,0.435,0.538,0.028,18.70247159971416,0.374,17.87595358575207,21.45370880273175,Upper-Middle,1.8703274637097362,0.9151314569461254,0.8605947955390334
0.039,41.0,6.52649485957079,18.0,9.57073837671504,21.336275787699076,0.063,2.6390573296152584,239.0,0.083,0.0,0.171,53.0,51.0,0.0,1,0.452,0.521,0.027,16.02665644924153,0.176,17.216707972959764,17.073607134447293,Low,1.3441853746250418,0.6174114453487176,0.9193857965451055
0.037,41.0,4.204692619390966,26.0,9.57073837671504,18.433748991226654,0.118,4.3694478524670215,239.0,0.052,0.1,0.22649999999999998,66.0,62.0,0.0,1,0.426,0.534,0.04,11.901285105175454,0.563,15.816990693309524,14.403297778421795,Low,2.175182380964745,0.3977671634228464,0.8726591760299625
0.039,41.0,8.519989278718239,55.625,7.846589975291186,22.64882060201514,0.054,3.58351893845611,239.0,0.062,0.0,0.12,61.0,58.0,0.1,1,0.445,0.524,0.032,16.183277964816877,0.408,19.410221941283584,18.675322970077882,Lower-Middle,1.2230363125088175,0.9630817413845161,0.9103053435114503
0.018,41.0,6.324358962381311,26.0,9.57073837671504,20.37100471489135,0.048,6.0014148779611505,239.0,0.012,0.1,0.106,76.0,66.0,0.6,1,0.258,0.664,0.078,11.324195417595107,0.506,19.36847014676186,17.804494623047066,Low,0.9778082263147848,0.5982892336369285,0.5060240963855421
0.043,41.0,6.483107351457199,26.0,9.57073837671504,21.039128991416984,0.118,3.828641396489095,239.0,0.1075,0.0,0.2,41.0,40.0,0.0,1,0.428,0.548,0.024,15.365785130389433,0.364,17.909855136853043,17.453096744006448,Low,2.482617220987204,0.6133069536313591,0.8248175182481752
0.047,41.0,6.3578422665081,26.0,9.57073837671504,23.436618790804065,0.061,5.267858159063328,239.0,0.105,0.0,0.12,53.0,50.0,0.0,1,0.476,0.495,0.029,15.899654401473203,0.344,20.350025877585416,19.93800336967164,Lower-Middle,1.429633746239048,0.6014567800214408,1.02020202020202
0.023,41.0,12.850061094007877,38.0,11.673129216510564,25.848534471969863,0.086,5.739792912179234,239.0,0.053,0.1,0.15,54.0,51.0,0.4,1,0.316,0.645,0.039,17.65300922149192,0.584,22.621485217425427,22.019361930421752,High,2.222973964589408,1.013961183104391,0.5503875968992248
0.041,41.0,9.051344640485725,26.0,9.57073837671504,23.436618790804065,0.061,5.267858159063328,239.0,0.095,0.1,0.12,51.0,49.0,0.5,1,0.444,0.525,0.031,15.823711972826477,0.169,20.350025877585416,19.93800336967164,Lower-Middle,1.429633746239048,0.8562641811686308,0.9047619047619047
0.039,41.0,9.11305824916963,26.0,9.597369917928662,23.59379034577086,0.038,3.1780538303479458,239.0,0.064,0.0,0.12,61.0,57.0,0.0,1,0.435,0.535,0.03,17.21584022994191,0.327,16.648723960844016,18.594634059479166,Upper-Middle,0.8965640331392927,0.8599358444355265,0.8691588785046728
0.032,41.0,6.948897222313312,26.0,9.57073837671504,21.34062235958452,0.058,4.59511985013459,239.0,0.082,0.0,0.146,46.0,46.0,0.1,1,0.43,0.539,0.031,13.899787366092937,0.223,18.064005814299346,16.951004817371683,Low,1.237756096855902,0.6573710345173399,0.8552875695732838
0.042,41.0,8.244596756382498,28.0,9.648079040634643,23.179355385238186,0.037,2.5649493574615367,239.0,0.066,0.0,0.145,53.0,51.0,0.0,1,0.446,0.524,0.03,17.41994348849269,0.236,20.298617910950526,19.74243658660135,Lower-Middle,0.8576361492538128,0.7742801987964119,0.9083969465648855
0.039,41.0,7.288927694521257,55.625,7.742402021815782,21.23829684029513,0.056,2.9444389791664403,239.0,0.072,0.0,0.12,55.0,53.0,0.0,1,0.433,0.539,0.028,15.47544327607865,0.343,17.073607134447293,17.426428497635523,Low,1.1893446230565274,0.8337442817583169,0.8552875695732839
0.017,41.0,9.971052738698551,11.0,8.990815266184685,24.035744384160935,0.054,5.0238805208462765,239.0,0.022,0.1,0.12,75.0,71.0,0.2,1,0.272,0.663,0.065,16.101946045246702,0.646,21.383373163944952,19.687628350256592,Upper-Middle,1.2979301967446906,0.9980219304471556,0.5082956259426847
0.047,41.0,7.444248649496705,34.0,9.57073837671504,22.569623379675654,0.076,2.9444389791664403,239.0,0.077,0.0,0.189,51.0,51.0,0.0,1,0.494,0.481,0.026,17.10534533631296,0.125,19.035866388448003,19.93800336967164,Lower-Middle,1.7152913768553497,0.7042316614225087,1.0810810810810811
0.045,41.0,7.650644551436897,35.0,8.82893352896109,22.191564384244035,0.067,3.332204510175204,239.0,0.086,0.0,0.22649999999999998,45.0,44.0,0.0,1,0.464,0.509,0.027,16.203770468483484,0.358,18.292847383806116,18.560442695023177,Lower-Middle,1.4868348137443506,0.778379925847923,0.9646365422396858
0.032,41.0,9.271247306879705,55.625,9.15915233520675,22.468560996432416,0.061,5.267858159063328,239.0,0.058,0.1,0.22649999999999998,42.0,43.0,0.0,1,0.416,0.549,0.035,16.354992510453634,0.345,17.926384438531027,19.93800336967164,Lower-Middle,1.3705822207823772,0.9126004809230006,0.8214936247723131
0.047,41.0,6.369900982828227,26.0,9.57073837671504,22.245761225947692,0.1,2.9444389791664403,239.0,0.088,0.0,0.12,57.0,55.0,0.0,1,0.494,0.485,0.02,16.956041762592054,0.222,20.350025877585416,19.93800336967164,Lower-Middle,2.2245761225947693,0.6025975438820514,1.0597938144329897
0.014,41.0,8.140315540159985,18.0,7.591861714889934,21.7554038690383,0.056,3.9512437185814275,239.0,0.023,0.0,0.208,76.0,69.0,0.0,1,0.233,0.655,0.112,14.926062287003802,0.643,18.31532023940565,18.390221546776935,Low,1.2183026166661448,0.9474448973093449,0.5267175572519084
0.014,41.0,10.329310689232171,55.625,9.405824915296419,22.707814951950933,0.066,4.060443010546419,239.0,0.05,0.1,0.155,71.0,65.0,0.1,1,0.28,0.658,0.062,15.92379474745002,0.52,18.064005814299346,18.603002309079653,Lower-Middle,1.4987157868287617,0.9926469812160905,0.5197568389057751
0.025,41.0,10.430698205551442,50.0,9.985712492791798,24.67284781957064,0.03,2.4849066497880004,239.0,0.056,0.0,0.16,67.0,66.0,0.0,1,0.354,0.605,0.042,18.75132163269377,0.254,17.893048018819147,19.779089904153416,Upper-Middle,0.7401854345871193,0.9494785351788039,0.6545454545454545
0.025,41.0,5.937536205082426,55.625,9.57073837671504,20.248492624099086,0.051,3.9512437185814275,239.0,0.051,0.0,0.15,63.0,62.0,0.0,1,0.365,0.595,0.04,13.331625424920537,0.287,15.894952224644102,19.93800336967164,Low,1.0326731238290534,0.5616955025735462,0.680672268907563
0.021,41.0,8.586346050104554,26.0,7.826443135456014,22.60384981272859,0.031,6.3561076606958915,239.0,0.008,0.2,0.055,79.0,75.0,0.5,1,0.295,0.675,0.03,12.776063002464136,0.726,18.635792131633828,19.96611332854275,Lower-Middle,0.7007193441945863,0.972797979699548,0.4814814814814814
0.026,41.0,7.7752758464868625,55.625,8.32263709695394,22.261905014302993,0.073,3.295836866004329,239.0,0.063,0.0,0.12,68.0,62.0,0.0,1,0.379,0.58,0.041,16.375398667352357,0.189,19.904555435678695,17.909855136853043,Lower-Middle,1.6251190660441184,0.8340210785451834,0.7241379310344828
0.012,41.0,15.325167471359057,48.0,14.171473748666756,28.126301781213925,0.048,4.127134385045092,239.0,0.024,0.1,0.053,75.0,72.0,0.2,1,0.225,0.702,0.074,20.976666976197475,0.398,23.652163622366636,23.5396321815919,High,1.3500624854982683,1.010130441197633,0.42592592592592593
0.012,41.0,8.235890725928495,25.0,7.903226808730733,22.10740150501412,0.085,4.31748811353631,239.0,0.026,0.0,0.22649999999999998,76.0,69.0,0.2,1,0.197,0.664,0.139,15.280824257139749,0.524,18.963005040591682,18.951309000896888,Low,1.8791291279262003,0.9250455933406267,0.5060240963855421
0.007,41.0,10.598308331848083,11.0,9.518486617560317,25.807055693053915,0.061,5.267858159063328,239.0,0.02,0.5,0.05,84.0,79.0,1.1,1,0.155,0.728,0.117,15.722204713855167,1.0,22.920934760101957,23.16099352397011,High,1.5742303972762888,1.0075887071201388,0.3736263736263737
0.024,41.0,14.063865611612528,55.625,13.101156084026508,27.15033093626794,0.043,3.2188758248682006,239.0,0.06,0.0,0.115,65.0,62.0,0.0,1,0.33,0.624,0.046,20.812911606956945,0.286,22.240588460692003,22.20145546299861,High,1.1674642302595215,0.9973555024714447,0.6025641025641025
0.021,41.0,12.666003842718693,55.625,12.015922525341635,26.18188262167903,0.025,3.332204510175204,239.0,0.036,0.0,0.169,70.0,66.0,0.1,1,0.301,0.651,0.048,19.20067337023611,0.444,22.218638793316703,22.210987990922302,High,0.6545470655419758,0.9731161059124576,0.5360983102918586
0.009,41.0,14.02854720616852,31.0,13.134762193418245,29.090319436514093,0.08,7.898782356970309,239.0,0.003,0.5,0.020500000000000018,85.0,78.0,0.7,1,0.141,0.672,0.188,18.665335274263377,0.832,23.163436592980165,24.320715074481853,High,2.3272255549211276,0.9924855483384656,0.48958333333333326
0.017,41.0,11.94351886310529,26.0,10.66993166215753,24.151873852144927,0.037,4.356708826689592,239.0,0.032,0.0,0.12,72.0,61.0,0.1,1,0.257,0.67,0.074,16.51747688980774,0.551,20.27384884287646,20.478643255232218,Upper-Middle,0.8936193325293622,1.0234437706122075,0.49402985074626865
0.016,41.0,11.261613893828098,26.0,9.904886573449835,23.436618790804065,0.061,5.267858159063328,239.0,0.03,0.1,0.12,71.0,64.0,0.5,1,0.253,0.679,0.068,16.970346126873523,0.596,20.350025877585416,19.93800336967164,Lower-Middle,1.429633746239048,1.032712611724618,0.4727540500736377
0.01,41.0,13.052404325029196,17.0,12.219571129681515,27.246124236062002,0.052,6.54534966033442,239.0,0.005,0.7,0.062,81.0,74.0,0.7,1,0.199,0.716,0.085,17.68377626508,0.807,22.669890016878135,23.126872044089577,High,1.416798460275224,0.9873545969825764,0.3966480446927375
0.021,41.0,8.580918882296782,21.0,7.85748078694253,21.375076714710605,0.054,3.091042453358316,239.0,0.037,0.0,0.191,72.0,65.0,0.0,1,0.326,0.617,0.057,15.43357138597211,0.353,17.9426449591384,17.370858648025116,Low,1.1542541425943726,0.9687764601134164,0.6207455429497569
0.029,41.0,7.029972911706386,55.625,9.57073837671504,21.428007742137343,0.049,2.9444389791664403,239.0,0.075,0.0,0.22649999999999998,65.0,62.0,0.0,1,0.418,0.545,0.037,15.541676727749431,0.251,18.15931599280497,15.424948670398354,Low,1.0499723793647298,0.6650408572396262,0.8348623853211008
0.008,41.0,7.337587743538596,26.0,9.57073837671504,22.793461463205514,0.061,5.267858159063328,239.0,0.02,0.3,0.06,81.0,76.0,0.8,1,0.197,0.73,0.074,13.018583833573906,1.0,22.376720634988672,19.970368654103833,Lower-Middle,1.3904011492555364,0.6941414574881214,0.3712328767123288
0.02,41.0,11.984596453399751,37.0,10.908155395027697,25.42558422546694,0.039,5.153291594497779,239.0,0.007,0.4,0.063,76.0,71.0,0.4,1,0.315,0.644,0.042,17.030002989786993,0.648,22.640041379637815,21.9473353432655,High,0.9915977847932107,1.0064192190844246,0.5543478260869564
0.022,41.0,6.395261598115449,13.0,9.57073837671504,20.67183323075016,0.06,5.298317366548036,239.0,0.025,0.1,0.14,74.0,71.0,0.2,1,0.37,0.587,0.043,12.569308519420602,0.313,19.811962649070857,17.909855136853043,Low,1.2403099938450095,0.6049966776401139,0.7035775127768313
0.019,41.0,8.991562278171614,20.0,7.8343923029104365,21.190325952051843,0.074,3.8918202981106265,239.0,0.042,0.1,0.22649999999999998,68.0,61.0,0.1,1,0.311,0.652,0.037,14.719160125939036,0.604,18.85246316687141,18.78532386448472,Low,1.5680841204518363,1.017790694580022,0.5337423312883435
0.02,41.0,9.194922119247803,26.0,9.551444720923957,23.436618790804065,0.023,1.6094379124341003,239.0,0.054,0.0,0.15,65.0,61.0,0.0,1,0.29,0.661,0.048,17.719040660574873,0.281,18.064005814299346,17.399029524198163,Lower-Middle,0.5390422321884935,0.8714372640377755,0.5113464447806353
0.03,41.0,7.990576881743923,31.0,9.071997422354437,22.568641336620836,0.054,2.70805020110221,239.0,0.052,0.0,0.074,65.0,63.0,0.0,1,0.399,0.559,0.041,17.01522509223594,0.146,19.26224793394093,18.594634059479166,Lower-Middle,1.218706632177525,0.7933458028900131,0.7871198568872987
0.029,41.0,11.68600444039725,24.0,11.137446252352321,25.145051514535602,0.029,2.833213344056216,239.0,0.083,0.1,0.12,65.0,64.0,0.0,1,0.395,0.564,0.04,18.84215026218176,0.341,20.245230037616313,20.874268711342783,Upper-Middle,0.7292064939215325,0.9628058652068117,0.7712765957446809
0.028,41.0,11.177914160667523,49.0,10.566768133489779,25.152989249224717,0.032,3.5263605246161616,239.0,0.029,0.0,0.095,71.0,64.0,0.3,1,0.377,0.59,0.033,18.229576919693514,0.471,21.32265163824103,21.223434881130302,Upper-Middle,0.804895655975191,0.9663817958193188,0.6949152542372882
0.011,41.0,10.346055748595795,8.0,10.1517138842178,25.29800058359001,0.036,6.714170529909472,239.0,0.003,0.5,0.053,82.0,77.0,0.8,1,0.201,0.72,0.079,15.23010103126416,1.0,22.069258901553056,22.849352386568594,High,0.9107280210092403,0.9277547698957562,0.38888888888888895
0.019,41.0,9.274347501950475,55.625,9.069122370060645,23.661462501660775,0.039,3.6635616461296463,239.0,0.013,0.0,0.103,77.0,70.0,0.1,1,0.258,0.675,0.067,16.769013649457207,0.184,20.379366085906838,19.951075451210514,Upper-Middle,0.9227970375647703,0.9210681091260405,0.48148148148148145
0.029,41.0,7.638679823876112,26.0,7.682943169878292,21.16417887327351,0.045,2.4849066497880004,239.0,0.061,0.0,0.167,69.0,61.0,0.0,1,0.402,0.561,0.037,15.691857775119885,0.264,15.64006001130563,14.557448378884015,Low,0.9523880492973079,0.8797339421010149,0.7825311942959001
0.013,41.0,12.35535004160444,33.0,11.397604396184764,25.683590364581345,0.036,4.382026634673881,239.0,0.017,0.1,0.059,75.0,68.0,0.3,1,0.231,0.696,0.073,17.98199497472372,0.35,23.07044181336397,21.98682743296665,High,0.9246092531249284,0.9965917323032725,0.4367816091954023
0.039,41.0,5.087596335232384,26.0,9.57073837671504,19.89429893553488,0.075,3.2188758248682006,239.0,0.072,0.1,0.167,63.0,60.0,0.0,1,0.491,0.483,0.026,13.746556971419945,0.253,20.350025877585416,19.93800336967164,Low,1.492072420165116,0.48129053562040797,1.0703933747412009
0.023,41.0,10.650554575085504,26.0,9.777357275391916,22.511258317305906,0.038,4.564348191467836,239.0,0.062,0.0,0.12,68.0,60.0,0.0,1,0.342,0.613,0.045,15.351955753039844,0.466,20.350025877585416,19.93800336967164,Lower-Middle,0.8554278160576244,0.9882343419572865,0.6313213703099511
0.02,41.0,11.717367222848265,29.0,10.847646337752757,23.038580800430406,0.052,3.044522437723423,239.0,0.049,0.0,0.12,71.0,64.0,0.0,1,0.349,0.605,0.046,17.056838477580133,0.37,17.6867115897055,19.93800336967164,Lower-Middle,1.1980062016223811,0.9890037977847672,0.652892561983471
0.017,41.0,11.274262101997982,55.625,10.46629823136807,24.47786450815985,0.052,3.258096538021482,239.0,0.025,0.0,0.095,79.0,70.0,0.0,1,0.289,0.646,0.065,18.2033751311656,0.261,21.05973807428191,19.93800336967164,Upper-Middle,1.2728489544243122,0.9832521250106038,0.5479876160990712
0.016,41.0,8.365206834418355,41.0,7.589335823170617,22.455332816569037,0.062,4.6913478822291435,239.0,0.02,0.0,0.143,79.0,72.0,0.3,1,0.282,0.64,0.078,14.925280369328261,0.446,20.101508654335337,20.044021563527846,Lower-Middle,1.3922306346272804,0.9739061327480465,0.5625
0.01,41.0,6.284134161070802,26.0,9.57073837671504,21.374521949647455,0.058,7.545389749611823,239.0,0.003,0.1,0.12,75.0,69.0,0.7,1,0.2995,0.6425000000000001,0.052,11.233793403447164,0.912,20.350025877585416,19.93800336967164,Low,1.2397222730795525,0.5944839364214459,0.5470817120622568
0.01,41.0,11.188828339816398,25.0,10.380187461572742,26.26038660292719,0.103,8.07837810362652,239.0,0.004,0.4,0.12,82.0,76.0,0.9,1,0.165,0.678,0.157,15.910016066220562,0.658,23.43981316836867,23.00166069124169,High,2.7048198201015006,0.983184888438569,0.4749262536873156
0.009,41.0,10.891596494200753,55.625,10.166236358442697,23.603892264995267,0.066,4.795790545596741,239.0,0.009,0.1,0.22649999999999998,75.0,63.0,0.1,1,0.166,0.691,0.143,16.097586876398836,0.714,19.641510668294575,19.893152803606885,Upper-Middle,1.5578568894896876,0.9754044375001707,0.44717800289435605
0.011,41.0,11.651269010591795,55.625,10.989402908557974,26.465273709895634,0.1,8.006700845440367,239.0,0.004,0.5,0.069,81.0,75.0,0.8,1,0.173,0.655,0.172,16.155018919312916,0.973,22.90345728183941,23.318669786572006,High,2.6465273709895634,0.971797269593399,0.5267175572519084
0.009,41.0,10.053587180780166,55.625,8.38958706681109,22.847922134467584,0.08,5.1647859739235145,239.0,0.007,0.0,0.109,78.0,73.0,0.3,1,0.194,0.684,0.122,15.175404473977691,0.392,19.816925438400673,18.7922443072814,Lower-Middle,1.8278337707574068,1.0707166469882454,0.4619883040935672
0.009,41.0,10.7644558312215,32.0,9.87302834505142,23.751861003315007,0.076,5.308267697401205,239.0,0.016,0.1,0.085,76.0,69.0,0.4,1,0.143,0.685,0.171,15.872649996258474,0.699,21.441593316524223,21.106485336788918,Upper-Middle,1.8051414362519405,0.9900145101820383,0.45839416058394156
0.009,41.0,10.06658381534495,29.0,9.08398318309966,24.253835404717062,0.064,6.206575926724928,239.0,0.006,0.2,0.116,78.0,71.0,0.6,1,0.164,0.67,0.166,15.306165159633608,0.56,22.597066016664215,20.379366085906838,Upper-Middle,1.552245465901892,0.9982745540686868,0.4925373134328358
0.012,41.0,8.95531908176395,26.0,7.75491027202143,23.312498324222346,0.068,7.119635638017636,239.0,0.005,0.3,0.069,81.0,76.0,0.6,1,0.209,0.686,0.105,13.813651831602208,0.686,21.56698587641584,20.36659089443625,Lower-Middle,1.5852498860471196,1.022891018127619,0.45772594752186585
0.009,41.0,11.71488623701653,40.0,10.701355043866476,25.280217268396488,0.071,6.502790045915623,239.0,0.005,0.3,0.059,79.0,72.0,1.0,1,0.154,0.707,0.139,16.1373097717852,0.737,22.126663106211726,21.50121361965817,High,1.7948954260561505,1.0011563783082666,0.4144271570014145
0.012,41.0,10.928381536709955,7.0,9.907877900837422,26.082781100411424,0.095,8.231376045573969,239.0,0.004,0.8,0.12,80.0,75.0,0.9,1,0.188,0.663,0.149,15.500162616230627,0.854,22.3854859350092,22.61923516022507,High,2.4778642045390855,1.001879708964377,0.5082956259426847
0.01,41.0,9.744081420312915,55.625,8.55429627936774,23.0102486263568,0.049,5.8664680569332965,239.0,0.007,0.5,0.055,77.0,66.0,0.8,1,0.161,0.676,0.163,14.130847436741202,0.69,20.598835759700737,19.816925438400673,Lower-Middle,1.127502182691483,1.0198638534326185,0.47928994082840237
0.02,41.0,6.656726524178391,26.0,9.57073837671504,21.119933615106987,0.061,5.267858159063328,239.0,0.02,0.6,0.12,82.0,77.0,0.8,1,0.2995,0.6425000000000001,0.052,10.785373157686106,0.387,20.350025877585416,19.93800336967164,Low,1.2883159505215263,0.6297314612233392,0.5470817120622568
0.011,41.0,11.14025179258698,31.0,10.511839081391358,25.824693287666967,0.082,7.8528278122817445,239.0,0.003,0.7,0.041,82.0,75.0,0.9,1,0.177,0.668,0.155,15.466668941167933,0.826,21.707588979586085,21.806426021394124,High,2.1176248495886916,0.9677212922994172,0.497005988023952
0.013,41.0,12.867708518950863,41.0,12.490800358155518,28.214473470237724,0.108,8.051340933292979,239.0,0.004,0.4,0.066,83.0,76.0,0.7,1,0.186,0.651,0.163,17.94654820246795,0.766,24.55168981851999,24.208130120211795,High,3.047163134785674,0.9538135749797839,0.5360983102918586
0.009,41.0,13.633277397263269,45.0,12.731011211577416,28.516363819182345,0.109,8.073091199693154,239.0,0.004,0.6,0.12,81.0,76.0,0.8,1,0.148,0.673,0.179,18.22872303218683,0.732,24.127923890270765,25.01650224069409,High,3.1082836562908756,0.9928822566081847,0.48588410104011875
0.01,41.0,11.469381017936865,38.0,10.279935711573799,25.985179923160466,0.089,7.365180126021013,239.0,0.006,0.2,0.068,81.0,77.0,0.8,1,0.146,0.674,0.18,16.215070353766187,0.737,23.106693317876793,21.6148539565902,High,2.3126810131612814,1.0167948923830021,0.4836795252225518
0.009,41.0,10.98652924621328,52.0,10.171107213950854,25.148571920867695,0.086,6.561030665896573,239.0,0.008,0.2,0.096,77.0,68.0,0.8,1,0.16,0.685,0.155,16.130967748893916,0.655,22.138876252643133,21.716517610327063,Upper-Middle,2.1627771851946216,0.983477200227112,0.45985401459854014
0.014,41.0,7.681560362559537,26.0,8.09376775793108,23.11842089742629,0.106,8.299285906897275,239.0,0.003,0.8,0.12,83.0,80.0,1.0,1,0.225,0.658,0.117,12.575986566199395,0.928,20.001719183922383,20.077002244193714,Lower-Middle,2.4505526151271866,0.8447060192251014,0.5197568389057751
0.015,41.0,10.676785127278901,18.0,9.551231402759107,25.790472750996457,0.073,7.978996370854115,239.0,0.005,0.3,0.028,81.0,76.0,0.9,1,0.208,0.681,0.111,15.200935040849775,0.599,22.37307764371087,22.29852629778588,High,1.8827045108227414,1.011899438058667,0.4684287812041116
0.02,41.0,9.051344640485725,26.0,9.57073837671504,21.540801658258008,0.061,5.267858159063328,239.0,0.02,0.1,0.12,75.0,69.0,0.5,1,0.2995,0.6425000000000001,0.052,11.277228447584399,0.519,20.350025877585416,19.93800336967164,Low,1.3139889011537385,0.8562641811686308,0.5470817120622568
0.009,41.0,13.056971158637277,23.0,12.097506998923398,28.046108802427153,0.082,7.67693714581808,239.0,0.004,0.3,0.058,83.0,77.0,1.0,1,0.142,0.667,0.192,17.864041591438777,0.675,24.207302013614786,23.890048047298432,High,2.2997809217990266,0.9969050720652828,0.5007496251874062
0.018,41.0,9.051344640485725,26.0,7.598399329323964,21.933742381429795,0.061,5.267858159063328,239.0,0.02,0.1,0.12,71.0,66.0,0.5,1,0.2995,0.6425000000000001,0.052,14.3481761440141,0.56,20.350025877585416,19.93800336967164,Low,1.3379582852672174,1.0526778640783798,0.5470817120622568
0.009,41.0,8.866299565855018,16.0,8.37216741936598,23.13796929399696,0.062,5.69035945432406,239.0,0.012,0.3,0.054,77.0,66.0,0.5,1,0.158,0.679,0.163,14.64316940052768,0.678,19.417629382534013,19.71540791428649,Lower-Middle,1.4345540962278116,0.9460244540162959,0.4727540500736377
0.01,41.0,9.051344640485725,26.0,9.57073837671504,21.845205068541464,0.061,5.267858159063328,239.0,0.02,0.6,0.12,82.0,78.0,0.7,1,0.2995,0.6425000000000001,0.052,10.438283576940698,0.149,20.350025877585416,19.93800336967164,Low,1.3325575091810293,0.8562641811686308,0.5470817120622568
0.009,41.0,9.466222131878165,26.0,9.132811169466946,23.646895579995963,0.065,5.863631175598097,239.0,0.009,0.3,0.058,78.0,67.0,0.6,1,0.18,0.673,0.147,15.043750713738172,0.667,20.36659089443625,19.980928414296535,Upper-Middle,1.5370482126997376,0.9342147972127021,0.48588410104011875
0.012,41.0,9.200895913148184,26.0,8.254268770090183,24.095534879777194,0.077,8.514188682395938,239.0,0.003,0.5,0.12,81.0,75.0,1.2,1,0.189,0.668,0.144,13.02062075372012,0.857,21.87035077938286,21.617310960282243,Upper-Middle,1.855356185742844,0.9942326229907542,0.49850299401197595
0.012,41.0,9.333442569110167,48.0,7.9291264873067995,22.2827194147733,0.093,5.3612921657094255,239.0,0.013,0.2,0.16,76.0,71.0,0.4,1,0.208,0.684,0.108,14.548295191752368,0.579,18.26985786584569,18.078190449090098,Lower-Middle,2.0722929055739168,1.0452805862228653,0.4619883040935672
0.01,41.0,7.8567067930958405,26.0,6.717804695023691,22.356346361156817,0.082,6.980075940561763,239.0,0.006,0.3,0.059,81.0,76.0,0.7,1,0.185,0.691,0.123,12.895671036578872,0.932,20.582853684380414,19.28778123583743,Lower-Middle,1.833220401614859,1.0179976176595542,0.44573082489146165
0.012,41.0,8.364275084991524,42.0,8.119993827725105,21.40681790882932,0.083,3.8501476017100584,239.0,0.021,0.1,0.193,72.0,64.0,0.1,1,0.208,0.683,0.108,15.100014412243704,0.455,18.184958423089522,18.586195190904515,Low,1.7767658864328337,0.9171360466893992,0.4626647144948755
0.02,41.0,9.051344640485725,26.0,9.57073837671504,22.00113627329185,0.039,8.34687925374656,239.0,0.004,0.5,0.12,75.0,69.0,0.5,1,0.2995,0.6425000000000001,0.052,10.403323005002216,1.0,20.350025877585416,19.93800336967164,Low,0.858044314658382,0.8562641811686308,0.5470817120622568
0.013,41.0,9.051344640485725,26.0,9.57073837671504,21.258391377085754,0.091,5.541263545158426,239.0,0.011,0.1,0.12,76.0,71.0,0.5,1,0.205,0.67,0.125,13.326852410093295,0.616,20.350025877585416,19.93800336967164,Low,1.9345136153148035,0.8562641811686308,0.49253731343283574
0.012,41.0,12.072781224110258,9.0,11.264605121369573,27.011705345583312,0.098,8.086410275323782,239.0,0.005,0.6,0.03,81.0,76.0,0.8,1,0.186,0.676,0.138,16.602082495264494,0.803,23.404492824073223,23.48876700174724,High,2.647147123867165,0.9843595537433908,0.47928994082840237
0.012,41.0,10.660219674721183,18.0,10.204369620451853,26.13883629577342,0.106,8.560444233410552,239.0,0.004,0.8,0.047,82.0,77.0,0.9,1,0.199,0.653,0.148,15.333897527154416,0.772,21.818204720582774,22.681810123960354,High,2.7707166473519824,0.9514341311324283,0.5313935681470138
0.009,41.0,12.62759809318485,31.0,11.419778942769714,26.102245205410327,0.062,5.872117789475416,239.0,0.007,0.2,0.073,79.0,71.0,0.5,1,0.174,0.696,0.13,17.45846572610402,0.617,22.277825088081805,21.91293685686581,High,1.6183392027354402,1.0167329186270357,0.4367816091954023
0.011,41.0,11.02315984760253,55.625,10.131817630537638,25.810441968535237,0.097,7.323170717943469,239.0,0.004,0.3,0.12,81.0,74.0,1.0,1,0.158,0.674,0.168,16.16295639075613,0.563,22.755877791400444,21.815860053624302,High,2.503612870947918,0.9902389900246812,0.4836795252225519
0.01,41.0,11.471488698182888,29.0,10.58471396220038,24.808670855365783,0.053,4.990432586778736,239.0,0.021,0.1,0.22649999999999998,75.0,68.0,0.3,1,0.166,0.691,0.143,16.88701460093623,0.529,20.07509202394124,20.164649551092324,Upper-Middle,1.3148595553343865,0.9902263219975104,0.44717800289435605
0.01,41.0,14.288618115038094,43.0,13.377507795236045,26.787859487905322,0.056,5.123963979403259,239.0,0.017,0.1,0.13,72.0,59.0,0.2,1,0.162,0.705,0.134,18.78994834946414,0.734,22.494652516536625,23.320533442111458,High,1.5001201313226982,0.9938174486521646,0.4198581560283689
0.02,41.0,9.051344640485725,26.0,9.57073837671504,20.839253061988597,0.051,7.950854857719988,239.0,0.004,0.5,0.075,85.0,78.0,0.6,1,0.2995,0.6425000000000001,0.052,10.264687244346277,0.94,20.350025877585416,19.93800336967164,Low,1.0628019061614185,0.8562641811686308,0.5470817120622568
0.011,41.0,9.051344640485725,55.625,9.719324300862802,23.69628112104334,0.088,5.147494476813453,239.0,0.009,0.1,0.155,75.0,70.0,0.5,1,0.189,0.674,0.137,15.827822491203936,0.54,18.884414766473814,18.78532386448472,Upper-Middle,2.0852727386518137,0.8443950743944915,0.4836795252225519
0.01,41.0,10.58392936059852,55.625,9.833065088239582,24.548366548253295,0.058,5.8888779583328805,239.0,0.009,0.4,0.085,78.0,70.0,0.7,1,0.179,0.706,0.116,15.496966760687014,0.559,20.59087665004222,20.310776115411855,Upper-Middle,1.4238052597986912,0.9770022864617027,0.4178470254957507
0.009,41.0,9.648659816955295,55.625,8.841158975945264,24.0957918302012,0.086,7.142036574706803,239.0,0.004,0.3,0.108,81.0,73.0,0.9,1,0.147,0.703,0.15,14.506522460439706,0.507,21.07884017614188,20.506352836625073,Upper-Middle,2.072238097397303,0.9804393812293354,0.422475106685633
0.01,41.0,12.679501651468984,55.625,11.799584514312267,27.50754158124756,0.082,7.456454555176209,239.0,0.005,0.4,0.12,83.0,76.0,0.9,1,0.145,0.687,0.169,17.557637987331773,0.768,24.50433697707262,23.15071991207459,High,2.2556184096622998,0.9906182218095432,0.4570596797671033
0.011,41.0,10.91111695182567,16.0,10.832082278866448,26.474928233544716,0.093,8.094988759303774,239.0,0.003,0.8,0.048,82.0,78.0,1.0,1,0.179,0.649,0.172,16.008083220793743,0.842,22.602425496608017,22.961312408909553,High,2.4621683257196585,0.9221637151149857,0.5408320493066255
0.01,41.0,10.601771517201225,20.0,10.165736425730918,26.53612668673792,0.109,8.517793011488205,239.0,0.004,0.7,0.033,83.0,78.0,0.8,1,0.168,0.676,0.156,15.808713424043855,0.734,23.073974205217485,22.87665462369442,High,2.8924378088544334,0.9494914722122526,0.47928994082840237
0.02,41.0,12.294587059060913,38.0,11.262333632696789,26.437016144226718,0.053,5.4510384535657,239.0,0.029,0.1,0.12,75.0,68.0,0.4,1,0.293,0.643,0.064,18.004229498628792,0.666,23.303709913519217,21.47137457605359,High,1.401161855644016,1.0026302845225252,0.5552099533437014
0.009,41.0,12.772124818286287,40.0,11.882017002964034,24.637944379093764,0.069,4.30406509320417,239.0,0.014,0.0,0.179,74.0,63.0,0.1,1,0.156,0.693,0.15,17.68280710218628,0.674,20.908915184663606,20.675125462667793,Upper-Middle,1.70001816215747,0.9914693339829886,0.4415584415584416
0.012,41.0,13.20051075160607,13.0,12.310797459172283,28.259705092243067,0.078,7.801800401908973,239.0,0.005,0.6,0.037,81.0,76.0,0.9,1,0.183,0.658,0.159,17.903964102163318,0.793,24.148700443005147,24.794461178286596,High,2.204256997194959,0.9917144928465411,0.519756838905775
0.02,41.0,9.709235104874208,26.0,8.817742129574842,23.12796668058743,0.037,6.285998094508865,239.0,0.01,0.2,0.083,76.0,74.0,0.6,1,0.294,0.683,0.023,13.556816250957148,0.884,20.910574936080593,20.013989276489102,Lower-Middle,0.8557347671817349,0.9889478636463909,0.46412884333821375
0.018,41.0,12.945292014192502,29.0,11.868149356641647,25.631570698066287,0.047,4.584967478670572,239.0,0.024,0.1,0.12,72.0,70.0,0.1,1,0.289,0.664,0.047,18.042974352884663,0.662,20.959128161458285,22.139119000550565,High,1.2046838228091155,1.0059948525163052,0.5060240963855421
0.035,41.0,11.419921623521773,26.0,10.206809186975589,23.436618790804065,0.044,2.833213344056216,239.0,0.034,0.0,0.12,73.0,68.0,0.0,1,0.422,0.543,0.035,17.072049421902683,0.687,20.350025877585416,19.93800336967164,Lower-Middle,1.0312112267953788,1.0190163348898509,0.8416206261510127
0.022,41.0,11.084033068411356,20.0,9.889946281969461,25.499640036699446,0.077,7.21890970761906,239.0,0.005,0.2,0.106,82.0,78.0,1.0,1,0.28,0.62,0.1,15.716079737533127,0.914,21.628697825890058,21.92953600062034,High,1.9634722828258573,1.0178225660087272,0.6129032258064516
0.03,41.0,9.768297642474444,55.625,8.551981016901902,23.04496937490394,0.092,5.236441962829949,239.0,0.022,0.1,0.093,74.0,71.0,0.3,1,0.387,0.582,0.031,15.457222224596986,0.806,20.959128161458285,20.036100730052084,Lower-Middle,2.1201371824911623,1.0226462579008246,0.7182130584192441
0.022,41.0,11.029358264975064,35.0,9.99888863729938,24.591876781171436,0.032,6.591673732008658,239.0,0.01,0.2,0.054,75.0,73.0,0.7,1,0.256,0.71,0.034,14.56520535475417,0.982,19.6085241693972,22.045021677195397,Upper-Middle,0.7869400569974859,1.0027702460385275,0.4084507042253522
0.016,41.0,9.810384934273804,46.0,8.560444233410552,23.723135476834322,0.093,6.212606095751519,239.0,0.014,0.1,0.134,78.0,74.0,0.2,1,0.284,0.643,0.073,15.12116709686509,0.863,22.637537880797307,21.922929369985543,Upper-Middle,2.206251599345592,1.0261432099556413,0.5552099533437014
0.022,41.0,10.385666757711997,35.0,9.143238568435446,23.793282556685238,0.032,5.68697535633982,239.0,0.012,0.1,0.082,76.0,72.0,0.2,1,0.364,0.612,0.025,14.686436492396266,0.715,20.11812953554068,20.50510982838702,Upper-Middle,0.7613850418139276,1.0239004719884,0.6356209150326798
0.017,41.0,10.49565350324196,26.0,9.560010841762033,23.881703120294166,0.041,7.29776828253138,239.0,0.01,0.2,0.12,78.0,76.0,0.6,1,0.269,0.716,0.015,13.400357169664668,0.969,19.72630720471483,19.970368654103833,Upper-Middle,0.9791498279320608,0.9939055613214375,0.3966480446927375
0.024,41.0,12.698549963960954,55.625,11.706706114853077,26.091914911677442,0.04,5.953243334287785,239.0,0.018,0.1,0.12,75.0,72.0,0.3,1,0.359,0.608,0.033,16.944563814508232,0.805,21.95232142193238,22.149982112805315,High,1.0436765964670978,0.9993581223317513,0.6447368421052632
0.028,41.0,10.902040066577316,43.0,9.713778777308155,23.806466014753102,0.051,4.110873864173311,239.0,0.018,0.0,0.075,76.0,72.0,0.1,1,0.396,0.57,0.034,16.666129020910645,0.53,20.592017551476708,20.414019587941187,Upper-Middle,1.214129766752408,1.0175718850633633,0.7543859649122808
0.016,41.0,11.579115746200701,19.0,10.601398368945096,25.54633674757999,0.026,6.876264611890766,239.0,0.009,0.3,0.12,76.0,74.0,0.9,1,0.234,0.756,0.01,15.030202209640098,0.815,21.086519096940677,22.09849925095966,High,0.6642047554370797,0.9980793157828247,0.3227513227513228
0.037,41.0,9.758808541166685,55.625,8.64259160081057,23.189479531004938,0.05,3.58351893845611,239.0,0.061,0.0,0.18,63.0,60.0,0.0,1,0.47,0.503,0.027,16.764219722686544,0.278,18.749984498289212,18.71335036537787,Lower-Middle,1.1594739765502469,1.0120524590449673,0.9880715705765407
0.02,41.0,9.051344640485725,26.0,9.57073837671504,23.436618790804065,0.061,5.267858159063328,239.0,0.02,0.1,0.12,75.0,69.0,0.0,1,0.2995,0.6425000000000001,0.052,10.98729072555053,0.883,20.350025877585416,19.93800336967164,Lower-Middle,1.429633746239048,0.8562641811686308,0.5470817120622568
0.013,41.0,12.755571717342596,3.0,11.615617423193774,26.868873991723788,0.083,7.751045117971802,239.0,0.005,0.1,0.084,83.0,78.0,0.7,1,0.202,0.671,0.127,16.805999157458086,0.877,23.535495857018358,23.039260616949043,High,2.2301165413130746,1.0110937332239893,0.4903129657228018
0.024,41.0,6.760414691083428,45.0,9.57073837671504,21.563079656203314,0.034,4.564348191467836,239.0,0.02,0.1,0.076,71.0,66.0,0.1,1,0.324,0.638,0.038,13.613669733723945,0.491,20.02208648670533,18.292847383806116,Low,0.7331447083109127,0.6395404417514581,0.567398119122257
0.019,41.0,6.684611727667927,26.0,9.57073837671504,23.436618790804065,0.061,5.267858159063328,239.0,0.02,0.1,0.12,76.0,71.0,0.2,1,0.294,0.659,0.046,12.423347006795465,0.56,20.294020201708943,19.629641092774417,Lower-Middle,1.429633746239048,0.6323694229716842,0.5159332321699545
0.02,41.0,9.051344640485725,26.0,9.57073837671504,23.436618790804065,0.061,5.267858159063328,239.0,0.02,0.3,0.12,79.0,74.0,0.5,1,0.3,0.64,0.06,11.969235767083962,0.934,20.350025877585416,19.93800336967164,Lower-Middle,1.429633746239048,0.8562641811686308,0.5625
0.026,41.0,3.713572066704308,21.0,9.57073837671504,18.316969079303394,0.096,4.6443908991413725,239.0,0.051,0.0,0.12,69.0,63.0,0.0,1,0.383,0.582,0.035,11.377930144182711,0.435,20.350025877585416,19.93800336967164,Low,1.758429031613126,0.3513067805068823,0.7182130584192441
0.02,41.0,4.442651256490317,17.0,9.57073837671504,18.658812102840333,0.118,6.021023349349527,239.0,0.033,0.0,0.12,75.0,69.0,0.0,1,0.2995,0.6425000000000001,0.052,10.861227282322822,0.693,15.201805169084134,12.611541086966115,Low,2.201739828135159,0.420278233947827,0.5470817120622568
0.028,41.0,4.997212273764115,16.0,9.57073837671504,19.316731971913647,0.095,5.389071729816501,239.0,0.039,0.1,0.15,68.0,67.0,0.1,1,0.393,0.568,0.039,11.578872368871034,0.223,16.648723960844016,15.607270193858982,Low,1.8350895373317966,0.4727401337234729,0.7605633802816902
0.018,41.0,7.919719760924575,26.0,9.57073837671504,23.436618790804065,0.061,5.267858159063328,239.0,0.02,0.3,0.12,79.0,72.0,0.4,1,0.278,0.659,0.063,12.327121453852316,0.629,19.093625222296833,18.667540829696392,Lower-Middle,1.429633746239048,0.7492115951303777,0.5174506828528073
0.014,41.0,10.432320074594577,12.0,9.731987234373756,25.194223664253787,0.079,7.3796321526095525,239.0,0.006,0.6,0.07,81.0,77.0,0.6,1,0.221,0.661,0.119,15.208582151674639,0.86,22.165940531738705,21.223434881130302,Upper-Middle,1.9903436694760492,0.9720771975185203,0.5143721633888048
0.034,41.0,8.286269452783065,51.0,9.57073837671504,21.98639181520484,0.041,3.258096538021482,239.0,0.057,0.0,0.134,62.0,58.0,0.0,1,0.401,0.573,0.026,15.573937796181498,0.131,15.404745967162468,17.76675429577647,Low,0.9014420644233985,0.7838874785734792,0.7452006980802793
0.03,41.0,5.017279836814924,42.0,9.57073837671504,19.52562611624477,0.051,4.543294782270004,239.0,0.017,0.0,0.113,74.0,67.0,0.1,1,0.401,0.552,0.047,12.087728202314052,0.217,17.804494623047066,19.93800336967164,Low,0.9958069319284831,0.4746385406592659,0.8115942028985507
0.035,41.0,5.198497031265826,55.625,9.57073837671504,19.622860866383878,0.06,3.828641396489095,239.0,0.029,0.0,0.147,66.0,63.0,0.0,1,0.415,0.556,0.029,13.008827310595269,0.17,14.285514812209815,15.671808704579888,Low,1.1773716519830326,0.49178182696460887,0.7985611510791366
0.029,41.0,5.176149732573829,32.0,9.57073837671504,19.153522337951895,0.051,4.672828834461906,239.0,0.014,0.0,0.113,74.0,69.0,0.1,1,0.382,0.559,0.06,11.509840712008303,0.231,16.14765455028724,16.395727463314174,Low,0.9768296392355466,0.48966775527958606,0.7906976744186046
0.031,41.0,4.406719247264253,39.0,9.57073837671504,19.566377441228415,0.037,4.07753744390572,239.0,0.018,0.0,0.059,71.0,67.0,0.0,1,0.404,0.564,0.032,12.200823894907005,0.225,18.234351177809064,16.454567959008102,Low,0.7239559653254514,0.41687903817308214,0.773049645390071
0.019,41.0,5.966146739123692,26.0,9.57073837671504,20.55984621371049,0.044,6.126869184114185,239.0,0.012,0.2,0.128,77.0,72.0,0.6,1,0.288,0.64,0.071,11.301030905833908,0.305,19.519293035953808,17.370858648025116,Low,0.9046332334032615,0.5644020811512819,0.5609375
0.018,41.0,11.79906635040318,55.625,10.986105951449888,25.77943993114392,0.082,5.638354669333745,239.0,0.017,0.1,0.191,78.0,71.0,0.2,1,0.27,0.629,0.101,17.4523177828207,0.897,21.55878025922693,21.820877625614603,High,2.1139140743538016,0.9843952988731856,0.589825119236884
0.013,41.0,7.721348612617949,26.0,9.57073837671504,21.42700753538096,0.061,5.267858159063328,239.0,0.02,0.2,0.115,76.0,72.0,0.7,1,0.221,0.698,0.081,11.482631192336628,0.456,20.570114658617737,19.176802728368536,Low,1.3070474596582384,0.7304455315653582,0.4326647564469914
0.016,41.0,7.325807502595773,26.0,9.57073837671504,22.66190921845657,0.056,7.121252453244542,239.0,0.013,0.2,0.06,76.0,70.0,0.4,1,0.271,0.67,0.059,12.662310079011762,0.822,21.29424538409712,19.816925438400673,Lower-Middle,1.269066916233568,0.6930270376128956,0.4925373134328358
0.013,41.0,7.146772179452637,26.0,9.57073837671504,21.908422727320406,0.071,6.555356891810665,239.0,0.015,0.4,0.085,76.0,71.0,0.5,1,0.211,0.677,0.112,12.509301980513213,0.333,20.45799736063531,18.845948485892656,Low,1.5554980136397487,0.6760901580153917,0.4771048744460857
0.028,41.0,5.926926025970411,26.0,9.57073837671504,20.713568974977292,0.045,5.1647859739235145,239.0,0.019,0.1,0.143,75.0,68.0,0.2,1,0.388,0.57,0.042,12.462058921493854,0.469,18.826145858727198,17.72753358339242,Low,0.9321106038739781,0.5606917714495797,0.7543859649122807
0.013,41.0,6.236369590203704,26.0,9.57073837671504,22.155136871405094,0.061,5.267858159063328,239.0,0.02,0.6,0.12,81.0,76.0,0.6,1,0.2995,0.6425000000000001,0.052,11.056051266296711,1.0,19.667713040612313,19.328939308161516,Lower-Middle,1.3514633491557106,0.5899653711930876,0.5470817120622568
0.03,41.0,9.556055475678573,55.625,8.213110697596676,22.812954265378604,0.056,3.9318256327243257,239.0,0.049,0.0,0.177,66.0,62.0,0.1,1,0.39,0.567,0.043,16.014598731060037,0.633,19.30857200542005,19.098714291778403,Lower-Middle,1.2775254388612018,1.0372235599178632,0.763668430335097
0.019,41.0,12.681135331142636,55.625,12.200944519137543,27.037663681949873,0.07,5.3706380281276624,239.0,0.024,0.1,0.22649999999999998,75.0,67.0,0.3,1,0.283,0.658,0.059,19.018158916336784,0.822,21.706467274477305,21.778970624951192,High,1.8926364577364914,0.9606233336378822,0.519756838905775
0.011,41.0,13.22344957114954,3.0,12.476248626627266,27.511957998595847,0.098,7.893945138235959,239.0,0.005,0.6,0.047,82.0,77.0,0.4,1,0.183,0.689,0.129,17.27106988588208,0.8,23.227648263316794,23.514982939682508,High,2.696171883862393,0.9812411404329371,0.4528301886792453
0.02,41.0,6.175867270105761,26.0,9.57073837671504,23.436618790804065,0.061,5.267858159063328,239.0,0.02,0.1,0.12,75.0,69.0,0.5,1,0.2995,0.6425000000000001,0.052,10.73711380957344,1.0,20.06548580215426,19.93800336967164,Lower-Middle,1.429633746239048,0.5842418050672608,0.5470817120622568
0.016,41.0,10.916523797267468,27.0,10.159446732791961,25.077923669297142,0.071,5.82600010738045,239.0,0.008,0.3,0.062,81.0,75.0,0.5,1,0.261,0.662,0.077,16.58782793089216,0.869,20.992529324638117,20.826724546216354,Upper-Middle,1.7805325805200969,0.9782316326838439,0.5105740181268882
0.022,41.0,10.95820019891422,55.625,10.155684924241076,25.273817021075757,0.059,4.90527477843843,239.0,0.02,0.1,0.152,76.0,68.0,0.1,1,0.316,0.635,0.049,17.55012914563131,0.73,20.898059128159204,21.022629414913318,High,1.4911552042434697,0.9822973912701922,0.5748031496062992
0.018,41.0,8.798907492088226,55.625,8.101071503119543,23.586468274265076,0.081,5.840641657373398,239.0,0.009,0.2,0.22649999999999998,81.0,76.0,0.2,1,0.293,0.65,0.057,15.243701376162731,0.631,21.076735650638444,19.888555094368826,Upper-Middle,1.9105039302154712,0.9667990729522622,0.5384615384615384
0.012,41.0,10.145923797230747,26.0,9.36417671669105,24.30404491432543,0.063,5.313205979041787,239.0,0.006,0.1,0.12,79.0,75.0,0.0,1,0.204,0.691,0.105,16.235516576616345,0.759,21.415912892964926,19.93800336967164,Upper-Middle,1.5311548296025022,0.9789416057419383,0.44717800289435605
0.02,41.0,9.051344640485725,26.0,9.57073837671504,23.436618790804065,0.061,5.267858159063328,239.0,0.02,0.1,0.12,75.0,69.0,0.5,1,0.225,0.66,0.114,11.784889656179956,0.908,19.222682333908697,18.985994558684244,Lower-Middle,1.429633746239048,0.8562641811686308,0.5136363636363637
0.02,41.0,4.74493212836325,26.0,9.57073837671504,19.64681783759527,0.049,5.484796933490655,239.0,0.013,0.2,0.115,75.0,69.0,0.3,1,0.2995,0.6425000000000001,0.052,11.157093023169736,0.66,17.76675429577647,16.012735246411598,Low,0.9626940740421682,0.44887423747193184,0.5470817120622568
0.024,41.0,9.993739506513155,55.625,8.919988070968524,23.780470031986482,0.065,4.969813299576001,239.0,0.031,0.1,0.22649999999999998,74.0,68.0,0.2,1,0.338,0.607,0.055,16.0206282359945,0.646,21.863659659949167,19.826777734819416,Upper-Middle,1.5457305520791214,1.0074346294589274,0.6474464579901154
0.024,41.0,10.185805262488758,55.625,9.18122047340233,24.20243791252262,0.067,5.10594547390058,239.0,0.026,0.0,0.136,77.0,71.0,0.2,1,0.334,0.612,0.054,16.401755168774425,0.613,19.826777734819416,20.030118658386467,Upper-Middle,1.6215633401390155,1.0004503182205322,0.6339869281045752
0.022,41.0,8.787830829258759,55.625,8.39366870513074,23.43442453506178,0.073,5.209486152841421,239.0,0.023,0.0,0.12,75.0,66.0,0.2,1,0.369,0.572,0.059,15.612152588068716,0.606,20.313792708946732,19.555303473358943,Lower-Middle,1.7107129910595098,0.9355057225361719,0.7482517482517483
0.016,41.0,6.278521424165844,26.0,9.57073837671504,21.07845610099319,0.061,5.267858159063328,239.0,0.02,0.5,0.12,71.0,66.0,0.5,1,0.2995,0.6425000000000001,0.052,10.946692833932499,0.823,20.350025877585416,19.93800336967164,Low,1.2857858221605845,0.5939529671830698,0.5470817120622568
0.019,41.0,5.37989735354046,26.0,9.57073837671504,20.206320006195963,0.062,5.886104031450156,239.0,0.013,0.2,0.12,73.0,69.0,0.4,1,0.319,0.603,0.077,11.536348979913816,0.36,18.459901466721032,15.894952224644102,Low,1.2527918403841496,0.50894243730326,0.6567164179104478
0.035,41.0,9.259416209622776,39.0,8.9142228207033,23.8105542299477,0.064,4.762173934797756,239.0,0.036,0.0,0.15,73.0,66.0,0.2,1,0.436,0.522,0.042,16.305639879163717,0.463,20.286310063294863,19.737088980289055,Upper-Middle,1.5238754707166529,0.9339528046804507,0.9157088122605364
0.022,41.0,7.356918242356021,26.0,9.57073837671504,20.424764572877912,0.056,4.02535169073515,239.0,0.037,0.1,0.15,68.0,61.0,0.2,1,0.36,0.599,0.041,13.532634252626288,0.284,17.147715103853763,17.216707972959764,Low,1.143786816081163,0.6959701375791929,0.669449081803005
0.03,41.0,7.45876269238096,55.625,7.704811922932594,21.76229833778973,0.053,2.8903717578961645,239.0,0.069,0.0,0.22649999999999998,60.0,57.0,0.0,1,0.389,0.57,0.041,16.012316158653146,0.406,18.379858759848776,19.123778260315973,Low,1.1534018119028557,0.8568551231682616,0.7543859649122807
0.03,41.0,8.820256365906321,55.625,8.201934351194222,22.820092144195243,0.083,4.6443908991413725,239.0,0.028,0.0,0.208,74.0,69.0,0.1,1,0.409,0.55,0.041,15.706839607704858,0.472,19.734404414925592,19.42863866800198,Lower-Middle,1.8940676479682053,0.9585219834524936,0.818181818181818
0.017,41.0,9.280146246220145,31.0,8.22389538017882,22.967186966788518,0.046,5.093750200806762,239.0,0.019,0.1,0.189,74.0,68.0,0.6,1,0.318,0.606,0.076,14.780475637777611,0.524,21.206309080316853,19.410221941283584,Lower-Middle,1.0564906004722718,1.0060983850881702,0.6501650165016503
0.023,41.0,12.913206554175853,55.625,11.94253669490647,27.293145860770363,0.058,5.986452005284438,239.0,0.018,0.1,0.07,78.0,73.0,0.3,1,0.33,0.618,0.051,18.498163065864727,0.757,23.031634174795606,22.70454312997691,High,1.583002459924681,0.997733818228836,0.6165048543689321
0.026,41.0,8.392083380373393,46.0,7.922623574217286,22.395197240055495,0.061,4.127134385045092,239.0,0.029,0.0,0.155,74.0,68.0,0.1,1,0.391,0.57,0.039,15.486585097611622,0.555,18.8906843794481,18.749984498289212,Lower-Middle,1.3661070316433852,0.9405398883600854,0.7543859649122807
0.023,41.0,8.724857555881988,18.0,7.882314918980268,23.283063485653358,0.076,5.717027701406222,239.0,0.02,0.1,0.099,78.0,73.0,0.2,1,0.313,0.629,0.058,14.991332622263622,0.631,20.50510982838702,19.402759220109843,Lower-Middle,1.7695128249096552,0.9822729362182583,0.589825119236884
0.027,41.0,8.31164394850298,55.625,8.285513309079741,22.60853141067372,0.061,4.276666119016055,239.0,0.025,0.0,0.22649999999999998,73.0,69.0,0.3,1,0.368,0.586,0.046,15.552875613511565,0.569,18.20995972498239,18.560442695023177,Lower-Middle,1.3791204160510968,0.8951194911729355,0.7064846416382252
0.023,41.0,10.18039933305852,55.625,9.362116806941977,24.780946443116424,0.045,4.634728988229636,239.0,0.025,0.1,0.21,74.0,69.0,0.1,1,0.328,0.62,0.052,17.114059853115506,0.742,20.746005324893417,20.557211253796964,Upper-Middle,1.115142589940239,0.9824632864819941,0.6129032258064516
0.013,41.0,9.051344640485725,7.0,9.57073837671504,25.051812525105852,0.061,5.267858159063328,239.0,0.02,0.2,0.12,82.0,74.0,0.5,1,0.227,0.654,0.118,15.1573555201469,0.942,21.707962601858178,21.073922709263805,Upper-Middle,1.5281605640314568,0.8562641811686308,0.5275229357798165
0.02,41.0,9.051344640485725,26.0,9.57073837671504,23.436618790804065,0.061,5.267858159063328,239.0,0.02,0.1,0.12,75.0,69.0,0.5,1,0.2995,0.6425000000000001,0.052,10.427979367065934,1.0,20.103369119984794,18.78532386448472,Lower-Middle,1.429633746239048,0.8562641811686308,0.5470817120622568
0.02,41.0,5.3981627015177525,26.0,9.57073837671504,19.9501592437438,0.037,5.886104031450156,239.0,0.012,0.2,0.122,75.0,69.0,0.5,1,0.2995,0.6425000000000001,0.052,10.772267301739232,0.323,18.132998684833918,15.894952224644102,Low,0.7381558920185206,0.5106703533036718,0.5470817120622568
0.018,41.0,5.886104031450156,26.0,9.57073837671504,20.47651884574034,0.062,5.703782474656201,239.0,0.015,0.2,0.15,74.0,70.0,0.6,1,0.3,0.628,0.072,11.993912307304159,0.252,19.457417632448486,17.399029524198163,Low,1.269544168435901,0.5568299792960462,0.5923566878980892
0.017,41.0,9.051344640485725,26.0,9.57073837671504,23.436618790804065,0.061,5.267858159063328,239.0,0.02,0.1,0.12,81.0,74.0,0.5,1,0.2995,0.6425000000000001,0.052,10.21698355988089,0.56,20.350025877585416,19.93800336967164,Lower-Middle,1.429633746239048,0.8562641811686308,0.5470817120622568
0.019,41.0,5.272999558563747,26.0,9.57073837671504,19.994278071517655,0.039,5.1647859739235145,239.0,0.019,0.1,0.118,73.0,69.0,0.6,1,0.296,0.632,0.072,11.593158923680399,0.463,18.326370075470134,16.380459992348886,Low,0.7797768447891885,0.4988298234850821,0.5822784810126582
0.021,41.0,7.715123603632105,26.0,9.57073837671504,20.963224088694925,0.066,5.159055299214529,239.0,0.028,0.0,0.21,72.0,65.0,0.3,1,0.301,0.639,0.059,13.095748318096861,0.667,16.705882371415992,18.035018277846262,Low,1.3835727898538652,0.729856640916096,0.5633802816901408
0.015,41.0,10.229115487402662,26.0,9.51355124604559,23.14238523283229,0.051,6.1092475827643655,239.0,0.025,0.3,0.112,73.0,65.0,0.3,1,0.23,0.701,0.069,14.06538873310503,0.102,19.895443755348193,18.778355195217188,Lower-Middle,1.1802616468744467,0.9729457961457209,0.4265335235378032
0.02,41.0,4.6443908991413725,26.0,9.57073837671504,23.436618790804065,0.061,5.267858159063328,239.0,0.02,0.1,0.12,75.0,69.0,0.5,1,0.2995,0.6425000000000001,0.052,10.061046702637492,0.866,20.350025877585416,19.93800336967164,Lower-Middle,1.429633746239048,0.4393629596747869,0.5470817120622568
0.014,41.0,15.552754881544832,6.0,14.631384975891237,30.074428458538605,0.118,8.69851424787661,239.0,0.007,0.6,0.041,80.0,75.0,0.5,1,0.209,0.669,0.123,19.485763597907585,0.796,25.34366940358494,25.131094224996307,High,3.5487825581075554,0.9949697295237959,0.4962630792227204
0.016,41.0,8.433594167539924,45.0,7.8336002236611035,23.211967560656245,0.097,5.863631175598097,239.0,0.013,0.2,0.22649999999999998,79.0,72.0,0.2,1,0.242,0.625,0.134,15.017104134170346,0.928,19.853381480273047,19.279342367227173,Lower-Middle,2.2515608533836557,0.954717663693932,0.6016
0.023,41.0,12.16579217102815,55.625,10.875818295292955,25.14957476941974,0.059,5.25227342804663,239.0,0.017,0.1,0.22649999999999998,76.0,70.0,0.3,1,0.322,0.63,0.048,17.065777292148205,0.885,19.750404756229365,20.99405604249075,Upper-Middle,1.4838249113957647,1.0244171701288263,0.5873015873015873
0.014,41.0,9.051344640485725,26.0,9.57073837671504,23.436618790804065,0.061,5.267858159063328,239.0,0.02,0.3,0.12,81.0,75.0,0.5,1,0.238,0.666,0.096,11.590682485526964,0.933,20.951993767350068,19.93800336967164,Lower-Middle,1.429633746239048,0.8562641811686308,0.5015015015015014
0.02,41.0,11.40192686290958,25.0,10.340935706497342,25.16973330092758,0.035,4.51085950651685,239.0,0.03,0.0,0.08,71.0,68.0,0.1,1,0.297,0.66,0.043,17.325901479850742,0.631,18.997294113874336,19.647393038180343,Upper-Middle,0.8809406655324653,1.0053779650983556,0.515151515151515
0.05,41.0,9.84129294894301,55.625,9.177507214880942,23.70087805698372,0.051,4.1588830833596715,239.0,0.1075,0.0,0.22649999999999998,49.0,47.0,0.0,1,0.477,0.498,0.025,16.586642970299366,0.354,18.22222981742365,18.26985786584569,Upper-Middle,1.2087447809061695,0.9669649690401262,1.0080321285140563
0.041,41.0,7.829232537543592,31.0,7.820840879907344,22.122197502157597,0.046,3.1780538303479458,239.0,0.078,0.0,0.12,58.0,55.0,0.1,1,0.447,0.525,0.028,15.885254858011162,0.396,18.61130111182548,17.893048018819147,Low,1.0176210850992495,0.8875834678502705,0.9047619047619048
0.026,41.0,8.384575666801398,55.625,7.527255919373784,22.915756090146033,0.049,5.594711379601839,239.0,0.046,0.0,0.158,48.0,47.0,0.3,1,0.362,0.607,0.032,14.433255082475032,0.548,20.181981007413924,19.450300164704952,Lower-Middle,1.1228720484171557,0.9832677412380438,0.6490939044481054
0.045,41.0,7.007600613951853,40.0,9.57073837671504,22.299881135786578,0.061,3.2188758248682006,239.0,0.089,0.0,0.12,53.0,51.0,0.0,1,0.466,0.508,0.026,16.383091756783372,0.208,17.76675429577647,18.020203192280615,Lower-Middle,1.3602927492829813,0.6629244206240145,0.9685039370078741
0.043,41.0,5.293304824724492,13.0,9.57073837671504,20.634715812117797,0.097,2.302585092994046,239.0,0.079,0.0,0.183,51.0,48.0,0.0,1,0.461,0.512,0.028,15.831848814728781,0.091,14.403297778421795,17.182806422433504,Low,2.0015674337754263,0.5007507173183334,0.9550781250000001
0.041,41.0,8.28349412616251,45.0,8.847934753328465,23.481714859254282,0.046,3.7376696182833684,239.0,0.081,0.0,0.18,53.0,51.0,0.1,1,0.445,0.522,0.033,16.68765956323811,0.479,19.17209683735327,19.791861469800278,Upper-Middle,1.080158883525697,0.8411402323073683,0.9157088122605364
0.038,41.0,5.365976015021851,22.0,9.57073837671504,20.962345907862563,0.041,2.70805020110221,239.0,0.1075,0.0,0.18,46.0,43.0,0.0,1,0.42,0.54,0.04,15.174843710173958,0.38,15.86963441986494,17.281246492014,Low,0.8594561822223651,0.5076254679466753,0.8518518518518517
0.05,41.0,5.937536205082426,55.625,9.57073837671504,22.20825762172292,0.051,3.1780538303479458,239.0,0.102,0.0,0.18,48.0,47.0,0.0,1,0.492,0.481,0.027,16.084024257274095,0.218,20.350025877585416,19.93800336967164,Lower-Middle,1.1326211387078688,0.5616955025735462,1.0790020790020791
0.039,41.0,4.6443908991413725,26.0,3.5553480614894135,19.708315656473758,0.04,3.258096538021482,239.0,0.071,0.0,0.11,60.0,57.0,0.0,1,0.414,0.556,0.03,13.280033570757155,0.279,16.860033043306743,16.012735246411598,Low,0.7883326262589503,1.019546879063912,0.7985611510791365
0.046,41.0,7.5688956634069955,55.625,9.864330837334935,23.055165150720995,0.054,2.0794415416798357,239.0,0.1075,0.0,0.12,49.0,46.0,0.0,1,0.463,0.509,0.028,17.776081679222898,0.37,20.350025877585416,19.93800336967164,Lower-Middle,1.2449789181389337,0.696673893379307,0.9646365422396858
0.039,41.0,7.074963197966044,37.0,6.928537818164665,22.25983813994377,0.026,3.5553480614894135,239.0,0.066,0.0,0.18,55.0,52.0,0.1,1,0.422,0.543,0.035,15.053556909173867,0.605,16.955343218782065,18.985994558684244,Lower-Middle,0.578755791638538,0.8923414834141246,0.8416206261510127
0.037,41.0,8.944419791305915,55.625,9.138092207768558,23.462885283818807,0.056,3.9318256327243257,239.0,0.091,0.0,0.12,48.0,46.0,0.1,1,0.423,0.548,0.029,16.65717783135373,0.462,18.326370075470134,20.1628997693716,Upper-Middle,1.3139215758938532,0.8822586743146839,0.8248175182481752
0.029,41.0,6.129050210060545,26.0,4.897839799950911,20.316908485407435,0.068,4.060443010546419,239.0,0.073,0.0,0.112,59.0,56.0,0.0,1,0.381,0.586,0.033,13.54864628362288,0.767,15.732433317205148,16.454567959008102,Low,1.3815497770077056,1.0392025585556866,0.7064846416382253
0.024,41.0,11.92445879081332,37.0,10.888128282631826,25.090752092181997,0.053,4.060443010546419,239.0,0.027,0.1,0.134,72.0,67.0,0.1,1,0.33,0.616,0.054,18.07241730958176,0.43,22.568250067569792,21.156994410975525,Upper-Middle,1.329809860885646,1.0030560326502005,0.6233766233766234
0.038,41.0,8.560061091643414,26.0,6.637258031284457,22.20731381343092,0.021,5.2574953720277815,239.0,0.089,0.0,0.18,50.0,47.0,0.1,1,0.41,0.557,0.033,13.28104776443213,0.388,20.350025877585416,19.93800336967164,Lower-Middle,0.4663535900820493,1.1208291060193178,0.7953321364452423
0.04,41.0,6.647688373563329,55.625,6.61338421837956,20.826773239349986,0.029,2.0794415416798357,239.0,0.049,0.1,0.12,60.0,56.0,0.0,1,0.44,0.541,0.019,15.355710497447943,0.186,18.105970012811294,19.93800336967164,Low,0.6039764239411496,0.8731581361039243,0.8484288354898336
0.04,41.0,8.565030520830398,34.0,10.253369476067258,23.020393166507915,0.043,1.9459101490553132,239.0,0.074,0.0,0.07,56.0,55.0,0.0,1,0.464,0.505,0.031,18.120469143776905,0.155,19.942379744261864,17.893048018819147,Lower-Middle,0.9898769061598403,0.7611080875861937,0.9801980198019802
0.033,41.0,7.477604243197589,26.0,7.396335293800808,22.69430552152458,0.034,5.198497031265826,239.0,0.052,0.0,0.18,61.0,59.0,0.4,1,0.397,0.546,0.057,14.113483992220468,0.828,18.119575664681957,19.432281659267208,Lower-Middle,0.7716063877318358,0.8905795185095171,0.8315018315018314
0.044,41.0,5.780743515792329,26.0,4.6913478822291435,20.1764426768075,0.044,2.9444389791664403,239.0,0.058,0.0,0.22649999999999998,58.0,55.0,0.1,1,0.46,0.515,0.026,14.14620542338394,0.515,17.747336210296442,15.607270193858982,Low,0.88776347777953,1.0157072868172965,0.9436893203883496
0.034,41.0,8.902455592206882,22.0,9.020147920801659,22.90722721777708,0.061,3.295836866004329,239.0,0.059,0.0,0.12,59.0,57.0,0.1,1,0.404,0.562,0.033,16.852169540555764,0.466,20.020068322553165,19.413932520666354,Lower-Middle,1.397340860284402,0.8884555061034113,0.7775800711743772
0.04,41.0,7.202661196523238,40.0,9.57073837671504,22.022462194597434,0.053,3.044522437723423,239.0,0.088,0.0,0.12,52.0,52.0,0.0,1,0.437,0.53,0.033,16.05405002166294,0.324,20.350025877585416,17.182806422433504,Low,1.167190496313664,0.6813773021181833,0.8867924528301886
0.04,41.0,5.313205979041787,26.0,4.465908118654584,20.074426004877914,0.053,3.044522437723423,239.0,0.099,0.0,0.12,53.0,51.0,0.0,1,0.43,0.54,0.029,14.14538392701417,0.4,14.603968372873895,16.920097281273396,Low,1.0639445782585295,0.972062805247011,0.85
0.039,41.0,8.939187601475613,47.0,9.65200882504456,23.501794484846386,0.043,3.044522437723423,239.0,0.063,0.0,0.125,55.0,53.0,0.1,1,0.429,0.543,0.027,17.366121904625864,0.213,20.498871504982112,18.497641794347754,Upper-Middle,1.0105771628483946,0.8392020461397073,0.8397790055248618
0.029,41.0,9.051344640485725,55.625,3.367295829986474,20.93368696434538,0.07,3.828641396489095,239.0,0.084,0.0,0.124,44.0,43.0,0.1,1,0.4,0.553,0.046,14.463672401809836,0.217,17.073607134447293,19.443131675252033,Low,1.4653580875041767,2.072528400374874,0.806509945750452
0.041,41.0,6.4425401664681985,26.0,9.57073837671504,19.9618398177745,0.088,2.6390573296152584,239.0,0.09,0.0,0.181,55.0,53.0,0.0,1,0.433,0.537,0.03,14.973851066800883,0.457,17.893048018819147,17.182806422433504,Low,1.7566419039641559,0.6094692666559288,0.8621973929236498
0.023,41.0,10.826952488158284,26.0,9.786785182749986,24.231361013626753,0.035,5.327876168789581,239.0,0.021,0.0,0.061,75.0,72.0,0.1,1,0.31,0.648,0.042,15.521530749831673,0.768,19.380030969118383,20.486276880077575,Upper-Middle,0.8480976354769364,1.0037237513056747,0.5432098765432098
0.038,41.0,7.500529485395295,44.0,9.57073837671504,22.196639876848312,0.049,2.5649493574615367,239.0,0.058,0.0,0.22649999999999998,62.0,59.0,0.0,1,0.45,0.52,0.029,16.692648917188613,0.282,19.291974114079885,18.497641794347754,Lower-Middle,1.0876353539655674,0.7095558718885026,0.9211538461538462
0.043,41.0,6.883462586413092,39.0,9.57073837671504,21.68839515048452,0.078,2.833213344056216,239.0,0.078,0.0,0.22649999999999998,48.0,48.0,0.0,1,0.461,0.508,0.03,16.34675134247602,0.15,18.119575664681957,18.064005814299346,Low,1.6916948217377925,0.6511808675140246,0.9665354330708661
0.048,41.0,6.338594078203183,41.0,9.57073837671504,22.30721739755248,0.063,3.332204510175204,239.0,0.101,0.0,0.12,51.0,51.0,0.0,1,0.462,0.506,0.031,16.264179913110222,0.313,18.77133762260779,18.643824303266577,Lower-Middle,1.4053546960458063,0.5996358865683102,0.9743083003952568
0.037,41.0,7.398174092970465,55.625,9.57073837671504,21.329462702652396,0.059,3.367295829986474,239.0,0.075,0.0,0.21,62.0,59.0,0.2,1,0.418,0.551,0.032,14.932429584401675,0.524,20.350025877585416,19.93800336967164,Low,1.2584382994564913,0.6998729728537203,0.8166969147005443
0.016,41.0,8.069342366811636,46.0,6.927557906278317,22.57732559245717,0.042,5.429345628954441,239.0,0.014,0.1,0.21,76.0,69.0,0.5,1,0.246,0.689,0.065,14.025274601513171,0.418,20.86823160806165,19.43952806776172,Lower-Middle,0.9482476748832013,1.0178850110222508,0.45137880986937595
0.02,41.0,10.676185011854082,12.0,9.410992885454862,24.76540467701374,0.052,4.605170185988092,239.0,0.037,0.1,0.115,71.0,67.0,0.3,1,0.314,0.636,0.049,17.211890387166434,0.546,22.236192849219933,20.631150549135096,Upper-Middle,1.2878010432047144,1.0254723184730747,0.570754716981132
0.044,41.0,7.56164174558878,55.625,9.033125752550372,22.46337953599041,0.059,2.833213344056216,239.0,0.095,0.0,0.221,49.0,46.0,0.0,1,0.446,0.522,0.032,16.832946983104,0.298,18.379858759848776,18.757152987716434,Lower-Middle,1.325339392623434,0.7536675939366799,0.9157088122605364
0.03,41.0,7.5822291942764615,55.625,7.059617628291383,22.611375316531205,0.065,5.365976015021851,239.0,0.048,0.0,0.114,57.0,53.0,0.1,1,0.4,0.567,0.033,14.51031686141834,0.357,19.869949906581063,18.627694921466773,Lower-Middle,1.4697393955745284,0.9407678557430365,0.7636684303350971
0.052,41.0,6.872128101338986,35.0,9.57073837671504,21.8393573654122,0.071,2.833213344056216,239.0,0.086,0.0,0.12,53.0,53.0,0.0,1,0.488,0.487,0.025,16.357812936023517,0.166,17.281246492014,17.553180200057167,Low,1.5505943729442662,0.6501086164876372,1.053388090349076
0.043,41.0,11.482960980450756,36.0,11.53029375913132,25.198844333523414,0.07,3.828641396489095,239.0,0.1,0.0,0.192,49.0,48.0,0.1,1,0.435,0.538,0.027,18.72815993633222,0.382,17.707330876483063,19.93800336967164,Upper-Middle,1.7639191033466393,0.9164159437269911,0.8587360594795539
0.039,41.0,6.536691597591305,18.0,9.57073837671504,21.460041752004223,0.058,2.6390573296152584,239.0,0.075,0.0,0.165,55.0,52.0,0.0,1,0.446,0.528,0.026,16.040607510929974,0.184,17.599700214609808,17.249497794707484,Low,1.244682421616245,0.6183760646266837,0.8939393939393939
0.038,41.0,4.30406509320417,55.625,3.6635616461296463,18.52254542328854,0.11,4.382026634673881,239.0,0.05,0.1,0.22649999999999998,66.0,62.0,0.1,1,0.422,0.537,0.04,11.923994839798224,0.571,15.856731016694035,14.557448378884015,Low,2.0374799965617396,0.9229137341362632,0.8603351955307261
0.039,41.0,8.571870752706934,55.625,7.914617709040679,22.806617753260994,0.057,3.7612001156935624,239.0,0.059,0.0,0.12,62.0,58.0,0.1,1,0.443,0.526,0.032,16.210453203317964,0.409,19.47150237228063,18.742764250367856,Lower-Middle,1.2999772119358768,0.9615522541156024,0.9030418250950569
0.017,41.0,6.61338421837956,26.0,5.54907608489522,20.54810252189856,0.043,6.045005314036012,239.0,0.012,0.2,0.1,76.0,69.0,0.6,1,0.25,0.673,0.076,11.320565693461432,0.508,19.360688006350088,17.78580249038432,Low,0.883568408441638,1.0098194207321334,0.48439821693907875
0.042,41.0,6.466144724237619,26.0,9.57073837671504,21.081785153583667,0.118,3.828641396489095,239.0,0.1075,0.0,0.221,42.0,41.0,0.5,1,0.427,0.549,0.024,15.410479497843466,0.366,17.87595358575207,17.216707972959764,Low,2.4876506481228726,0.6117022760189659,0.8214936247723132
0.047,41.0,6.3578422665081,26.0,9.57073837671504,23.436618790804065,0.061,5.267858159063328,239.0,0.105,0.0,0.12,54.0,51.0,0.1,1,0.477,0.494,0.029,15.92571963709025,0.348,20.350025877585416,19.93800336967164,Lower-Middle,1.429633746239048,0.6014567800214408,1.0242914979757085
0.023,41.0,12.964850719122202,38.0,11.765418087796167,26.11276184523722,0.089,6.018593214496234,239.0,0.052,0.1,0.113,53.0,51.0,0.4,1,0.312,0.647,0.042,17.66607196766102,0.59,22.747590996199662,22.16712130882685,High,2.3240358042261122,1.0156228828507148,0.5471406491499227
0.04,41.0,9.051344640485725,26.0,9.57073837671504,23.436618790804065,0.061,5.267858159063328,239.0,0.091,0.1,0.12,52.0,50.0,0.5,1,0.442,0.526,0.032,15.860642835554673,0.17,20.350025877585416,19.93800336967164,Lower-Middle,1.429633746239048,0.8562641811686308,0.9011406844106463
0.038,41.0,9.339876293325217,39.0,9.600353375525426,23.789358069763548,0.041,3.4011973816621555,239.0,0.063,0.0,0.12,61.0,58.0,0.0,1,0.433,0.536,0.03,17.242329324026738,0.327,16.860033043306743,18.985994558684244,Upper-Middle,0.9753636808603054,0.8810910318225376,0.8638059701492536
0.032,41.0,6.93828448401696,26.0,6.008813185442595,21.607285651076378,0.059,4.875197323201151,239.0,0.082,0.0,0.113,46.0,46.0,0.1,1,0.424,0.545,0.031,13.906044805684887,0.222,18.132998684833918,17.804494623047066,Low,1.2748298534135063,0.9899371406314377,0.8348623853211008
0.042,41.0,8.378850241794492,28.0,9.692704790920137,23.274724753767767,0.034,2.5649493574615367,239.0,0.061,0.0,0.141,53.0,52.0,0.1,1,0.446,0.524,0.03,17.44689701285905,0.242,20.451457114963258,19.96824325479604,Lower-Middle,0.7913406416281041,0.7836043737885209,0.9083969465648855
0.038,41.0,7.242797922793756,55.625,7.752764808851328,21.384444702303558,0.059,3.091042453358316,239.0,0.07,0.0,0.12,55.0,53.0,0.1,1,0.431,0.541,0.028,15.501511654622158,0.347,17.034386422832473,17.453096744006448,Low,1.2616822374359098,0.8274868662607497,0.8484288354898336
0.017,41.0,10.018912253951546,11.0,9.043577154098081,24.163143378702184,0.056,5.19295685089021,239.0,0.021,0.1,0.12,75.0,71.0,0.4,1,0.265,0.669,0.066,16.111312799342084,0.649,21.611979801461516,19.87229457353482,Upper-Middle,1.3531360292073222,0.997544211612247,0.4947683109118087
0.047,41.0,7.52456122628536,34.0,9.57073837671504,22.795224786729108,0.079,3.2188758248682006,239.0,0.073,0.0,0.206,52.0,52.0,0.0,1,0.494,0.481,0.025,17.139358355017063,0.128,19.406497542206473,18.878105597320356,Lower-Middle,1.8008227581515994,0.7118292931040916,1.0790020790020791
0.044,41.0,7.664815785285735,35.0,8.854522203757432,22.416893485065167,0.067,3.5263605246161616,239.0,0.081,0.0,0.22649999999999998,46.0,45.0,0.0,1,0.466,0.507,0.027,16.22915846755117,0.362,18.33729914588288,18.26985786584569,Lower-Middle,1.5019318634993664,0.7777967948931321,0.9723865877712032
0.032,41.0,9.203114326884442,55.625,9.1345386585599,22.48208853791108,0.061,5.267858159063328,239.0,0.058,0.1,0.22649999999999998,43.0,44.0,0.0,1,0.415,0.549,0.036,16.356564999975078,0.343,19.083368722182243,19.93800336967164,Lower-Middle,1.3714074008125758,0.9080940570601354,0.8214936247723131
0.046,41.0,6.598509028614515,9.0,9.57073837671504,22.388225869666492,0.098,2.995732273553991,239.0,0.086,0.0,0.12,58.0,55.0,0.0,1,0.494,0.486,0.02,16.99434254380402,0.226,20.350025877585416,19.93800336967164,Lower-Middle,2.194046135227316,0.6242240412599319,1.0576131687242798
0.014,41.0,8.201385955238608,18.0,7.647786045440933,21.997682726718754,0.055,4.189654742026425,239.0,0.022,0.0,0.186,76.0,70.0,0.1,1,0.225,0.66,0.115,14.922637493919579,0.642,19.05195252611337,19.190788970278067,Low,1.2098725499695315,0.9483798410533452,0.5151515151515151
0.016,41.0,10.37633089597424,55.625,9.456184308811169,22.88434634072292,0.079,4.406719247264253,239.0,0.047,0.1,0.157,71.0,66.0,0.2,1,0.27,0.667,0.064,15.932549019196312,0.522,18.184958423089522,18.757152987716434,Lower-Middle,1.8078633609171109,0.9923630446366905,0.5007496251874063
0.024,41.0,10.590390276998745,50.0,10.023712049842496,24.758581012850616,0.031,2.5649493574615367,239.0,0.053,0.0,0.148,68.0,67.0,0.0,1,0.348,0.609,0.042,18.765935982555796,0.261,18.1462439114085,19.906820442304415,Upper-Middle,0.7675160113983691,0.9606918458242981,0.6403940886699507
0.024,41.0,5.733341276897746,55.625,5.198497031265826,20.370415027390465,0.044,3.912023005428146,239.0,0.048,0.0,0.15,63.0,63.0,0.0,1,0.352,0.608,0.04,13.359637027012129,0.298,16.380459992348886,19.93800336967164,Low,0.8962982612051804,0.9249566867545811,0.644736842105263
0.02,41.0,8.587092318795905,26.0,7.739359202689098,22.78662032278231,0.03,6.490723534502507,239.0,0.008,0.3,0.055,79.0,75.0,0.6,1,0.292,0.677,0.031,12.796073523917991,0.731,19.01400759475496,19.760931169188652,Lower-Middle,0.6835986096834692,0.9825768823134836,0.47710487444608557
0.026,41.0,7.802618063442671,55.625,8.128585200374497,22.398085650460718,0.071,3.4011973816621555,239.0,0.057,0.0,0.12,69.0,63.0,0.1,1,0.37,0.588,0.043,16.391885699531908,0.191,20.327255889094886,18.197537205138154,Lower-Middle,1.590264081182711,0.854745603198464,0.7023809523809523
0.012,41.0,15.480982240952965,48.0,14.31011838125743,28.289392740534907,0.047,4.2626798770413155,239.0,0.022,0.1,0.056,75.0,73.0,0.3,1,0.214,0.711,0.075,20.982606304344,0.411,24.046681841124567,23.78478585108522,High,1.3296014588051406,1.0111601919358577,0.40646976090014064
0.012,41.0,8.371936178759098,25.0,7.930925372483388,22.357449800152793,0.085,4.584967478670572,239.0,0.024,0.0,0.221,76.0,69.0,0.2,1,0.19,0.667,0.143,15.278372595825626,0.524,19.157844814713773,19.093625222296833,Lower-Middle,1.9003832330129875,0.9374097117140221,0.4992503748125936
0.007,41.0,10.556229318461034,11.0,9.457903327831136,25.85375472606113,0.061,5.267858159063328,239.0,0.02,0.6,0.05,85.0,79.0,1.2,1,0.148,0.732,0.119,15.730003898324014,1.0,23.197616972879114,23.308771685365887,High,1.5770790382897288,1.0094020749233956,0.36475409836065575
0.024,41.0,14.114522702058292,55.625,13.159978956865661,27.304716861184684,0.045,3.4011973816621555,239.0,0.058,0.0,0.109,65.0,62.0,0.0,1,0.326,0.627,0.046,20.82818975540955,0.289,22.56492596478648,22.478188416295414,High,1.2287122587533108,0.9967898077429466,0.5933014354066986
0.021,41.0,12.729723671089914,55.625,12.079596307379328,26.271707025029905,0.024,3.332204510175204,239.0,0.035,0.0,0.141,71.0,67.0,0.1,1,0.3,0.651,0.048,19.215001779323547,0.451,22.376912004236182,22.24256019974641,High,0.6305209686007177,0.9732505019216824,0.5345622119815667
0.009,41.0,14.046349225779027,31.0,13.166359209967915,29.16913552641924,0.08,7.977625098784593,239.0,0.003,0.6,0.020500000000000018,86.0,79.0,0.7,1,0.139,0.668,0.193,18.665671896843467,0.846,23.386527855328207,24.5981060512676,High,2.333530842113539,0.991528523143445,0.49700598802395207
0.018,41.0,12.0561737473885,26.0,10.834036156156982,24.487986423017407,0.04,4.74493212836325,239.0,0.03,0.0,0.12,72.0,60.0,0.2,1,0.251,0.674,0.076,16.524426117868863,0.549,20.503865273156364,20.720261328929123,Upper-Middle,0.9795194569206963,1.018771075928811,0.48516320474777447
0.016,41.0,11.283298441298156,26.0,9.927936232938437,23.436618790804065,0.061,5.267858159063328,239.0,0.028,0.1,0.12,72.0,64.0,0.5,1,0.25,0.678,0.071,16.978421308444393,0.597,20.350025877585416,19.93800336967164,Lower-Middle,1.429633746239048,1.0325186934463073,0.4734513274336283
0.01,41.0,13.086275990254082,17.0,12.246662613134266,27.362985638616248,0.052,6.665683717782408,239.0,0.005,0.7,0.059,81.0,75.0,0.8,1,0.196,0.716,0.089,17.687532398565946,0.81,22.83056570687621,23.326473906599073,High,1.4228752532080449,0.9878922995501405,0.3980446927374302
0.022,41.0,8.648221453822641,21.0,7.841099765422119,21.516952823040263,0.056,3.258096538021482,239.0,0.036,0.1,0.22649999999999998,72.0,64.0,0.1,1,0.319,0.624,0.057,15.44567243783623,0.353,18.33729914588288,18.105970012811294,Low,1.2049493580902548,0.9781839005647429,0.6025641025641025
0.028,41.0,7.261225091971921,55.625,9.57073837671504,21.584634855887362,0.046,2.995732273553991,239.0,0.073,0.0,0.22649999999999998,65.0,63.0,0.0,1,0.411,0.552,0.037,15.55582110666057,0.262,18.619531610894253,15.894952224644102,Low,0.9928932033708187,0.686917491777752,0.8115942028985506
0.008,41.0,7.454719949364001,26.0,9.57073837671504,23.051355357310268,0.061,5.267858159063328,239.0,0.02,0.3,0.06,81.0,76.0,0.9,1,0.185,0.742,0.074,13.035809350359722,1.0,22.728926276256313,20.086498991712933,Lower-Middle,1.4061326767959264,0.705222254462855,0.34905660377358494
0.019,41.0,12.027747094061565,37.0,10.980058710327357,25.549575462100865,0.037,5.204006687076795,239.0,0.007,0.4,0.06,76.0,71.0,0.6,1,0.308,0.649,0.043,17.048884377172968,0.657,22.940619785686692,22.064039683026134,High,0.945334292097732,1.0039806469139503,0.5408320493066255
0.021,41.0,6.656726524178391,9.0,5.5254529391317835,20.796149589263013,0.059,5.384495062789089,239.0,0.022,0.1,0.13,75.0,72.0,0.4,1,0.356,0.599,0.044,12.586240458264175,0.325,19.970368654103833,18.132998684833918,Low,1.2269728257665178,1.0201171606432693,0.667779632721202
0.02,41.0,9.053920452704881,13.0,7.8636512654486515,21.412438509603458,0.07,4.04305126783455,239.0,0.039,0.1,0.22649999999999998,69.0,61.0,0.2,1,0.299,0.664,0.037,14.73029976311118,0.614,19.138520541980732,19.14822935606056,Low,1.4988706956722422,1.0214662311905158,0.5060240963855421
0.019,41.0,9.428350771178645,26.0,9.600014794178023,23.436618790804065,0.023,1.791759469228055,239.0,0.052,0.0,0.15,65.0,61.0,0.0,1,0.286,0.666,0.049,17.725033841689797,0.285,18.390221546776935,17.281246492014,Lower-Middle,0.5390422321884935,0.8894658124776481,0.5030030030030029
0.029,41.0,7.926602599181384,31.0,9.086249986745132,22.70756310923303,0.058,2.8903717578961645,239.0,0.049,0.0,0.085,65.0,63.0,0.0,1,0.397,0.56,0.043,17.03125793433661,0.149,19.376192192825954,19.138520541980732,Lower-Middle,1.3170386603355158,0.78588202846431,0.7857142857142857
0.028,41.0,11.78753749532626,24.0,11.206142119216047,25.30800641435643,0.028,2.9444389791664403,239.0,0.082,0.1,0.073,66.0,64.0,0.0,1,0.388,0.571,0.041,18.859911940116984,0.344,20.455386393098,21.200741481651196,High,0.7086241796019801,0.9657054112756249,0.7513134851138354
0.028,41.0,11.212725367959475,49.0,10.5621468026374,25.238196571569148,0.032,3.58351893845611,239.0,0.028,0.1,0.101,71.0,64.0,0.4,1,0.374,0.592,0.034,18.249077500265425,0.469,21.59455920330824,21.145915770463983,High,0.8076222902902127,0.9697788446520831,0.6891891891891893
0.01,41.0,10.256781788315383,8.0,10.33676236128356,25.461100169561153,0.032,6.717804695023691,239.0,0.002,0.6,0.053,82.0,77.0,0.9,1,0.196,0.723,0.081,15.242635153570472,1.0,22.396054065068995,22.95231202671322,High,0.8147552054259569,0.9047364195745653,0.3831258644536653
0.019,41.0,9.389824573949976,48.0,9.08239335764556,23.751587555603958,0.042,3.8066624897703196,239.0,0.012,0.0,0.095,77.0,70.0,0.1,1,0.256,0.675,0.069,16.782586173722024,0.184,20.510072617722994,20.0281166557198,Upper-Middle,0.9975666773353663,0.9313090891092437,0.48148148148148145
0.029,41.0,7.849323818040561,26.0,7.760893195851024,21.453780433114176,0.043,2.6390573296152584,239.0,0.058,0.0,0.203,69.0,62.0,0.0,1,0.392,0.57,0.037,15.712219958571966,0.264,16.077273760604726,15.039286283703994,Low,0.9225125586239095,0.8959501779747568,0.7526315789473684
0.013,41.0,12.438556440642186,33.0,11.47514052060747,25.80677847854935,0.035,4.477336814478207,239.0,0.016,0.1,0.055,76.0,69.0,0.4,1,0.228,0.697,0.075,17.99124155542275,0.363,23.29236043723604,22.399053130109206,High,0.9032372467492273,0.997067441452475,0.43472022955523676
0.038,41.0,5.176149732573829,55.625,4.07753744390572,19.936906276859677,0.086,3.332204510175204,239.0,0.069,0.1,0.155,64.0,61.0,0.0,1,0.484,0.489,0.027,13.781941364844473,0.257,20.350025877585416,19.93800336967164,Low,1.714573939809932,1.0194212824144642,1.0449897750511248
0.023,41.0,10.676785127278901,26.0,9.820486306032722,22.645812470659454,0.037,4.718498871295094,239.0,0.06,0.0,0.12,68.0,60.0,0.0,1,0.334,0.62,0.046,15.362408377738422,0.468,20.350025877585416,19.93800336967164,Lower-Middle,0.8378950614143997,0.9867195267671377,0.6129032258064516
0.021,41.0,11.689455281972373,29.0,10.833266902590838,23.21067132445394,0.051,3.2188758248682006,239.0,0.048,0.0,0.12,71.0,64.0,0.0,1,0.341,0.613,0.047,17.068376169282022,0.368,17.858561843342684,19.93800336967164,Lower-Middle,1.183744237547151,0.9878468370736252,0.632952691680261
0.017,41.0,11.413657463311559,51.0,10.57052173723882,24.623704152446095,0.055,3.4339872044851463,239.0,0.024,0.1,0.097,79.0,70.0,0.1,1,0.28,0.654,0.066,18.215348880996714,0.267,21.253894088596816,19.93800336967164,Upper-Middle,1.3543037283845352,0.986442765720546,0.5290519877675841
0.015,41.0,8.334951631422454,41.0,7.6838639802564295,22.733417179593626,0.065,5.003946305945459,239.0,0.019,0.0,0.118,79.0,73.0,0.4,1,0.273,0.645,0.082,14.918971074957204,0.457,20.44355193546656,20.32129461958727,Lower-Middle,1.4776721166735858,0.9598206110059693,0.5503875968992249
0.011,41.0,6.338594078203183,26.0,9.57073837671504,21.565765132471792,0.057,7.693481640835175,239.0,0.003,0.3,0.12,75.0,69.0,0.7,1,0.2995,0.6425000000000001,0.052,11.277974985391984,0.908,20.350025877585416,19.93800336967164,Low,1.2292486125508921,0.5996358865683102,0.5470817120622568
0.01,41.0,11.182572467557037,25.0,10.394855089644995,26.398066989163972,0.104,8.221747728346623,239.0,0.004,0.5,0.12,82.0,76.0,1.0,1,0.163,0.679,0.158,15.916220196732349,0.658,23.571135949815986,23.103922465453103,High,2.745398966873053,0.9813703096337865,0.4727540500736377
0.009,41.0,10.968870477352796,55.625,10.199472560025471,23.864897169970927,0.066,5.062595033026967,239.0,0.008,0.1,0.169,75.0,63.0,0.2,1,0.16,0.694,0.146,16.090724556937104,0.719,19.707154772552474,20.030118658386467,Upper-Middle,1.5750832132180812,0.9794095586701317,0.4409221902017291
0.011,41.0,11.619831785256222,34.0,10.983528455618803,26.614034560564086,0.1,8.155649270366002,239.0,0.004,0.5,0.067,82.0,76.0,0.9,1,0.172,0.656,0.173,16.159346801378007,0.973,23.03471155847177,23.461263114481273,High,2.6614034560564086,0.9696502852469924,0.5259146341463414
0.008,41.0,10.11123316167024,55.625,8.47886807709457,23.028132389032347,0.09,5.4680601411351315,239.0,0.007,0.2,0.103,78.0,73.0,0.4,1,0.192,0.682,0.127,15.173077201396161,0.392,20.044021563527846,18.903106899369497,Lower-Middle,2.0725319150129113,1.0667131433239128,0.46774193548387094
0.009,41.0,10.753382038770598,32.0,9.84341902607001,23.95340710246238,0.073,5.476463551931511,239.0,0.015,0.2,0.089,76.0,69.0,0.6,1,0.14,0.688,0.173,15.867216242328357,0.702,21.751455661675628,21.383373163944952,Upper-Middle,1.7485987184797536,0.9916966238155196,0.4549418604651163
0.009,41.0,10.045334276764365,29.0,9.086136768516877,24.436924702737226,0.066,6.421622267806518,239.0,0.006,0.3,0.117,79.0,72.0,0.6,1,0.162,0.67,0.169,15.30593990909211,0.562,22.661287813296706,20.596568185035526,Upper-Middle,1.612837030380657,0.9959545966221801,0.49402985074626865
0.012,41.0,8.900412690577083,26.0,7.68937110752969,23.484349380966602,0.064,7.21081845347222,239.0,0.004,0.3,0.076,81.0,76.0,0.6,1,0.205,0.69,0.106,13.83120771049649,0.684,21.660143202820805,20.625653009181946,Upper-Middle,1.5029983603818626,1.0242873253352611,0.45072463768115945
0.01,41.0,11.717579126970593,40.0,10.725731306430482,25.45925964094653,0.069,6.648984550024776,239.0,0.005,0.4,0.06,79.0,73.0,1.1,1,0.151,0.709,0.14,16.137614120238375,0.737,22.3188076443912,21.709828622178755,High,1.7566889152253107,0.9993047615328334,0.4104372355430184
0.012,41.0,10.831667328802697,7.0,9.874522074243114,26.223413136870615,0.097,8.38662882139512,239.0,0.004,0.8,0.12,80.0,75.0,1.0,1,0.188,0.662,0.15,15.50274693857236,0.856,22.45527530194562,22.708259327219913,High,2.5436710742764497,0.9960591605637621,0.5105740181268882
0.01,41.0,9.7537106272179,55.625,8.572249397164315,23.210785442324003,0.051,6.111467339502679,239.0,0.006,0.5,0.057,78.0,66.0,0.9,1,0.156,0.678,0.166,14.124869236011667,0.689,20.828526348503996,20.001719183922383,Lower-Middle,1.183750057558524,1.0189570102621168,0.4749262536873156
0.02,41.0,6.680854678790215,26.0,9.57073837671504,21.244436524143463,0.061,5.267858159063328,239.0,0.02,0.7,0.12,82.0,77.0,0.8,1,0.2995,0.6425000000000001,0.052,10.795137170493833,0.392,20.350025877585416,19.93800336967164,Low,1.2959106279727513,0.6320140032513373,0.5470817120622568
0.011,41.0,11.113820090814645,14.0,10.521938126192444,25.965354516510395,0.082,7.99799931797973,239.0,0.003,0.7,0.037,82.0,75.0,1.0,1,0.175,0.667,0.157,15.469572444226955,0.828,21.81350987628014,21.94202872704058,High,2.1291590703538525,0.964579046432298,0.497751124437781
0.013,41.0,12.87416864922326,7.0,12.505354677548196,28.351627130949055,0.11,8.19450550976564,239.0,0.004,0.4,0.066,84.0,77.0,0.7,1,0.186,0.651,0.164,17.953905848730624,0.769,24.67658432480092,24.307590006700096,High,3.118678984404396,0.9532640168736742,0.5376344086021505
0.009,41.0,13.624225347391194,45.0,12.738690093298668,28.633981706398597,0.107,8.16763571524637,239.0,0.004,0.6,0.12,82.0,76.0,0.9,1,0.146,0.67,0.184,18.228505934912963,0.733,24.31755984859796,25.113062208897055,High,3.06383604258465,0.9916684381749533,0.49253731343283574
0.01,41.0,11.484021748113392,38.0,10.299171648789187,26.1523939865785,0.087,7.501082124259871,239.0,0.005,0.2,0.12,82.0,77.0,0.8,1,0.145,0.672,0.183,16.218459403562587,0.741,23.27341388587348,21.78105613144149,High,2.275258276832329,1.016359615117805,0.488095238095238
0.009,41.0,10.956980431564268,52.0,10.171910350049098,25.34751029291543,0.082,6.720220155135295,239.0,0.008,0.3,0.128,77.0,69.0,0.9,1,0.158,0.687,0.156,16.128753355326218,0.659,22.11180767085622,21.632330524131728,High,2.0784958440190655,0.98076157866019,0.4570596797671033
0.015,41.0,7.711548979629146,5.0,8.122371243406553,23.3073716334823,0.1,8.426830751335846,239.0,0.003,0.8,0.12,83.0,79.0,1.0,1,0.223,0.66,0.117,12.58476589758535,0.929,20.1398695221377,20.3651613016287,Lower-Middle,2.33073716334823,0.8453447874315444,0.5151515151515151
0.015,41.0,10.690967162330788,18.0,9.565914710470881,25.950523774350962,0.075,8.15708378502887,239.0,0.005,0.4,0.026,81.0,76.0,0.9,1,0.206,0.683,0.111,15.21921817449567,0.602,22.52744782633763,22.389273101057405,High,1.946289283076322,1.0118354591425935,0.46412884333821375
0.02,41.0,9.051344640485725,26.0,9.57073837671504,21.73781417016191,0.061,5.267858159063328,239.0,0.02,0.1,0.12,75.0,69.0,0.5,1,0.2995,0.6425000000000001,0.052,11.285510303305097,0.519,20.350025877585416,19.93800336967164,Low,1.3260066643798765,0.8562641811686308,0.5470817120622568
0.01,41.0,13.066362176088555,13.0,12.111712514286763,28.182329062706206,0.085,7.843848638152472,239.0,0.004,0.3,0.055,84.0,78.0,1.1,1,0.141,0.665,0.194,17.870513418380927,0.676,24.35742507888652,23.903982784755396,High,2.3954979703300276,0.9965412345527868,0.5037593984962405
0.02,41.0,9.051344640485725,26.0,7.603897968521881,22.01523175717359,0.061,5.267858159063328,239.0,0.02,0.1,0.148,71.0,66.0,0.5,1,0.2995,0.6425000000000001,0.052,14.348854529880866,0.56,20.350025877585416,19.93800336967164,Low,1.342929137187589,1.0520051113577669,0.5470817120622568
0.009,41.0,8.872487182278038,16.0,8.398184404834035,23.345145728789618,0.065,5.961005339623274,239.0,0.012,0.4,0.074,77.0,67.0,0.7,1,0.152,0.68,0.168,14.632256275767878,0.679,19.653241008045665,19.87463375588252,Lower-Middle,1.5174344723713251,0.9440639595999414,0.47058823529411764
0.011,41.0,9.051344640485725,26.0,9.57073837671504,21.96290716690966,0.061,5.267858159063328,239.0,0.02,0.6,0.12,85.0,79.0,0.7,1,0.2995,0.6425000000000001,0.052,10.447148159395692,0.148,20.350025877585416,19.93800336967164,Low,1.3397373371814891,0.8562641811686308,0.5470817120622568
0.009,41.0,9.497847429113676,26.0,9.147081032336992,23.843835961170257,0.057,5.926926025970411,239.0,0.008,0.3,0.057,78.0,66.0,0.9,1,0.173,0.677,0.15,15.032520804296581,0.666,20.541743961522062,20.281655283757104,Upper-Middle,1.3590986497867046,0.9360176979808952,0.47710487444608557
0.012,41.0,9.329899607033822,26.0,8.36240897761537,24.251891308720374,0.082,8.72355674269043,239.0,0.003,0.7,0.12,82.0,76.0,1.0,1,0.188,0.668,0.144,13.034834048118746,0.862,22.079100990839326,21.80507100763712,Upper-Middle,1.9886550873150708,0.9965276703186887,0.497005988023952
0.012,41.0,9.323043861889268,48.0,7.921898411023797,22.43060203968112,0.087,5.442417710521793,239.0,0.012,0.2,0.124,77.0,72.0,0.5,1,0.203,0.687,0.11,14.550628992392888,0.577,18.450239555902648,18.258161826219297,Lower-Middle,1.9514623774522573,1.0449618940258074,0.4556040756914119
0.01,41.0,7.853604813097837,26.0,6.7226297948554485,22.453774757371182,0.086,7.129297548929373,239.0,0.006,0.3,0.053,81.0,77.0,0.7,1,0.178,0.693,0.129,12.902387304330214,0.934,20.67091935762794,19.488833828572194,Lower-Middle,1.9310246291339215,1.016959898599521,0.443001443001443
0.012,41.0,8.423980809694058,30.0,8.125039097367745,21.678096845914343,0.085,4.127134385045092,239.0,0.02,0.1,0.209,72.0,64.0,0.2,1,0.198,0.691,0.111,15.097539914246283,0.454,18.53400943818794,18.72078534381011,Low,1.8426382319027192,0.9231720236819678,0.44717800289435605
0.02,41.0,9.051344640485725,26.0,9.57073837671504,22.136773641666302,0.04,8.494129251817686,239.0,0.004,0.5,0.12,75.0,69.0,0.5,1,0.2995,0.6425000000000001,0.052,10.414723092275086,1.0,20.350025877585416,19.93800336967164,Low,0.8854709456666521,0.8562641811686308,0.5470817120622568
0.013,41.0,9.051344640485725,26.0,9.57073837671504,21.452385926672477,0.087,5.683579767338681,239.0,0.01,0.3,0.12,76.0,71.0,0.8,1,0.203,0.669,0.128,13.328842444297257,0.62,20.350025877585416,19.93800336967164,Low,1.8663575756205053,0.8562641811686308,0.4947683109118087
0.012,41.0,12.083362491537235,9.0,11.278164694315828,27.136544328137322,0.1,8.226840890408578,239.0,0.005,0.7,0.028,81.0,77.0,0.9,1,0.185,0.676,0.139,16.605557249171195,0.815,23.52632314168758,23.552766414914437,High,2.7136544328137324,0.9841342572258559,0.47928994082840237
0.012,41.0,10.661181066703127,18.0,10.182406339317753,26.284059408654038,0.101,8.654168646443315,239.0,0.003,0.8,0.04,82.0,78.0,1.0,1,0.198,0.655,0.148,15.339806835260614,0.773,21.984846954175865,22.908642729147353,High,2.654690000274058,0.9533888094566929,0.5282442748091603
0.009,41.0,12.6280309893654,31.0,11.42269436477576,26.255741859539366,0.062,6.018593214496234,239.0,0.007,0.3,0.076,79.0,71.0,0.6,1,0.169,0.7,0.131,17.457880598768064,0.616,22.594914156012493,22.350936517837958,High,1.6278559952914406,1.0165291537053238,0.42857142857142866
0.01,41.0,11.053679761177417,55.625,10.15936931243811,25.94576695021518,0.1,7.484368643286131,239.0,0.004,0.3,0.12,81.0,75.0,1.0,1,0.157,0.674,0.17,16.165347680423885,0.569,22.90458684256031,21.93788180166765,High,2.594576695021518,0.9905290748695902,0.48516320474777447
0.01,41.0,11.465854821577215,28.0,10.563181356836854,25.05129464863218,0.054,5.25227342804663,239.0,0.02,0.2,0.22649999999999998,75.0,68.0,0.5,1,0.16,0.694,0.146,16.88131673847576,0.53,20.22403935067122,20.325768899975518,Upper-Middle,1.3527699110261378,0.9915830659179194,0.4409221902017291
0.01,41.0,14.287364973448055,30.0,13.380708807935134,27.105110095483337,0.052,5.3612921657094255,239.0,0.015,0.1,0.114,72.0,59.0,0.5,1,0.156,0.707,0.136,18.78408150975686,0.734,22.705921110076257,23.50096647113455,High,1.4094657249651334,0.9935090936243995,0.41301272984441306
0.01,41.0,9.051344640485725,26.0,9.57073837671504,20.99889392819337,0.053,8.11969625295725,239.0,0.004,0.5,0.071,85.0,79.0,0.6,1,0.2995,0.6425000000000001,0.052,10.285035580584145,0.94,20.350025877585416,19.93800336967164,Low,1.1129413781942488,0.8562641811686308,0.5470817120622568
0.011,41.0,9.051344640485725,55.625,9.803390935997843,23.886622788440413,0.087,5.3230099791384085,239.0,0.008,0.2,0.155,75.0,70.0,0.5,1,0.185,0.676,0.139,15.825489207000233,0.543,19.20913810886209,19.153048642473284,Upper-Middle,2.078136182594316,0.8378244103271181,0.47928994082840237
0.01,41.0,10.564886034781493,52.0,9.817602813378958,24.7499242757821,0.072,6.338594078203183,239.0,0.009,0.5,0.091,78.0,70.0,0.8,1,0.173,0.711,0.116,15.496763143522314,0.557,20.651769836315456,20.617905322399697,Upper-Middle,1.781994547856311,0.9766383751597063,0.40646976090014064
0.009,41.0,9.664405149920409,55.625,8.872346978983032,24.244842874674504,0.083,7.255591274253665,239.0,0.004,0.4,0.087,81.0,74.0,0.9,1,0.144,0.703,0.153,14.50716312214141,0.506,21.268492888009444,20.65819384126993,Upper-Middle,2.012321958597984,0.9789369407796034,0.422475106685633
0.011,41.0,12.735023019154712,55.625,11.842452208829947,27.6746667078359,0.082,7.615298339825815,239.0,0.005,0.4,0.12,83.0,77.0,0.9,1,0.145,0.687,0.168,17.57489264996077,0.77,24.635208839194387,23.422208019085172,High,2.269322670042544,0.9916348382747828,0.4556040756914119
0.011,41.0,10.906359568923403,16.0,10.870262251380735,26.61515766704595,0.091,8.207129168071326,239.0,0.003,0.8,0.04,83.0,78.0,1.0,1,0.176,0.651,0.172,16.012016210269145,0.843,22.76266632921917,23.129129279484147,High,2.4219793477011815,0.9187968503100922,0.5345622119815667
0.01,41.0,10.60641178160999,18.0,10.169345706257875,26.648120883238033,0.11,8.625329850020815,239.0,0.004,0.7,0.032,84.0,79.0,0.9,1,0.166,0.678,0.157,15.81558768271272,0.734,23.157230008084525,23.018221902876732,High,2.931293297156184,0.949600098389605,0.47640117994100295
0.02,41.0,12.325667372415824,6.0,11.300462176064121,26.694951759239952,0.054,5.697093486505405,239.0,0.027,0.1,0.12,76.0,69.0,0.5,1,0.289,0.646,0.065,18.01789657890268,0.672,23.48882994431217,21.649110782021573,High,1.4415273949989573,1.0020491259589213,0.5479876160990712
0.009,41.0,12.745841348038311,34.0,11.8764846579951,24.895852420841223,0.066,4.51085950651685,239.0,0.013,0.0,0.174,74.0,63.0,0.3,1,0.151,0.694,0.155,17.67522082323077,0.676,21.798609499016347,21.70159196011596,Upper-Middle,1.6431262597755207,0.9898541167541662,0.4409221902017291
0.012,41.0,13.20008338970822,13.0,12.308444198686773,28.428898051905847,0.08,7.991592282068092,239.0,0.005,0.7,0.044,81.0,77.0,1.0,1,0.181,0.66,0.159,17.909653533202416,0.796,24.338660201824776,24.95847318468331,High,2.274311844152468,0.9918577402917431,0.515151515151515
0.019,41.0,9.7705845338719,26.0,8.849513965486398,23.299726873125806,0.039,6.29156913955832,239.0,0.01,0.2,0.079,76.0,75.0,0.8,1,0.283,0.694,0.023,13.617676502099805,0.884,21.131394063138952,20.084606843564476,Lower-Middle,0.9086893480519065,0.9919864643178259,0.4409221902017291
0.018,41.0,13.011389357695117,29.0,11.95471607350409,25.818405129095602,0.047,4.770684624465665,239.0,0.023,0.1,0.167,73.0,70.0,0.1,1,0.272,0.68,0.048,18.05456317268579,0.669,20.98946887848735,22.205324820277852,High,1.2134650410674932,1.0043747222146335,0.47058823529411764
0.035,41.0,11.64469906357967,55.625,10.199955912268527,24.32407613016908,0.056,4.02535169073515,239.0,0.034,0.0,0.129,72.0,67.0,0.0,1,0.421,0.545,0.035,17.099182508287203,0.687,20.350025877585416,19.93800336967164,Upper-Middle,1.3621482632894684,1.0397093662506267,0.8366972477064218
0.021,41.0,11.054091225203859,20.0,9.86485066892121,25.564070623920784,0.076,7.252053951852814,239.0,0.005,0.2,0.075,82.0,78.0,1.1,1,0.279,0.621,0.1,15.733755971329536,0.915,21.79073139696156,22.021548321016088,High,1.9428693674179796,1.0174176858982489,0.6103059581320451
0.03,41.0,9.86485066892121,26.0,8.735525185733225,23.157542714360417,0.091,5.318119993844216,239.0,0.021,0.1,0.083,74.0,71.0,0.3,1,0.383,0.585,0.032,15.481328992870381,0.809,21.206309080316853,20.187122406905534,Lower-Middle,2.107336387006798,1.0132838733114782,0.7094017094017095
0.021,41.0,11.059346214138635,35.0,10.063478288845069,24.808241850760947,0.027,6.612041034833092,239.0,0.01,0.2,0.056,75.0,73.0,0.8,1,0.255,0.711,0.034,14.60236071838345,0.982,19.801962565761276,22.145651018451794,Upper-Middle,0.6698225299705456,0.9996265121511921,0.4064697609001407
0.015,41.0,9.731274729890462,46.0,8.570165076182343,23.765653802208153,0.082,6.129050210060545,239.0,0.013,0.1,0.108,78.0,75.0,0.2,1,0.283,0.644,0.074,15.164513922829004,0.865,22.503458669971607,22.036720652158234,Upper-Middle,1.9487836117810686,1.016834574161012,0.5543478260869564
0.022,41.0,10.239531125865787,35.0,9.169934957341145,23.92899977551465,0.03,5.739792912179234,239.0,0.011,0.1,0.076,76.0,72.0,0.3,1,0.359,0.616,0.025,14.71729741532353,0.718,20.214105494163377,20.52846675985641,Upper-Middle,0.7178699932654395,1.006843324840972,0.6233766233766234
0.016,41.0,10.700859604153607,26.0,9.720105433544852,24.180656547162744,0.036,7.371489295214277,239.0,0.009,0.2,0.07,78.0,76.0,0.7,1,0.259,0.727,0.014,13.487539682153896,0.971,20.026110636996957,20.353650383179122,Upper-Middle,0.8705036356978587,0.9982046977512906,0.375515818431912
0.024,41.0,12.888752736740274,55.625,11.875531783476381,26.27909777848991,0.037,5.991464547107982,239.0,0.017,0.1,0.12,76.0,72.0,0.4,1,0.351,0.617,0.032,16.986843184877415,0.808,22.592911844985714,22.211213852018638,High,0.9723266178041265,1.0010268277447663,0.6207455429497569
0.028,41.0,10.841774582282179,43.0,9.794676646677948,23.945612857996235,0.045,4.127134385045092,239.0,0.017,0.0,0.075,76.0,73.0,0.1,1,0.392,0.575,0.034,16.687719080693007,0.534,21.356132087152496,20.349299397351107,Upper-Middle,1.0775525786098306,1.0043630705342828,0.7408695652173914
0.016,41.0,11.637282400673545,19.0,10.652802378509259,25.719290747587362,0.025,6.903747257584598,239.0,0.009,0.3,0.12,76.0,74.0,1.0,1,0.219,0.771,0.009,15.112607244796449,0.819,21.18888486850207,22.22110157302282,High,0.6429822686896841,0.9986681334384991,0.29571984435797666
0.036,41.0,9.845964366292462,55.625,8.73020559553099,23.353246446705697,0.049,3.6635616461296463,239.0,0.059,0.0,0.185,63.0,60.0,0.1,1,0.463,0.51,0.027,16.791687720587383,0.284,18.749984498289212,19.024996716270177,Lower-Middle,1.1443090758885792,1.01189684736103,0.9607843137254902
0.02,41.0,9.051344640485725,26.0,9.57073837671504,23.436618790804065,0.061,5.267858159063328,239.0,0.02,0.1,0.12,75.0,69.0,0.0,1,0.2995,0.6425000000000001,0.052,10.989740444213382,0.882,20.350025877585416,19.93800336967164,Lower-Middle,1.429633746239048,0.8562641811686308,0.5470817120622568
0.012,41.0,12.762133550922716,3.0,11.632458080330178,27.141893689962902,0.086,7.96311205897929,239.0,0.005,0.1,0.089,83.0,78.0,0.8,1,0.2,0.672,0.128,16.817592678500528,0.878,23.741395407991334,23.378196515788265,High,2.3342028573368094,1.010265260313387,0.4880952380952381
0.024,41.0,7.033506484287697,45.0,6.502790045915623,21.726653920580926,0.036,4.795790545596741,239.0,0.02,0.1,0.072,71.0,66.0,0.2,1,0.314,0.646,0.04,13.615834478818396,0.495,20.192237507563583,18.586195190904515,Low,0.7821595411409132,0.9374521266414225,0.5479876160990712
0.019,41.0,6.670766320845874,26.0,9.57073837671504,23.436618790804065,0.061,5.267858159063328,239.0,0.02,0.2,0.12,77.0,71.0,0.4,1,0.286,0.666,0.048,12.436438056327363,0.562,20.418098451510463,19.867599729241633,Lower-Middle,1.429633746239048,0.6310596368121334,0.5015015015015014
0.02,41.0,9.051344640485725,26.0,9.57073837671504,23.436618790804065,0.061,5.267858159063328,239.0,0.02,0.4,0.12,79.0,74.0,0.6,1,0.298,0.64,0.062,11.971583728253645,0.935,20.350025877585416,19.93800336967164,Lower-Middle,1.429633746239048,0.8562641811686308,0.5625
0.025,41.0,3.8066624897703196,21.0,2.1972245773362196,18.442646872328627,0.104,4.787491742782046,239.0,0.05,0.0,0.12,69.0,63.0,0.0,1,0.377,0.587,0.036,11.395683532890896,0.435,20.350025877585416,19.93800336967164,Low,1.9180352747221772,1.1906146714729235,0.7035775127768313
0.02,41.0,4.48863636973214,17.0,3.4011973816621555,18.691519513534807,0.118,6.1092475827643655,239.0,0.033,0.0,0.12,75.0,69.0,0.0,1,0.2995,0.6425000000000001,0.052,10.860440266129173,0.696,15.424948670398354,12.899222326086994,Low,2.2055993025971072,1.0198670908135825,0.5470817120622568
0.027,41.0,4.997212273764115,16.0,9.57073837671504,19.294328286437175,0.104,5.455321115357702,239.0,0.038,0.1,0.154,68.0,67.0,0.1,1,0.391,0.57,0.04,11.57661362465296,0.223,16.759949589762293,15.76142084987672,Low,2.006610141789466,0.4727401337234729,0.756140350877193
0.017,41.0,7.845024417241484,26.0,9.57073837671504,23.436618790804065,0.061,5.267858159063328,239.0,0.02,0.3,0.12,79.0,72.0,0.5,1,0.274,0.661,0.066,12.34613454291433,0.633,19.300307495604308,18.933504376369054,Lower-Middle,1.429633746239048,0.7421453580312146,0.5143721633888049
0.014,41.0,10.456222579379329,12.0,9.76388059814971,25.35785988910171,0.08,7.5883236773352225,239.0,0.006,0.6,0.071,82.0,78.0,0.7,1,0.218,0.663,0.119,15.223444338835934,0.86,22.35211414309649,21.524818891798773,High,2.028628791128137,0.9714175555957703,0.5082956259426847
0.033,41.0,8.407824654360873,51.0,9.57073837671504,22.09117075853974,0.046,3.4339872044851463,239.0,0.056,0.0,0.133,62.0,58.0,0.0,1,0.401,0.574,0.026,15.59864325671323,0.131,15.775605482856605,18.09217669086922,Low,1.016193854892828,0.7953866943563205,0.7439024390243903
0.03,41.0,5.043425116919247,42.0,4.04305126783455,19.741121556998984,0.049,4.672828834461906,239.0,0.017,0.0,0.112,74.0,68.0,0.1,1,0.398,0.554,0.048,12.093995177124729,0.215,18.064005814299346,16.300417291085605,Low,0.9673149562929503,1.0000741315257056,0.8050541516245486
0.035,41.0,5.198497031265826,55.625,4.07753744390572,19.74272906382494,0.056,3.8501476017100584,239.0,0.029,0.0,0.143,67.0,64.0,0.0,1,0.414,0.557,0.029,13.03424884670979,0.174,15.068273812173887,16.325109901643454,Low,1.1055928275741966,1.0238224904683446,0.7953321364452423
0.029,41.0,5.153291594497779,32.0,4.060443010546419,19.29945477114581,0.048,4.7535901911063645,239.0,0.014,0.0,0.116,74.0,69.0,0.2,1,0.381,0.558,0.06,11.516120355866748,0.231,16.388122864507256,16.600521861931007,Low,0.926373829014999,1.0183479161326103,0.7903225806451613
0.03,41.0,4.02535169073515,47.0,3.4339872044851463,19.715399336167533,0.035,4.143134726391533,239.0,0.018,0.0,0.076,71.0,67.0,0.1,1,0.4,0.567,0.033,12.226541717369514,0.228,18.34811006187022,16.52356082573315,Low,0.6900389767658637,0.9078401684748557,0.7636684303350971
0.019,41.0,6.0112671744041615,26.0,4.912654885736052,20.623571204260536,0.041,6.118097198041348,239.0,0.011,0.2,0.12,77.0,72.0,0.7,1,0.286,0.642,0.072,11.311041811950178,0.298,19.635593491283995,17.453096744006448,Low,0.845566419374682,1.0166781742844497,0.557632398753894
0.018,41.0,11.95870683973987,30.0,11.116974949230649,25.93436655619831,0.082,5.793013608384144,239.0,0.016,0.2,0.068,78.0,71.0,0.4,1,0.266,0.632,0.102,17.461189670698598,0.899,21.70159196011596,21.8889135272624,High,2.1266180576082614,0.9869383150370524,0.5822784810126582
0.013,41.0,7.723120092266331,26.0,9.57073837671504,21.524495524133165,0.061,5.267858159063328,239.0,0.02,0.2,0.116,77.0,72.0,1.0,1,0.217,0.699,0.083,11.500275794174883,0.452,20.77775402317745,19.328939308161516,Low,1.312994226972123,0.7306131149058261,0.4291845493562232
0.015,41.0,7.452402451223638,26.0,6.499787040655854,22.682573409956756,0.06,7.190676034332207,239.0,0.013,0.2,0.06,77.0,70.0,0.6,1,0.263,0.676,0.061,12.683551391346773,0.822,21.363539528426436,19.96611332854275,Lower-Middle,1.3609544045974054,0.9936818753418801,0.47928994082840237
0.013,41.0,7.166265974133638,26.0,5.929589143389895,21.978796400970865,0.071,6.6039438246004725,239.0,0.015,0.5,0.083,76.0,71.0,0.7,1,0.209,0.681,0.11,12.514314411572292,0.331,20.47991957959019,18.909260764906005,Low,1.5604945444689313,1.0341545257368554,0.4684287812041116
0.027,41.0,5.945420608606575,26.0,5.049856007249537,20.779504384338914,0.044,5.170483995038151,239.0,0.019,0.1,0.139,75.0,69.0,0.3,1,0.384,0.575,0.041,12.487639809982053,0.466,18.939474543319914,17.665658180950928,Low,0.9142981929109122,0.982737539783126,0.7391304347826088
0.013,41.0,6.51025834052315,26.0,9.57073837671504,22.223938109751675,0.061,5.267858159063328,239.0,0.02,0.6,0.12,81.0,76.0,0.8,1,0.2995,0.6425000000000001,0.052,11.062583276583748,1.0,19.869949906581063,19.19540791611303,Lower-Middle,1.3556602246948521,0.6158754581291866,0.5470817120622568
0.029,41.0,9.479221814964246,55.625,8.195057690895077,22.894996150844953,0.053,3.9512437185814275,239.0,0.046,0.0,0.145,67.0,62.0,0.2,1,0.387,0.569,0.044,16.0333665040629,0.637,19.46095745914108,19.26224793394093,Lower-Middle,1.2134347959947824,1.0309040066546344,0.757469244288225
0.019,41.0,12.730289209113732,55.625,12.25506755064351,27.2211869903695,0.071,5.552959584921617,239.0,0.022,0.2,0.22649999999999998,75.0,68.0,0.4,1,0.28,0.66,0.06,19.030502205315745,0.825,21.943800729866396,22.045554868356913,High,1.9327042763162343,0.9604092291853842,0.5151515151515151
0.011,41.0,13.22193718230042,3.0,12.49732334285898,27.649239719120704,0.098,8.022240916806537,239.0,0.005,0.7,0.04,83.0,78.0,0.5,1,0.18,0.691,0.13,17.28109022981058,0.8,23.440275779486164,23.681659624896938,High,2.7096254924738292,0.9795969798186499,0.4486251808972504
0.02,41.0,6.214608098422191,26.0,9.57073837671504,23.436618790804065,0.061,5.267858159063328,239.0,0.02,0.1,0.12,75.0,69.0,0.7,1,0.2995,0.6425000000000001,0.052,10.764265574480024,1.0,20.07509202394124,19.93800336967164,Lower-Middle,1.429633746239048,0.5879067172934273,0.5470817120622568
0.015,41.0,11.002899521374802,27.0,10.22248658949386,25.33472329508136,0.067,6.028278520230698,239.0,0.008,0.3,0.051,81.0,75.0,0.6,1,0.255,0.667,0.079,16.598559505791282,0.872,21.174978196856433,20.947209069230546,High,1.6974264607704512,0.9804332964563639,0.5007496251874063
0.022,41.0,10.916396699011266,42.0,10.165928737122114,25.486079443315806,0.054,5.003946305945459,239.0,0.019,0.1,0.151,76.0,68.0,0.2,1,0.312,0.638,0.05,17.565664399222015,0.733,21.037346383983184,21.107847734818886,High,1.3762482899390536,0.9776523705295327,0.567398119122257
0.018,41.0,8.843903650835497,55.625,8.263848131368906,23.646232018361314,0.078,5.849324779946859,239.0,0.009,0.2,0.22649999999999998,81.0,76.0,0.2,1,0.286,0.656,0.058,15.261567286913511,0.644,21.184480960789585,19.991377830149037,Upper-Middle,1.8444060974321825,0.954668462330313,0.5243902439024389
0.012,41.0,10.126871075054945,26.0,9.333707785926467,24.366174648328236,0.061,5.3471075307174685,239.0,0.006,0.1,0.12,80.0,76.0,0.0,1,0.199,0.694,0.107,16.237953333046754,0.76,21.471847724867494,19.93800336967164,Upper-Middle,1.4863366535480225,0.9799842694261962,0.4409221902017291
0.02,41.0,9.051344640485725,26.0,9.57073837671504,23.436618790804065,0.061,5.267858159063328,239.0,0.02,0.1,0.12,75.0,69.0,0.5,1,0.218,0.665,0.118,11.800837510976065,0.907,19.2271566142836,19.088510121656228,Lower-Middle,1.429633746239048,0.8562641811686308,0.5052631578947367
0.02,41.0,4.709530201312334,26.0,3.6888794541139363,19.720809325010205,0.047,5.497168225293202,239.0,0.013,0.3,0.089,75.0,69.0,0.6,1,0.2995,0.6425000000000001,0.052,11.160896852951236,0.663,17.926384438531027,16.012735246411598,Low,0.9268780382754797,1.0044041966530575,0.5470817120622568
0.024,41.0,9.840920420267299,55.625,8.784009071186633,23.821731943856737,0.051,4.795790545596741,239.0,0.03,0.1,0.22649999999999998,75.0,68.0,0.3,1,0.334,0.61,0.056,16.03551698044748,0.66,21.871303009259304,19.920303792611403,Upper-Middle,1.2149083291366936,1.005816771904706,0.639344262295082
0.024,41.0,10.263222808938117,55.625,9.237858258012922,24.32308620989118,0.066,5.187385805840755,239.0,0.025,0.0,0.1,77.0,72.0,0.3,1,0.33,0.615,0.055,16.42035288776934,0.615,19.955395112345702,20.173352826205477,Upper-Middle,1.605323689852818,1.0024775251117921,0.6260162601626017
0.021,41.0,8.758883680017025,55.625,8.38548870041881,23.48316817631717,0.073,5.2574953720277815,239.0,0.021,0.0,0.12,75.0,66.0,0.3,1,0.363,0.576,0.061,15.615618084992324,0.611,20.43291353727565,19.737088980289055,Upper-Middle,1.7142712768711534,0.9332368254437488,0.7361111111111112
0.016,41.0,6.369900982828227,26.0,9.57073837671504,21.22097697635922,0.061,5.267858159063328,239.0,0.02,0.6,0.12,72.0,66.0,0.7,1,0.2995,0.6425000000000001,0.052,10.949261494188237,0.826,20.350025877585416,19.93800336967164,Low,1.2944795955579125,0.6025975438820514,0.5470817120622568
0.019,41.0,5.327876168789581,26.0,4.31748811353631,20.212464116228073,0.058,5.8377304471659395,239.0,0.013,0.2,0.102,74.0,69.0,0.4,1,0.309,0.614,0.077,11.539138871786133,0.36,18.26985786584569,16.012735246411598,Low,1.1723229187412283,1.0019535643581088,0.6286644951140066
0.035,41.0,9.360655132635051,39.0,8.960082528170402,23.899871966255716,0.064,4.8283137373023015,239.0,0.035,0.1,0.138,73.0,66.0,0.3,1,0.434,0.524,0.043,16.330606959770453,0.468,20.261230378937153,20.005825965866602,Upper-Middle,1.529591805840366,0.9398170252264505,0.9103053435114503
0.022,41.0,7.395721608602045,46.0,6.173786103901937,20.482364000269325,0.053,4.02535169073515,239.0,0.036,0.1,0.145,68.0,61.0,0.2,1,0.363,0.598,0.039,13.537039269040546,0.284,17.11134746100564,17.216707972959764,Low,1.0855652920142742,1.0309370117098131,0.6722408026755853
0.029,41.0,7.5953872788539725,55.625,7.735870319952567,22.020861185183612,0.056,3.1354942159291497,239.0,0.067,0.1,0.22649999999999998,61.0,57.0,0.0,1,0.385,0.574,0.041,16.02706902362936,0.424,18.34811006187022,19.143386731608224,Low,1.2331682263702823,0.8694482633866768,0.7421602787456446
0.029,41.0,8.904901577935142,55.625,8.256866848974312,22.89485319187218,0.079,4.6443908991413725,239.0,0.027,0.1,0.199,74.0,69.0,0.1,1,0.404,0.555,0.041,15.72689240725421,0.479,19.85576527162264,19.519293035953808,Lower-Middle,1.8086934021579022,0.9619779265726213,0.8018018018018017
0.017,41.0,9.2794932306645,31.0,8.234830280442056,23.043026081187744,0.048,5.214935757608986,239.0,0.018,0.1,0.181,74.0,68.0,0.7,1,0.315,0.609,0.076,14.784069588754548,0.526,21.273119848256915,19.577561943889105,Lower-Middle,1.1060652518970118,1.0048363585324391,0.6420361247947455
0.022,41.0,12.92572786297089,55.625,11.978701420182494,27.370003805643243,0.06,6.091309882077698,239.0,0.017,0.1,0.074,78.0,73.0,0.4,1,0.327,0.621,0.052,18.510352795705572,0.76,23.175132632742343,22.806948373007973,High,1.6422002283385946,0.9959184239241972,0.6103059581320451
0.026,41.0,8.395477432732141,39.0,7.945201132412759,22.48035935966486,0.061,4.204692619390966,239.0,0.027,0.0,0.135,75.0,69.0,0.1,1,0.384,0.575,0.04,15.499369250765362,0.557,19.07300593520039,18.85246316687141,Lower-Middle,1.3713019209395565,0.9385454064650705,0.7373913043478261
0.023,41.0,8.666647144584575,18.0,7.868636894184167,23.37504899159917,0.081,5.8522024797744745,239.0,0.02,0.1,0.088,79.0,73.0,0.4,1,0.31,0.63,0.06,15.010443424903123,0.634,20.621233112488678,19.499090328704316,Lower-Middle,1.8933789683195328,0.9772242620811263,0.5873015873015873
0.026,41.0,8.316300249036848,55.625,8.294799358992574,22.806933107768234,0.059,4.418840607796598,239.0,0.025,0.0,0.22649999999999998,73.0,69.0,0.3,1,0.363,0.59,0.047,15.572217986371534,0.571,18.28141868811311,18.61130111182548,Lower-Middle,1.3456090533583258,0.894726171898585,0.6949152542372882
0.022,41.0,10.370267240463384,55.625,9.463120392418698,24.90840312573458,0.044,4.718498871295094,239.0,0.023,0.1,0.22649999999999998,75.0,69.0,0.1,1,0.324,0.623,0.053,17.12619392647156,0.746,20.931904702869428,20.5630970859673,Upper-Middle,1.0959697375323214,0.9911256729854133,0.6051364365971108
0.013,41.0,9.051344640485725,7.0,9.57073837671504,25.109313289798404,0.061,5.267858159063328,239.0,0.02,0.2,0.12,82.0,74.0,0.5,1,0.225,0.655,0.12,15.157560146453072,0.942,21.829846295594386,21.18321913096996,Upper-Middle,1.5316681106777026,0.8562641811686308,0.5267175572519084
0.02,41.0,9.051344640485725,26.0,9.57073837671504,23.436618790804065,0.061,5.267858159063328,239.0,0.02,0.1,0.12,75.0,69.0,0.5,1,0.2995,0.6425000000000001,0.052,10.472176341746307,1.0,20.254860930661817,18.197537205138154,Lower-Middle,1.429633746239048,0.8562641811686308,0.5470817120622568
0.02,41.0,5.429345628954441,26.0,4.343805421853684,20.025203633425892,0.035,5.8971538676367405,239.0,0.011,0.2,0.103,75.0,69.0,0.6,1,0.2995,0.6425000000000001,0.052,10.787709534884778,0.322,18.450239555902648,16.118095750958314,Low,0.7008821271699063,1.016007358118044,0.5470817120622568
0.018,41.0,5.877735781779639,26.0,4.795790545596741,20.570412260017346,0.063,5.802118375377063,239.0,0.015,0.2,0.111,75.0,71.0,0.6,1,0.292,0.636,0.072,12.004329708756044,0.241,19.602407942398468,17.426428497635523,Low,1.2959359723810928,1.0141387504496957,0.5723270440251572
0.017,41.0,9.051344640485725,26.0,9.57073837671504,23.436618790804065,0.061,5.267858159063328,239.0,0.02,0.1,0.12,81.0,75.0,0.5,1,0.2995,0.6425000000000001,0.052,10.22248658949386,0.56,20.350025877585416,19.93800336967164,Lower-Middle,1.429633746239048,0.8562641811686308,0.5470817120622568
0.018,41.0,5.272999558563747,26.0,4.204692619390966,20.074221094124397,0.037,5.19295685089021,239.0,0.019,0.1,0.097,73.0,69.0,0.7,1,0.29,0.638,0.072,11.595085928614767,0.466,18.379858759848776,16.454567959008102,Low,0.7427461804826027,1.013124106295594,0.567398119122257
0.021,41.0,7.737616282857904,26.0,6.499787040655854,21.118069337564144,0.069,5.337538079701318,239.0,0.027,0.1,0.204,72.0,65.0,0.4,1,0.3,0.64,0.06,13.109065349260339,0.667,17.76675429577647,18.258161826219297,Low,1.4571467842919261,1.0317114660606752,0.5625
0.015,41.0,10.34154891634728,26.0,9.55506418479516,23.27930735227992,0.052,6.259581464064923,239.0,0.024,0.3,0.093,73.0,65.0,0.5,1,0.224,0.706,0.071,14.070447306602968,0.101,20.157631978445988,18.76427045543464,Lower-Middle,1.2105239823185556,0.9797712960613301,0.4178470254957507
0.02,41.0,4.6443908991413725,26.0,9.57073837671504,23.436618790804065,0.061,5.267858159063328,239.0,0.02,0.1,0.12,75.0,69.0,0.5,1,0.2995,0.6425000000000001,0.052,10.127670563425001,0.872,20.350025877585416,19.93800336967164,Lower-Middle,1.429633746239048,0.4393629596747869,0.5470817120622568
0.014,41.0,15.571775137862597,6.0,14.651813913967393,30.138748709127334,0.118,8.757154527656606,239.0,0.007,0.6,0.043,80.0,75.0,0.6,1,0.207,0.67,0.123,19.495018437565264,0.798,25.47417139316906,25.27465542726041,High,3.556372347677025,0.9948862939116998,0.49253731343283574
0.016,41.0,8.632662441222351,45.0,7.962067308753666,23.339663640747272,0.085,5.860786223465865,239.0,0.013,0.2,0.22649999999999998,79.0,72.0,0.2,1,0.24,0.626,0.135,15.01662618444222,0.931,20.19732657706242,19.402759220109843,Lower-Middle,1.9838714094635184,0.9632445443464176,0.5990415335463258
0.022,41.0,12.033319168322858,55.625,10.940968841200007,25.44578696902252,0.056,5.480638923341991,239.0,0.016,0.1,0.185,76.0,70.0,0.3,1,0.318,0.633,0.049,17.083607958692404,0.885,20.132675246516612,21.195766347014175,High,1.4249640702652613,1.007733905711588,0.5797788309636651
0.015,41.0,9.051344640485725,26.0,9.57073837671504,23.436618790804065,0.061,5.267858159063328,239.0,0.02,0.3,0.12,82.0,76.0,0.6,1,0.231,0.669,0.101,11.589432699447986,0.935,21.027805027202078,19.93800336967164,Lower-Middle,1.429633746239048,0.8562641811686308,0.49626307922272045
0.021,45.14999999999999,11.58178899475957,25.0,10.383936439643403,25.359921611410286,0.031,4.564348191467836,295.75,0.029,0.1,0.08,71.0,68.0,0.4,1,0.289,0.667,0.044,17.34072053860554,0.638,19.98302705094905,20.307750394499898,High,0.7861575699537189,1.0173799771428067,0.4992503748125936
0.049,45.14999999999999,9.860423463065102,55.625,9.143880005275912,24.0637821099822,0.042,4.276666119016055,272.0,0.1075,0.0,0.22649999999999998,50.0,47.0,0.1,1,0.478,0.498,0.025,16.62155684374826,0.362,18.450239555902648,18.72078534381011,Upper-Middle,1.0106788486192524,0.972056398334426,1.0100401606425702
0.04,45.14999999999999,7.782807262839695,31.0,7.824046010856292,22.19528274349423,0.047,3.258096538021482,270.0,0.075,0.0,0.12,59.0,56.0,0.1,1,0.445,0.527,0.028,15.917491542168117,0.4,18.497641794347754,17.87595358575207,Lower-Middle,1.0431782889442287,0.8819998505520535,0.8975332068311196
0.025,37.55,8.4368504387337,55.625,7.5652752818989315,23.01894951959879,0.056,5.700443573390687,189.75,0.043,0.0,0.157,47.0,46.0,0.3,1,0.358,0.61,0.032,14.444548991687109,0.551,20.148790187880163,19.52262082603541,Lower-Middle,1.2890611730975323,0.985006337923939,0.639344262295082
0.045,45.14999999999999,7.027314514039777,40.0,9.57073837671504,22.42121066775708,0.069,3.367295829986474,270.0,0.086,0.0,0.12,53.0,52.0,0.0,1,0.465,0.509,0.026,16.412400494368587,0.215,17.6441519761925,18.119575664681957,Lower-Middle,1.5470635360752387,0.6647893707708603,0.9646365422396858
0.044,45.14999999999999,5.043425116919247,13.0,9.57073837671504,20.83414007327068,0.101,2.70805020110221,189.75,0.075,0.0,0.184,51.0,49.0,0.0,1,0.454,0.519,0.027,15.865831300215326,0.094,14.45736497045232,17.9426449591384,Low,2.104248147400339,0.47711190431396716,0.9267822736030829
0.04,45.14999999999999,8.215276958936633,45.0,8.851090687664982,23.531940630223538,0.049,3.828641396489095,295.75,0.078,0.0,0.177,53.0,51.0,0.1,1,0.443,0.524,0.033,16.713505132672314,0.485,19.249232565885325,19.989296663949546,Upper-Middle,1.1530650908809534,0.8339459273502954,0.9083969465648855
0.037,45.14999999999999,5.365976015021851,22.0,9.57073837671504,21.023593328997233,0.044,2.772588722239781,295.75,0.1075,0.0,0.177,47.0,43.0,0.0,1,0.419,0.542,0.04,15.191981325199528,0.381,15.789591722875162,17.6441519761925,Low,0.9250381064758783,0.5076254679466753,0.8468634686346862
0.05,45.14999999999999,5.993961427306569,55.625,9.57073837671504,22.61738076446681,0.047,3.258096538021482,295.75,0.101,0.0,0.177,48.0,47.0,0.0,1,0.492,0.481,0.027,16.119536013138497,0.218,20.350025877585416,19.93800336967164,Lower-Middle,1.06301689592994,0.5670333720972528,1.0790020790020791
0.039,45.14999999999999,4.709530201312334,24.0,3.6375861597263857,19.774028613560702,0.043,3.367295829986474,189.75,0.07,0.0,0.11,60.0,58.0,0.0,1,0.415,0.555,0.03,13.305907519869093,0.279,16.993564429978885,16.118095750958314,Low,0.8502832303831102,1.0155132517452123,0.8018018018018016
0.046,45.14999999999999,7.708410667257367,55.625,9.902086571620499,23.205208469956812,0.053,2.0794415416798357,295.75,0.105,0.0,0.12,49.0,46.0,0.1,1,0.462,0.51,0.028,17.805013062698475,0.375,14.978661680269907,17.804494623047066,Lower-Middle,1.229876048907711,0.7070582880274798,0.9607843137254902
0.039,45.14999999999999,7.284134806195205,37.0,6.988413181999592,22.529421627233525,0.024,3.7612001156935624,295.75,0.062,0.0,0.177,55.0,53.0,0.2,1,0.422,0.543,0.035,15.08044712659133,0.61,17.50439003707821,18.53400943818794,Lower-Middle,0.5407061190536047,0.9118375126875826,0.8416206261510127
0.037,45.14999999999999,8.965206802770357,45.0,9.173157580848466,23.518315240553033,0.057,3.9889840465642745,270.0,0.089,0.0,0.12,48.0,46.0,0.1,1,0.423,0.547,0.03,16.671635589676363,0.468,18.34811006187022,20.1236090012953,Upper-Middle,1.3405439687115228,0.8812609783660342,0.8281535648994515
0.029,37.8,6.161207321695077,37.0,4.941642422609304,20.37884859660289,0.072,4.1588830833596715,189.75,0.071,0.0,0.112,59.0,57.0,0.1,1,0.373,0.594,0.034,13.56266266881873,0.768,15.775605482856605,16.48273883399067,Low,1.467277098955408,1.0369535699843326,0.6851851851851852
0.024,45.14999999999999,12.026999805935272,22.0,11.046786358826644,25.219577450537237,0.051,4.174387269895637,295.75,0.026,0.1,0.131,72.0,67.0,0.2,1,0.325,0.62,0.055,18.08908410824872,0.43,22.698179849411087,21.381821573254335,Upper-Middle,1.286198449977399,0.9983575243801951,0.6129032258064516
0.038,44.1,8.45807992692373,55.625,7.1308988302963465,22.657081605946868,0.016,5.3981627015177525,295.75,0.087,0.0,0.177,50.0,48.0,0.2,1,0.406,0.561,0.032,13.310748182170078,0.389,20.350025877585416,19.93800336967164,Lower-Middle,0.3625133056951499,1.0402392285842106,0.7807486631016043
0.04,45.14999999999999,6.642486801367256,55.625,6.638567789166521,20.817143992802798,0.028,1.9459101490553132,216.0,0.047,0.1,0.12,61.0,56.0,0.0,1,0.435,0.545,0.02,15.395327468222455,0.189,18.005165315142214,19.93800336967164,Low,0.5828800317984784,0.8695984620033134,0.8348623853211009
0.039,37.55,8.52793528794814,34.0,10.272841773631933,23.22256174534352,0.041,2.0794415416798357,212.0,0.07,0.0,0.07,58.0,56.0,0.0,1,0.462,0.507,0.031,18.148442020083394,0.157,20.094031984006293,18.15931599280497,Lower-Middle,0.9521250315590843,0.7565027043931064,0.9723865877712031
0.033,45.1,7.643961949002529,55.625,7.449498005382849,22.882642767349004,0.03,5.236441962829949,295.75,0.05,0.0,0.177,61.0,59.0,0.5,1,0.395,0.549,0.056,14.137207025724654,0.834,16.380459992348886,19.661949335912173,Lower-Middle,0.6864792830204701,0.904664625535488,0.8214936247723132
0.044,45.14999999999999,5.780743515792329,27.0,4.6913478822291435,20.251939728810832,0.045,3.044522437723423,295.75,0.057,0.0,0.22649999999999998,58.0,56.0,0.2,1,0.46,0.515,0.025,14.177754963617875,0.523,17.893048018819147,15.76142084987672,Low,0.9113372877964874,1.0157072868172965,0.941747572815534
0.034,39.8,8.847503625923641,18.0,9.015541293671115,23.096484880706562,0.07,3.58351893845611,295.75,0.058,0.0,0.12,60.0,58.0,0.1,1,0.402,0.564,0.034,16.8781551735373,0.473,20.580549535898218,19.972489545668473,Lower-Middle,1.6167539416494594,0.8833774797089036,0.773049645390071
0.04,45.14999999999999,7.074963197966044,40.0,9.57073837671504,21.800679007078195,0.053,2.833213344056216,295.75,0.085,0.0,0.12,53.0,52.0,0.0,1,0.436,0.531,0.032,16.07480519562731,0.328,20.350025877585416,17.453096744006448,Low,1.1554359873751443,0.6692969730052725,0.8813559322033897
0.04,45.14999999999999,5.365976015021851,55.625,4.477336814478207,20.166140666097693,0.057,3.2188758248682006,208.0,0.096,0.0,0.12,53.0,51.0,0.1,1,0.429,0.542,0.029,14.16723446572564,0.409,14.285514812209815,16.75467253293992,Low,1.1494700179675685,0.9796688056206446,0.8450184501845018
0.039,45.14999999999999,9.055205875026193,54.0,9.689799159992674,23.653813802327264,0.044,3.1780538303479458,295.75,0.061,0.0,0.129,56.0,54.0,0.1,1,0.428,0.545,0.027,17.3930594611704,0.217,20.69177517088703,18.635792131633828,Upper-Middle,1.0407678073023996,0.8470884943204489,0.8348623853211009
0.029,37.55,9.051344640485725,55.625,3.5263605246161616,21.036911885658288,0.063,3.828641396489095,295.75,0.085,0.0,0.117,44.0,44.0,0.1,1,0.397,0.557,0.046,14.470875390427771,0.222,17.11134746100564,19.417629382534013,Low,1.325325448796472,1.9996959127009188,0.7953321364452423
0.04,41.0,6.60934924316738,26.0,9.57073837671504,20.11077656124894,0.08,2.6390573296152584,239.0,0.083,0.1,0.17,56.0,54.0,0.0,1,0.433,0.537,0.03,15.00023540313721,0.461,18.020203192280615,17.312018149733785,Low,1.6088621248999153,0.6252495339139498,0.8621973929236498
0.023,41.0,10.861092957544496,26.0,9.779680156808055,24.5074554708874,0.026,5.365976015021851,239.0,0.02,0.0,0.061,75.0,72.0,0.4,1,0.306,0.651,0.043,15.537285771589358,0.769,19.52262082603541,20.639884229094317,Upper-Middle,0.6371938422430724,1.0075524319415936,0.5360983102918586
0.038,45.14999999999999,7.463363045520021,38.0,9.57073837671504,22.340389641097783,0.049,2.6390573296152584,295.75,0.055,0.0,0.22649999999999998,63.0,60.0,0.0,1,0.448,0.523,0.029,16.721886616634666,0.288,19.48539148439307,18.197537205138154,Lower-Middle,1.0946790924137915,0.706039898022652,0.9120458891013384
0.042,37.55,6.822197390620491,39.0,9.57073837671504,21.736681783361423,0.082,2.8903717578961645,295.75,0.073,0.0,0.22649999999999998,49.0,49.0,0.0,1,0.461,0.508,0.031,16.3746544036991,0.151,17.6867115897055,18.24632736871235,Low,1.7824079062356368,0.6453851327593404,0.968503937007874
0.048,45.14999999999999,6.343880434126331,41.0,9.57073837671504,22.391975466975783,0.063,3.4011973816621555,270.0,0.097,0.0,0.12,51.0,52.0,0.1,1,0.463,0.506,0.031,16.29551010425601,0.321,18.819456870621142,18.705859693704824,Lower-Middle,1.4106944544194744,0.6001359799141821,0.9762845849802372
0.037,45.14999999999999,7.424761761823209,55.625,9.57073837671504,21.504627559985348,0.05,3.4011973816621555,295.75,0.075,0.0,0.22649999999999998,62.0,59.0,0.2,1,0.416,0.553,0.031,14.961694808777484,0.531,20.350025877585416,19.93800336967164,Low,1.0752313779992675,0.7023881868250841,0.8083182640144664
0.015,37.55,8.134760782418645,46.0,6.982862751468942,22.56124011823949,0.045,5.480638923341991,189.75,0.014,0.2,0.21,76.0,69.0,0.5,1,0.242,0.692,0.066,14.033242693945628,0.416,20.896378455496098,19.502485917693924,Lower-Middle,1.015255805320777,1.0190280148461468,0.44508670520231214
0.02,45.14999999999999,10.731427829437605,12.0,9.497622364406624,24.809643041718203,0.051,4.61512051684126,295.75,0.035,0.2,0.115,71.0,67.0,0.4,1,0.308,0.642,0.05,17.220880754644753,0.551,22.41446805136745,20.72226533761383,Upper-Middle,1.2652917951276283,1.022272230502759,0.557632398753894
0.044,37.55,7.508238774678663,55.625,9.046644279305394,22.607074923389934,0.069,3.1354942159291497,230.0,0.091,0.0,0.195,49.0,47.0,0.1,1,0.448,0.52,0.032,16.860527016496462,0.3,18.742764250367856,19.046619180166456,Lower-Middle,1.5598881697139055,0.7473379733514133,0.923076923076923
0.029,37.55,7.745435610274381,55.625,7.166265974133638,22.70583388952797,0.073,5.572154032177765,295.75,0.046,0.0,0.106,58.0,54.0,0.2,1,0.398,0.569,0.033,14.522080745523027,0.366,19.709913394983946,18.497641794347754,Lower-Middle,1.6575258739355416,0.9484672229398086,0.7574692442882252
0.051,42.3,6.721425700790643,35.0,9.57073837671504,21.948550292947722,0.077,3.044522437723423,270.0,0.082,0.0,0.12,54.0,54.0,0.0,1,0.49,0.485,0.025,16.394499285262746,0.167,17.599700214609808,17.553180200057167,Low,1.6900383725569745,0.6358520532110068,1.0618556701030928
0.042,37.55,11.558835294479426,35.0,11.575994156437211,25.44397943788055,0.066,3.9889840465642745,295.75,0.097,0.0,0.179,49.0,48.0,0.1,1,0.436,0.537,0.027,18.754190683013704,0.391,18.749984498289212,20.032116661045148,High,1.6793026429001163,0.919119009654029,0.8621973929236499
0.038,45.14999999999999,6.270988431858299,18.0,9.57073837671504,21.671553719368333,0.061,2.8903717578961645,189.75,0.067,0.0,0.161,56.0,54.0,0.0,1,0.442,0.532,0.025,16.059349176817843,0.193,18.020203192280615,18.132998684833918,Low,1.3219647768814684,0.5932403403031785,0.8778195488721805
0.038,45.14999999999999,4.356708826689592,55.625,3.784189633918261,18.629794398930546,0.1,4.406719247264253,295.75,0.048,0.1,0.22649999999999998,66.0,63.0,0.1,1,0.42,0.54,0.04,11.948699902665304,0.58,15.803385043104912,13.122365377402328,Low,1.8629794398930546,0.9106471858477395,0.8518518518518517
0.039,45.14999999999999,8.676075516476429,55.625,7.934513463882263,22.88739486700846,0.054,3.7376696182833684,295.75,0.057,0.0,0.12,62.0,59.0,0.2,1,0.441,0.527,0.032,16.23772826398034,0.411,19.626651553934988,18.78532386448472,Lower-Middle,1.2359193228184568,0.9710742002403859,0.8975332068311195
0.019,45.14999999999999,6.548219102762372,39.0,5.43372200355424,20.6389090385342,0.04,6.049733455231958,189.75,0.012,0.3,0.098,77.0,67.0,0.7,1,0.243,0.681,0.075,11.325402403776808,0.511,19.410221941283584,17.893048018819147,Low,0.8255563615413681,1.0177964013901875,0.46696035242290745
0.042,45.14999999999999,6.304448802421981,26.0,9.57073837671504,21.210527859054267,0.118,3.9512437185814275,295.75,0.1075,0.0,0.22649999999999998,42.0,42.0,0.5,1,0.427,0.549,0.024,15.44864468430939,0.368,17.974393656948944,17.341871111992198,Low,2.5028422873684035,0.5964057171549402,0.8214936247723132
0.047,41.0,6.363028103540465,26.0,9.57073837671504,23.436618790804065,0.061,5.267858159063328,239.0,0.105,0.0,0.12,54.0,51.0,0.1,1,0.477,0.494,0.029,15.951679608157692,0.352,20.350025877585416,19.93800336967164,Lower-Middle,1.429633746239048,0.6019473642027491,1.0242914979757085
0.023,37.6,12.889467425647435,35.0,11.76146382130438,26.232862906087835,0.088,6.111467339502679,295.75,0.051,0.1,0.106,53.0,50.0,0.7,1,0.308,0.648,0.044,17.679174003499657,0.595,22.87839446058847,22.294378635266657,High,2.3084919357357294,1.0100304797424071,0.5432098765432098
0.04,41.0,9.051344640485725,26.0,9.57073837671504,23.436618790804065,0.061,5.267858159063328,239.0,0.087,0.1,0.12,52.0,50.0,0.5,1,0.44,0.527,0.032,15.89985904089211,0.172,20.350025877585416,19.93800336967164,Lower-Middle,1.429633746239048,0.8562641811686308,0.8956356736242883
0.038,45.14999999999999,9.278839788400875,39.0,9.604946736749472,24.001353228364415,0.041,3.58351893845611,189.75,0.061,0.0,0.12,62.0,58.0,0.0,1,0.432,0.538,0.03,17.268220489975636,0.328,18.826145858727198,20.318300605379147,Upper-Middle,0.984055482362941,0.8749539265715292,0.8587360594795538
0.032,37.55,6.927557906278317,55.625,5.991464547107982,21.672634581854705,0.068,5.075173815233827,189.75,0.081,0.0,0.106,46.0,46.0,0.2,1,0.418,0.55,0.032,13.91503276381032,0.22,18.15931599280497,17.909855136853043,Low,1.47373915156612,0.9908593342068651,0.818181818181818
0.042,43.8,8.633908991112198,28.0,9.749286871458828,23.372409032288978,0.04,2.772588722239781,189.75,0.057,0.0,0.152,54.0,53.0,0.1,1,0.446,0.524,0.03,17.474559086564486,0.248,20.542942284012735,20.173352826205477,Lower-Middle,0.9348963612915592,0.8032076075703855,0.9083969465648855
0.038,45.14999999999999,7.199678345691172,55.625,7.771910256435763,21.47239350305554,0.066,3.258096538021482,270.0,0.068,0.0,0.12,55.0,53.0,0.1,1,0.428,0.544,0.028,15.527543866634689,0.352,17.11134746100564,17.553180200057167,Low,1.4171779712016657,0.8207651623440768,0.8382352941176471
0.017,45.14999999999999,10.034603530393666,11.0,9.025816391627028,24.197805394822556,0.056,5.204006687076795,268.0,0.02,0.1,0.12,76.0,72.0,0.6,1,0.258,0.675,0.067,16.120991553781177,0.651,21.752885254484713,19.929192740008894,Upper-Middle,1.3550771021100632,1.000876451195932,0.48148148148148145
0.047,37.55,7.734558844354756,34.0,9.57073837671504,22.92202639971947,0.092,3.4011973816621555,237.0,0.068,0.0,0.196,53.0,52.0,0.0,1,0.494,0.481,0.025,17.173273856014355,0.13,19.760931169188652,19.035866388448003,Lower-Middle,2.1088264287741914,0.7316952296721533,1.0790020790020791
0.044,37.55,7.729735331385051,35.0,8.883778861463485,22.69436413265892,0.071,3.8066624897703196,189.75,0.076,0.0,0.22649999999999998,48.0,47.0,0.1,1,0.467,0.506,0.027,16.25524749433458,0.366,18.400478046838927,18.292847383806116,Lower-Middle,1.611299853418783,0.7820627555239044,0.9762845849802373
0.032,37.55,9.28498391497195,55.625,9.178436822963175,22.473372277725872,0.061,5.267858159063328,216.0,0.057,0.1,0.22649999999999998,43.0,44.0,0.1,1,0.415,0.548,0.037,16.357946062229875,0.341,18.410630418199872,19.93800336967164,Lower-Middle,1.3708757089412782,0.9122210096175534,0.8248175182481751
0.045,37.55,6.92461239604856,9.0,9.57073837671504,22.55985143615383,0.092,3.091042453358316,275.0,0.084,0.0,0.12,58.0,56.0,0.0,1,0.493,0.487,0.02,17.028805076277855,0.229,20.350025877585416,19.93800336967164,Lower-Middle,2.0755063321261527,0.655073671230188,1.053388090349076
0.014,37.55,8.380456667842767,18.0,7.829232537543592,22.31259017278461,0.053,4.454347296253507,295.75,0.021,0.1,0.18,77.0,70.0,0.1,1,0.219,0.665,0.116,14.919083190426967,0.642,19.29614948547293,19.464484799646605,Lower-Middle,1.1825672791575843,0.9491715879276545,0.5037593984962406
0.017,45.14999999999999,10.444037013468341,55.625,9.505097358099926,23.306917811333804,0.079,4.812184355372417,295.75,0.044,0.1,0.17,72.0,66.0,0.3,1,0.26,0.676,0.064,15.942771673895882,0.524,18.420680753952364,19.05195252611337,Lower-Middle,1.8412465070953705,0.9941875508098452,0.47928994082840237
0.023,37.55,10.533561804120112,50.0,10.080335824865035,24.822225748323408,0.032,2.6390573296152584,295.75,0.051,0.0,0.14,68.0,67.0,0.1,1,0.343,0.614,0.043,18.779300063367355,0.268,18.184958423089522,19.74243658660135,Upper-Middle,0.7943112239463491,0.95065365983602,0.6286644951140066
0.023,40.8,5.983936280687191,55.625,5.3230099791384085,20.52343485737972,0.043,4.02535169073515,274.0,0.045,0.0,0.14,64.0,64.0,0.1,1,0.34,0.619,0.041,13.385370512109537,0.31,16.759949589762293,19.93800336967164,Low,0.8825076988673278,0.9463746380964243,0.6155088852988692
0.02,41.0,8.5422759717837,26.0,7.704361167910313,22.97785774535341,0.026,6.51025834052315,239.0,0.007,0.4,0.055,79.0,75.0,0.6,1,0.289,0.679,0.032,12.815338092109386,0.735,19.067783991246507,19.739766358052602,Lower-Middle,0.5974243013791887,0.9813788521638831,0.4727540500736376
0.026,37.55,7.9291264873067995,55.625,8.142354276849835,22.5627110770753,0.069,3.5263605246161616,189.75,0.052,0.0,0.12,70.0,65.0,0.1,1,0.361,0.595,0.044,16.40750810044387,0.192,20.64961929785454,18.73549149109167,Lower-Middle,1.5568270643181958,0.8672959116652089,0.680672268907563
0.012,45.14999999999999,15.571645958352637,48.0,14.38969287978997,28.445014454137855,0.047,4.394449154672439,295.75,0.02,0.1,0.056,75.0,73.0,0.3,1,0.205,0.718,0.077,20.988487554235046,0.425,24.18405201005163,23.930918921832582,High,1.3369156793444792,1.011823048061057,0.3927576601671309
0.013,45.14999999999999,8.53089883847235,21.0,7.952263308657046,22.581304081565833,0.086,4.820281565605037,295.75,0.022,0.1,0.176,77.0,69.0,0.3,1,0.184,0.67,0.146,15.28830389398493,0.525,19.474992777208215,19.283570703318816,Lower-Middle,1.9419921510146614,0.9529320736380457,0.49253731343283574
0.008,37.55,10.61021707406934,11.0,9.446597562435775,25.924907543743068,0.061,5.267858159063328,189.75,0.02,0.6,0.078,85.0,79.0,1.2,1,0.142,0.736,0.121,15.734372611742458,1.0,23.332452887318343,23.311405741451225,High,1.581419360168327,1.0156624691107001,0.35733695652173914
0.023,45.14999999999999,14.1599006511776,55.625,13.198192296450534,27.449757016156987,0.042,3.4965075614664802,264.0,0.056,0.0,0.108,66.0,63.0,0.1,1,0.322,0.631,0.047,20.84295243656365,0.292,22.759147264004433,22.836746420970485,High,1.1528897946785934,0.9973030619339824,0.5847860538827259
0.021,37.55,12.742545547999017,55.625,12.097718765334694,26.378798136675744,0.028,3.6109179126442243,295.75,0.033,0.0,0.141,71.0,67.0,0.2,1,0.3,0.651,0.049,19.22930119248569,0.459,22.351329213699987,22.279302972864368,High,0.7386063478269208,0.9728828184740306,0.5360983102918586
0.008,45.14999999999999,14.029154732730138,30.0,13.162625855424416,29.150942761961772,0.082,7.982416346827733,295.75,0.003,0.7,0.020500000000000018,85.0,79.0,0.8,1,0.138,0.663,0.198,18.66576581780831,0.86,23.4676479673603,24.59658959325607,High,2.3903773064808655,0.9905758208924825,0.5067873303167421
0.018,44.1,12.083611183081873,25.0,10.835769736828329,24.768484433986732,0.041,5.043425116919247,271.0,0.029,0.0,0.12,72.0,60.0,0.4,1,0.247,0.677,0.076,16.533315031097416,0.547,20.50137150628107,20.661390434292155,Upper-Middle,1.015507861793456,1.0209400361585572,0.4771048744460857
0.016,41.0,11.326776593341886,26.0,9.967963571720492,23.436618790804065,0.061,5.267858159063328,239.0,0.026,0.1,0.12,72.0,65.0,0.5,1,0.247,0.678,0.074,16.985756233859927,0.598,20.350025877585416,19.93800336967164,Lower-Middle,1.429633746239048,1.0327146438146957,0.4734513274336283
0.009,37.55,13.045307371759215,17.0,12.255705311837845,27.52358544937702,0.056,6.8966943316227125,290.0,0.005,0.7,0.056,82.0,75.0,0.8,1,0.191,0.716,0.093,17.689584064304054,0.813,22.838315806214244,23.55199856986332,High,1.5413207851651132,0.9841277446104103,0.3966480446927375
0.021,45.14999999999999,8.562931083090092,21.0,7.823245690685523,21.62337684131442,0.058,3.367295829986474,202.0,0.034,0.1,0.22649999999999998,72.0,64.0,0.1,1,0.313,0.631,0.056,15.456951080224698,0.353,18.358805350872576,18.358805350872576,Low,1.2541558567962365,0.9704967291265346,0.5847860538827259
0.028,37.55,7.268920128193722,55.625,9.57073837671504,21.729598414564403,0.043,3.044522437723423,295.75,0.07,0.0,0.22649999999999998,66.0,63.0,0.1,1,0.404,0.559,0.037,15.571754587693112,0.274,18.778355195217188,16.118095750958314,Low,0.9343727318262692,0.6876454481368603,0.7889087656529516
0.008,41.0,7.516433302915632,26.0,9.57073837671504,23.190735510522916,0.061,5.267858159063328,239.0,0.02,0.3,0.07,81.0,76.0,1.1,1,0.173,0.754,0.073,13.056544036367034,1.0,22.82617973493349,20.23713282739681,Lower-Middle,1.414634866141898,0.7110603852870528,0.32625994694960214
0.019,37.55,12.086015776673372,37.0,11.058921161197402,25.68983187076002,0.032,5.19295685089021,190.0,0.007,0.5,0.06,76.0,72.0,0.8,1,0.302,0.654,0.044,17.067568399705067,0.666,23.064013391131063,22.190909743993092,High,0.8220746198643206,1.0022468523604877,0.529051987767584
0.021,37.55,6.55250788703459,9.0,5.420534999272286,20.715711361617938,0.07,5.4638318050256105,239.0,0.019,0.1,0.13,75.0,73.0,0.7,1,0.343,0.611,0.046,12.603428294008202,0.338,20.532105332695906,18.358805350872576,Low,1.4500997953132557,1.0205548116749246,0.6366612111292963
0.02,39.8,9.065083359319043,13.0,7.873217054862741,21.648857160718297,0.06,4.110873864173311,204.0,0.037,0.1,0.22649999999999998,69.0,62.0,0.2,1,0.289,0.673,0.037,14.742346691126814,0.625,19.12871654193217,18.9688021582424,Low,1.2989314296430978,1.0216230825043497,0.48439821693907864
0.019,41.0,9.359966545931995,26.0,9.603597936976602,23.436618790804065,0.021,1.791759469228055,239.0,0.051,0.0,0.15,66.0,61.0,0.0,1,0.281,0.67,0.049,17.731147445447252,0.289,18.234351177809064,17.341871111992198,Lower-Middle,0.4921689946068854,0.8827160933075512,0.4925373134328358
0.028,37.55,8.084254106307318,31.0,9.11964950669168,22.81885861448833,0.057,2.995732273553991,295.75,0.047,0.0,0.081,66.0,64.0,0.0,1,0.395,0.561,0.044,17.04600103091136,0.152,18.8906843794481,19.213673264006914,Lower-Middle,1.300674941025835,0.7988670063090185,0.7825311942959001
0.028,43.1,11.825083053277858,24.0,11.241484128248267,25.41920958704146,0.032,3.1354942159291497,295.75,0.08,0.1,0.091,66.0,64.0,0.1,1,0.382,0.577,0.041,18.877924663232395,0.347,20.534523713557263,21.28459444345596,High,0.8134147067853268,0.9659844287989944,0.733102253032929
0.027,45.14999999999999,11.223014243143432,47.0,10.56506666362841,25.35863512896306,0.039,3.871201010907891,195.0,0.028,0.1,0.102,71.0,64.0,0.4,1,0.371,0.595,0.034,18.267776794966473,0.466,21.736683279914267,21.159583409183753,High,0.9889867700295593,0.9704236533663296,0.680672268907563
0.01,37.55,10.320881231509567,6.0,9.996431298178866,25.570737911242308,0.038,6.9650803456014065,189.75,0.002,0.6,0.053,83.0,78.0,1.0,1,0.191,0.726,0.082,15.266140529011649,1.0,22.549265689490223,23.032925843711713,High,0.9716880406272077,0.9385664268387529,0.3760330578512397
0.019,45.14999999999999,9.362546304865514,48.0,9.105202053852878,23.918086279036192,0.04,3.912023005428146,256.0,0.012,0.0,0.108,77.0,70.0,0.2,1,0.254,0.675,0.07,16.7932825570474,0.184,20.407184291344674,20.129058606052965,Upper-Middle,0.9567234511614477,0.9265075804491998,0.48
0.03,45.14999999999999,7.799753318287247,55.625,7.759187438507795,21.56151700484772,0.048,2.833213344056216,224.0,0.054,0.0,0.22649999999999998,69.0,62.0,0.0,1,0.384,0.579,0.037,15.733264589127648,0.264,16.02378508137718,15.150511887854474,Low,1.0349528162326904,0.8904653968240694,0.7271157167530224
0.013,37.55,12.453596565569761,33.0,11.5045605766386,25.895747542078922,0.035,4.564348191467836,264.0,0.015,0.2,0.058,76.0,69.0,0.5,1,0.223,0.7,0.077,17.998468502169384,0.375,23.216636565229173,22.31596442557959,High,0.9063511639727624,0.9959243660937553,0.4285714285714286
0.038,45.14999999999999,5.176149732573829,55.625,4.07753744390572,19.987419903940598,0.073,3.5263605246161616,295.75,0.065,0.0,0.167,65.0,62.0,0.0,1,0.48,0.493,0.027,13.798252490527993,0.263,20.350025877585416,19.93800336967164,Low,1.4590816529876636,1.0194212824144642,1.028397565922921
0.023,41.0,10.722738609891799,26.0,9.860945329270454,22.81566749705583,0.03,4.68213122712422,239.0,0.058,0.0,0.12,69.0,60.0,0.0,1,0.327,0.627,0.046,15.373200335744565,0.47,20.350025877585416,19.93800336967164,Lower-Middle,0.6844700249116749,0.9872748904272463,0.594896331738437
0.02,45.14999999999999,11.625262587412646,29.0,10.75717921465376,23.384050399998475,0.051,3.367295829986474,196.0,0.047,0.0,0.12,71.0,64.0,0.0,1,0.332,0.62,0.047,17.080009671072965,0.367,17.147715103853763,19.93800336967164,Lower-Middle,1.192586570399922,0.9887799084429454,0.6112903225806452
0.017,39.9,11.492140955785759,45.0,10.632387902801891,24.77736559463928,0.059,3.6109179126442243,295.75,0.024,0.1,0.11,80.0,70.0,0.1,1,0.271,0.663,0.066,18.22701712040997,0.273,21.556174960316298,20.617905322399697,Upper-Middle,1.4618645700837176,0.9879434086803148,0.5082956259426847
0.014,45.14999999999999,8.355850041007475,41.0,7.6838639802564295,22.84869406207049,0.063,5.081404364984463,295.75,0.018,0.1,0.131,79.0,73.0,0.5,1,0.265,0.649,0.085,14.911694901557716,0.467,20.59543246657289,20.510072617722994,Lower-Middle,1.439467725910441,0.9622271905692299,0.539291217257319
0.011,41.0,6.3578422665081,26.0,9.57073837671504,21.655335144588364,0.058,7.7651449029361315,239.0,0.003,0.4,0.12,75.0,69.0,0.8,1,0.2995,0.6425000000000001,0.052,11.30496604898106,0.903,20.350025877585416,19.93800336967164,Low,1.256009438386125,0.6014567800214408,0.5470817120622568
0.01,45.14999999999999,11.215044897541777,25.0,10.428008959431105,26.4435238480134,0.104,8.259458195332408,189.75,0.004,0.6,0.12,82.0,77.0,1.1,1,0.16,0.679,0.161,15.923032868384515,0.658,23.639467771597733,23.128136723571483,High,2.7501264801933933,0.9813647274301813,0.4727540500736377
0.009,45.14999999999999,10.986393811382621,55.625,10.198951765429964,24.13144187232713,0.069,5.375278407684165,295.75,0.007,0.1,0.114,75.0,63.0,0.4,1,0.155,0.698,0.147,16.08381482046897,0.724,19.661949335912173,20.06161732538382,Upper-Middle,1.6650694891905722,0.9810198348470892,0.4326647564469914
0.011,45.14999999999999,11.594745054592055,34.0,10.980007594729422,26.65644002367992,0.1,8.19063168090354,189.75,0.004,0.6,0.067,82.0,76.0,0.9,1,0.171,0.657,0.173,16.16484735793252,0.974,23.11028398600719,23.54291704135553,High,2.6656440023679924,0.967841210692816,0.5235920852359208
0.008,42.8,10.151089542682712,55.625,8.525756422076725,23.116427297733964,0.087,5.5093883366279774,295.75,0.007,0.2,0.096,78.0,73.0,0.4,1,0.189,0.68,0.131,15.171301638463301,0.392,20.13807579968689,18.878105597320356,Lower-Middle,2.011129174902855,1.065646557910795,0.47058823529411764
0.009,45.14999999999999,10.777079529877168,32.0,9.898424758193666,24.08693729790422,0.073,5.616771097666572,295.75,0.014,0.2,0.087,76.0,69.0,0.8,1,0.137,0.689,0.174,15.861899454786434,0.706,21.842660665123528,21.34276647787627,Upper-Middle,1.758346422747008,0.9888658011585327,0.45137880986937595
0.01,37.55,10.047890880908506,29.0,9.094480485881647,24.5259517379354,0.07,6.559615237493242,232.0,0.006,0.3,0.112,79.0,72.0,0.8,1,0.16,0.67,0.171,15.306615508560302,0.564,22.754698159571035,20.482467351665747,Upper-Middle,1.7168166216554783,0.9953846455953527,0.49402985074626865
0.012,41.0,8.92319149068606,26.0,7.705262474866325,23.556349842815276,0.064,7.268920128193722,239.0,0.004,0.3,0.071,81.0,77.0,0.8,1,0.2,0.693,0.107,13.847577861768734,0.683,21.695558759314064,20.724265338278496,Upper-Middle,1.5076063899401777,1.025034169440489,0.443001443001443
0.01,45.14999999999999,11.70136990526353,40.0,10.713128048531878,25.591311266691378,0.069,6.78332520060396,295.75,0.004,0.4,0.058,79.0,73.0,1.2,1,0.148,0.711,0.141,16.138997379903284,0.736,22.476284478031285,21.679930463343013,High,1.765800477401705,0.9989961568575336,0.40646976090014064
0.012,37.55,10.760028280004509,6.0,9.84633502103182,26.274967018918815,0.098,8.445267451844648,189.75,0.004,0.8,0.12,80.0,76.0,1.0,1,0.187,0.661,0.151,15.505501755397429,0.859,22.38965103001119,22.64751448936653,High,2.574946767854044,0.9920427738162286,0.5113464447806353
0.011,45.14999999999999,9.728002573001161,35.0,8.549660381553739,23.355554679877027,0.05,6.2422232654551655,189.75,0.006,0.6,0.049,78.0,67.0,1.1,1,0.153,0.679,0.168,14.119146684976993,0.687,20.929466668343977,20.088387566397234,Lower-Middle,1.1677777339938513,1.0186752391521599,0.4727540500736377
0.02,41.0,6.642486801367256,26.0,9.57073837671504,21.27190404599574,0.061,5.267858159063328,239.0,0.02,0.7,0.12,82.0,77.0,0.9,1,0.2995,0.6425000000000001,0.052,10.80279487936987,0.398,20.350025877585416,19.93800336967164,Low,1.2975861468057401,0.6283843724672215,0.5470817120622568
0.011,45.14999999999999,10.908649597312916,14.0,10.441850519295206,26.00024716713579,0.084,8.05579245097777,269.0,0.003,0.7,0.12,82.0,76.0,1.0,1,0.174,0.667,0.159,15.47299492951632,0.829,21.84461761290985,22.010292196683725,High,2.1840207620394065,0.9533990659043207,0.4992503748125936
0.013,45.14999999999999,12.879203325924768,7.0,12.508622394295953,28.3902161801297,0.11,8.229777750081887,189.75,0.004,0.4,0.12,84.0,77.0,0.8,1,0.185,0.651,0.164,17.96143894986446,0.771,24.66854952208833,24.38202107903056,High,3.122923779814267,0.9534061246217854,0.5360983102918586
0.008,45.14999999999999,13.600712089385564,45.0,12.722440880608051,28.648515099469158,0.108,8.195609567288775,196.0,0.004,0.7,0.12,82.0,76.0,0.9,1,0.143,0.667,0.189,18.227938152301494,0.734,24.425332950388594,25.164009392590863,High,3.094039630742669,0.991129217295845,0.497751124437781
0.01,45.14999999999999,11.499597034758896,38.0,10.317218405061325,26.20422008703853,0.097,7.646831391430482,264.0,0.005,0.2,0.12,82.0,77.0,0.9,1,0.144,0.671,0.186,16.221817084053946,0.745,23.32246796652415,21.83676673843668,High,2.5418093484427375,1.0161151462461842,0.4918032786885245
0.01,45.14999999999999,10.96678349607667,38.0,10.224991173463419,25.426666584941273,0.084,6.828712071641684,295.75,0.007,0.4,0.085,77.0,69.0,0.9,1,0.155,0.688,0.157,16.126764567090813,0.664,22.28372356736883,21.724265297115032,High,2.135839993135067,0.9769970707863747,0.4534883720930233
0.014,37.55,7.6984827878809465,5.0,8.15507488781144,23.51359204991774,0.096,8.58110651715989,189.75,0.002,0.9,0.148,84.0,80.0,1.0,1,0.221,0.662,0.117,12.600594763595353,0.93,20.26913555843177,20.714225093303344,Upper-Middle,2.257304836792103,0.8408978497958854,0.5105740181268882
0.015,37.55,10.681343461023028,18.0,9.570180302058072,26.034389559166815,0.076,8.225503097566918,189.75,0.004,0.4,0.026,81.0,77.0,1.0,1,0.206,0.684,0.111,15.241005199336389,0.605,22.637242939046207,22.545554511370945,High,1.978613606496678,1.0105166757603286,0.4634502923976608
0.011,41.0,9.051344640485725,26.0,9.57073837671504,21.793379324829544,0.061,5.267858159063328,239.0,0.02,0.1,0.12,75.0,69.0,0.5,1,0.2995,0.6425000000000001,0.052,11.294097587723622,0.519,20.350025877585416,19.93800336967164,Low,1.3293961388146023,0.8562641811686308,0.5470817120622568
0.01,45.14999999999999,13.067655840064356,13.0,12.122006019411725,28.211153569735824,0.087,7.890956716138919,295.75,0.004,0.4,0.053,84.0,78.0,1.2,1,0.141,0.663,0.196,17.875427309370984,0.677,24.37064598390838,24.010697104347468,High,2.4543703605670166,0.9958580891315728,0.5082956259426847
0.021,41.0,9.051344640485725,26.0,7.5740450053721995,22.043184518653106,0.061,5.267858159063328,239.0,0.02,0.1,0.14,71.0,67.0,0.5,1,0.2995,0.6425000000000001,0.052,14.34953362833636,0.56,20.350025877585416,19.93800336967164,Low,1.3446342556378394,1.0556679647487817,0.5470817120622568
0.01,37.55,8.878636747430072,16.0,8.418256443556213,23.498466172640573,0.064,6.093569770045136,295.75,0.011,0.5,0.061,77.0,66.0,0.8,1,0.148,0.681,0.172,14.621450565999341,0.68,19.91582951222649,20.300145795126245,Upper-Middle,1.5039018350489968,0.9427049263990536,0.4698972099853156
0.011,41.0,9.051344640485725,26.0,9.57073837671504,22.020279806718555,0.061,5.267858159063328,239.0,0.02,0.6,0.12,84.0,77.0,0.8,1,0.2995,0.6425000000000001,0.052,10.455675824642753,0.147,20.350025877585416,19.93800336967164,Low,1.3432370682098318,0.8562641811686308,0.5470817120622568
0.009,45.14999999999999,9.546383945305841,26.0,9.08805973726735,23.98463805111641,0.058,6.102558594613569,189.75,0.008,0.4,0.053,77.0,65.0,1.3,1,0.167,0.681,0.151,15.016236797898639,0.666,20.697948029987764,20.444873812722726,Upper-Middle,1.3911090069647518,0.9463052553148106,0.46696035242290745
0.012,41.0,9.354007721788596,26.0,8.38548870041881,24.3514132090859,0.079,8.777401286867264,239.0,0.003,0.7,0.12,82.0,77.0,1.1,1,0.186,0.67,0.144,13.05013456160675,0.866,22.007527472778005,21.81418191931596,Upper-Middle,1.9237616435177862,0.996645781627886,0.49253731343283574
0.011,37.55,9.33087517360492,48.0,7.952615111651,22.51265734827379,0.081,5.44673737166631,192.0,0.012,0.3,0.121,77.0,72.0,0.5,1,0.198,0.69,0.112,14.55269615480968,0.575,18.569100757691327,18.390221546776935,Lower-Middle,1.8235252452101771,1.0422513485988747,0.44927536231884063
0.01,41.0,7.90100705199242,26.0,6.782192056006791,22.511819465788403,0.091,7.240649694255466,239.0,0.006,0.4,0.055,81.0,77.0,0.8,1,0.173,0.694,0.133,12.908761657677237,0.936,20.64422263068821,19.555303473358943,Lower-Middle,2.0485755713867446,1.0152675486714466,0.4409221902017291
0.012,45.14999999999999,8.496173824192162,30.0,8.160803920954665,21.81792780837536,0.092,4.343805421853684,234.0,0.019,0.1,0.193,72.0,64.0,0.3,1,0.19,0.698,0.112,15.09510684262392,0.453,18.742764250367856,18.951309000896888,Low,2.007249358370533,0.9274484966060446,0.4326647564469914
0.02,41.0,9.051344640485725,26.0,9.57073837671504,22.177235815321378,0.04,8.509362612301048,239.0,0.004,0.6,0.12,75.0,69.0,0.5,1,0.2995,0.6425000000000001,0.052,10.42848231821631,1.0,20.350025877585416,19.93800336967164,Lower-Middle,0.8870894326128551,0.8562641811686308,0.5470817120622568
0.013,41.0,7.629489916393995,26.0,6.895682697747868,21.53738294473611,0.087,5.768320995793772,239.0,0.01,0.3,0.12,76.0,71.0,0.9,1,0.201,0.67,0.129,13.330711615872241,0.622,20.350025877585416,19.93800336967164,Low,1.8737523161920413,0.9662862868805757,0.4925373134328358
0.012,45.14999999999999,12.056580265623538,9.0,11.274985484413262,27.182341507094527,0.109,8.357493812658563,250.0,0.005,0.8,0.028,82.0,77.0,1.0,1,0.184,0.675,0.14,16.607893880507234,0.826,23.528321749384197,23.53393279309555,High,2.9628752242733034,0.9822072931110953,0.48
0.012,41.1,10.655823029773595,8.0,10.195111844220532,26.44049111702347,0.095,8.747352077624353,189.75,0.003,0.8,0.04,83.0,78.0,1.0,1,0.196,0.656,0.147,15.346617563424326,0.775,22.168536403402282,23.065071643189892,High,2.5118466561172297,0.9518281887710354,0.5228658536585366
0.01,43.2,12.623463030690546,31.0,11.43364413404251,26.440004838630248,0.062,6.20455776256869,295.75,0.007,0.4,0.068,79.0,71.0,0.8,1,0.164,0.703,0.133,17.457441109246254,0.615,22.68729652725521,22.49720072143158,High,1.6392802999950753,1.0152665537634558,0.4224751066856331
0.01,43.8,11.086900442896702,54.0,10.18369173513195,25.979968491367014,0.104,7.54274354536855,295.75,0.004,0.4,0.12,81.0,75.0,1.1,1,0.156,0.673,0.171,16.167203002913624,0.575,22.92137890845476,22.043153266135867,High,2.7019167231021695,0.9913453182967131,0.48588410104011887
0.01,45.14999999999999,11.468733214177846,11.0,10.563439828238433,25.320127741721304,0.055,5.529429087511423,190.0,0.018,0.2,0.196,76.0,68.0,0.6,1,0.155,0.697,0.148,16.87514142919849,0.532,21.004678297139314,20.79372430152694,High,1.3926070257946717,0.9918098234204229,0.43472022955523676
0.01,45.14999999999999,14.295272049047156,29.0,13.387359559950273,27.36183480564365,0.052,5.627621113690637,295.75,0.014,0.2,0.107,72.0,59.0,0.8,1,0.152,0.71,0.138,18.779151276855927,0.735,22.77815850583294,23.63044008357324,High,1.4228154098934698,0.9935994154786082,0.4084507042253522
0.01,41.0,9.051344640485725,26.0,9.57073837671504,21.04202250762867,0.053,8.131530710604252,239.0,0.004,0.5,0.072,85.0,79.0,0.6,1,0.2995,0.6425000000000001,0.052,10.301457978882032,0.94,20.350025877585416,19.93800336967164,Low,1.1152271929043194,0.8562641811686308,0.5470817120622568
0.01,37.55,9.051344640485725,23.0,9.683588731386807,23.951474327654985,0.091,5.730099782973574,279.0,0.008,0.3,0.168,75.0,70.0,0.7,1,0.181,0.679,0.14,15.822484896077732,0.545,19.545610344184603,19.376192192825954,Upper-Middle,2.1795841638166036,0.8472194941288043,0.4727540500736377
0.01,45.14999999999999,10.575819593382153,27.0,9.843259726985641,24.839510035093266,0.07,6.4425401664681985,295.75,0.008,0.6,0.067,78.0,70.0,0.8,1,0.168,0.716,0.117,15.496861234845786,0.556,20.97168719622492,20.83837864493818,Upper-Middle,1.7387657024565288,0.9753358177949101,0.3980446927374302
0.009,39.2,9.672059781634221,55.625,8.894807371368625,24.298913146317155,0.084,7.3098814858247865,260.0,0.004,0.5,0.078,81.0,74.0,0.9,1,0.142,0.703,0.155,14.508895210325559,0.505,21.36195683223828,20.742087592168353,Upper-Middle,2.0411087042906413,0.9774884359670365,0.422475106685633
0.011,45.14999999999999,12.77553409123111,47.0,11.862983565806655,27.75394547739129,0.083,7.68662133494462,295.75,0.005,0.5,0.12,84.0,77.0,1.0,1,0.145,0.688,0.168,17.59178614004169,0.773,24.694802258814445,23.63784228359362,High,2.303577474623477,0.9932014626211597,0.4549418604651163
0.011,45.14999999999999,10.850559639999718,16.0,10.850695387045004,26.638334433693593,0.091,8.223358899479258,189.75,0.003,0.8,0.033,83.0,78.0,1.0,1,0.174,0.653,0.173,16.016015637453407,0.843,22.76953831736395,23.15512326573247,High,2.424088433466117,0.9156053113863158,0.5313935681470138
0.01,37.55,10.630456281571584,18.0,10.163618555900618,26.67587259844394,0.109,8.637284671674058,189.75,0.004,0.7,0.031,84.0,79.0,0.9,1,0.163,0.679,0.158,15.821993697251035,0.735,23.202908657143084,23.082136741045577,High,2.9076701132303895,0.9522410881687438,0.4727540500736377
0.019,45.14999999999999,12.377375384174998,6.0,11.34308568567833,26.903240748729875,0.054,5.905361848054571,254.0,0.026,0.2,0.12,76.0,69.0,0.6,1,0.285,0.649,0.066,18.03123247372124,0.678,23.75629389529227,21.993868723850774,High,1.4527750004314133,1.002778049133731,0.5408320493066255
0.009,45.14999999999999,12.71850697463558,34.0,11.869788391239176,25.179263144089916,0.064,4.770684624465665,295.75,0.013,0.0,0.162,74.0,62.0,0.6,1,0.147,0.695,0.158,17.667892916064268,0.678,21.987957376589378,21.847545872687984,Upper-Middle,1.6114728412217547,0.9882452289031748,0.4388489208633094
0.012,37.55,13.20299729489428,13.0,12.31330690463381,28.473173450852,0.083,8.058960017769417,189.75,0.005,0.7,0.046,81.0,77.0,1.1,1,0.179,0.661,0.16,17.916519646149087,0.799,24.397310802127265,25.013629383099765,High,2.363273396420716,0.991714334347604,0.51285930408472
0.019,41.0,9.863134198186913,26.0,8.9001399880938,23.493924654805653,0.037,6.352629396319567,239.0,0.009,0.2,0.078,76.0,75.0,0.9,1,0.269,0.709,0.022,13.687148637706196,0.884,21.195142711197658,20.168139956026,Upper-Middle,0.8692752122278091,0.9962620942783242,0.4104372355430184
0.018,44.2,13.059059294034846,28.0,12.05782202606534,25.980839020139534,0.053,5.056245805348308,295.75,0.022,0.1,0.16,73.0,70.0,0.1,1,0.258,0.693,0.049,18.06618036250929,0.676,20.747958450512392,22.137175365342465,High,1.3769844680673953,1.000094753012182,0.443001443001443
0.034,37.55,11.650694117715085,32.0,10.198654046697536,24.634386242233578,0.041,4.02535169073515,295.75,0.033,0.0,0.137,72.0,67.0,0.1,1,0.419,0.546,0.035,17.125215483034093,0.688,19.04125723705382,20.25645710019209,Upper-Middle,1.0100098359315768,1.0403655715349878,0.8315018315018313
0.021,39.1,11.006191459107491,20.0,9.824390231177425,25.62079963324716,0.077,7.300472814267799,230.0,0.005,0.3,0.068,82.0,78.0,1.2,1,0.279,0.621,0.1,15.751384945374456,0.915,21.954951080130684,22.052989846842458,High,1.9728015717600313,1.0167955167956182,0.6103059581320451
0.03,37.55,9.953610161939338,16.0,8.8065738205036,23.255602750149887,0.089,5.365976015021851,189.75,0.02,0.1,0.076,74.0,71.0,0.6,1,0.379,0.589,0.032,15.503944661433579,0.812,21.288011303270338,20.2970876887721,Lower-Middle,2.0697486447633398,1.0149936505987764,0.6977928692699492
0.021,37.55,11.178123832113137,35.0,10.181119289134408,25.115217371531287,0.024,6.727431724850855,189.75,0.01,0.3,0.075,75.0,73.0,0.6,1,0.255,0.712,0.033,14.646816222133156,0.982,19.838958153346613,22.3321035695086,Upper-Middle,0.6027652169167509,0.9997320968550812,0.40449438202247195
0.014,37.55,9.6956020036109,46.0,8.521981708148035,23.781388804363715,0.078,6.042632833682381,189.75,0.012,0.1,0.106,79.0,75.0,0.2,1,0.279,0.646,0.075,15.198516016568691,0.866,22.509845246300458,21.994429891093176,Upper-Middle,1.8549483267403697,1.0182336304337043,0.5479876160990712
0.022,37.55,10.30541307034576,35.0,9.284798282894192,24.154186142397613,0.026,5.805134968916488,189.75,0.011,0.1,0.071,77.0,72.0,0.5,1,0.351,0.624,0.025,14.740692049643414,0.724,20.25645710019209,20.57592525020645,Upper-Middle,0.6280088397023379,1.0020043939496464,0.6025641025641025
0.015,41.0,10.856727188188485,26.0,9.719504616415508,24.519440032414504,0.03,7.399398083331354,239.0,0.009,0.2,0.067,78.0,77.0,0.9,1,0.237,0.749,0.014,13.618473253734544,0.974,20.44882899256044,21.288011303270338,Upper-Middle,0.7355832009724351,1.0128012045969772,0.33511348464619495
0.023,37.55,12.893309896810246,55.625,11.888213112840782,26.517679710735955,0.035,6.1463292576688975,189.75,0.017,0.1,0.12,76.0,72.0,0.6,1,0.343,0.626,0.031,17.021911615469048,0.81,22.254958400971827,22.930110657769667,High,0.9281187898757585,1.0003954608699313,0.597444089456869
0.027,43.3,10.832398315766385,43.0,9.942371670586095,24.08568654481255,0.041,4.1588830833596715,295.75,0.016,0.1,0.08,77.0,73.0,0.2,1,0.386,0.58,0.034,16.715137575724775,0.538,21.43376165633237,20.18541154250483,Upper-Middle,0.9875131483373146,0.9899497697454999,0.7241379310344829
0.016,37.55,11.662637738198555,19.0,10.674336240759926,25.91964473450583,0.023,6.93828448401696,189.75,0.008,0.4,0.12,77.0,75.0,1.1,1,0.2,0.791,0.008,15.23834994037993,0.823,21.892025885827355,22.545554511370945,High,0.596151828893634,0.998997929961917,0.26295828065739574
0.035,45.14999999999999,9.905735025076607,55.625,8.793308627496552,23.541890160946288,0.046,3.7612001156935624,248.0,0.056,0.0,0.18,63.0,60.0,0.1,1,0.457,0.517,0.026,16.81820166259152,0.289,19.01400759475496,19.2271566142836,Upper-Middle,1.0829269474035292,1.0114799197958897,0.9342359767891684
0.02,41.0,9.051344640485725,26.0,9.57073837671504,23.436618790804065,0.061,5.267858159063328,239.0,0.02,0.1,0.12,75.0,69.0,0.5,1,0.2995,0.6425000000000001,0.052,10.98729072555053,0.881,20.350025877585416,19.93800336967164,Lower-Middle,1.429633746239048,0.8562641811686308,0.5470817120622568
0.013,45.14999999999999,12.80129272513258,3.0,11.639593357573348,27.265251522364565,0.085,8.051022208190679,189.75,0.005,0.6,0.091,83.0,79.0,0.9,1,0.198,0.673,0.129,16.83079057339274,0.88,23.709957365898706,23.47412006710406,High,2.317546379400988,1.0127930830513898,0.48588410104011887
0.023,41.5,7.21890970761906,46.0,6.361302477572996,21.82411728881641,0.036,4.890349128221754,189.75,0.02,0.1,0.068,71.0,66.0,0.2,1,0.306,0.653,0.041,13.6200855243733,0.499,20.39753569824214,18.6983124881264,Low,0.7856682223973908,0.9806565794045619,0.5313935681470138
0.018,41.0,6.747586526829315,26.0,9.57073837671504,23.436618790804065,0.061,5.267858159063328,239.0,0.02,0.2,0.12,77.0,72.0,0.5,1,0.277,0.672,0.05,12.448567742026166,0.564,20.447512336677427,19.879295768977464,Lower-Middle,1.429633746239048,0.6383268875230828,0.48660714285714285
0.019,41.0,9.051344640485725,26.0,9.57073837671504,23.436618790804065,0.061,5.267858159063328,239.0,0.02,0.4,0.12,79.0,74.0,0.5,1,0.295,0.641,0.064,11.972891384545377,0.936,20.350025877585416,19.93800336967164,Lower-Middle,1.429633746239048,0.8562641811686308,0.5600624024960998
0.025,37.55,4.143134726391533,31.0,2.1972245773362196,18.480339110859553,0.101,4.77912349311153,189.75,0.05,0.0,0.12,69.0,64.0,0.0,1,0.371,0.593,0.036,11.412762529570834,0.436,14.946912992035967,16.04552506565036,Low,1.866514250196815,1.2958535211321947,0.6863406408094435
0.035,45.14999999999999,4.442651256490317,17.0,3.4011973816621555,18.739547655154798,0.118,6.137727054086234,189.75,0.033,0.0,0.12,75.0,69.0,0.0,1,0.2995,0.6425000000000001,0.052,10.860132969758613,0.699,15.555976908243359,12.899222326086994,Low,2.211266623308266,1.0094187720371008,0.5470817120622568
0.026,45.14999999999999,4.770684624465665,16.0,9.57073837671504,19.336353661018247,0.118,5.655991810819852,189.75,0.037,0.1,0.164,69.0,67.0,0.1,1,0.388,0.572,0.04,11.573069971549787,0.223,16.860033043306743,15.76142084987672,Low,2.281689732000153,0.45131044345723387,0.7482517482517483
0.017,41.0,7.951207156472972,26.0,9.57073837671504,23.436618790804065,0.061,5.267858159063328,239.0,0.02,0.3,0.12,79.0,72.0,0.6,1,0.269,0.662,0.069,12.364758739087755,0.64,18.819456870621142,18.619531610894253,Lower-Middle,1.429633746239048,0.7521903270246185,0.5105740181268882
0.014,37.55,10.431789570603355,12.0,9.731927878386204,25.457631943654064,0.084,7.735870319952567,189.75,0.005,0.6,0.078,82.0,78.0,0.9,1,0.215,0.664,0.12,15.234732071186736,0.861,22.37403761306539,21.705718771448627,High,2.1384410832669416,0.9720331415581613,0.5045180722891566
0.033,41.6,8.4368504387337,51.0,9.57073837671504,22.312824360606246,0.04,3.4965075614664802,207.0,0.056,0.0,0.115,63.0,59.0,0.0,1,0.4,0.574,0.026,15.623136814647301,0.131,16.056220353623207,17.858561843342684,Lower-Middle,0.8925129744242498,0.7981325559355612,0.7421602787456447
0.029,37.55,5.0689042022202315,35.0,4.060443010546419,19.837069106302277,0.05,4.74493212836325,224.0,0.017,0.0,0.114,74.0,68.0,0.1,1,0.396,0.556,0.048,12.10031760761423,0.212,18.119575664681957,16.8261314932731,Low,0.9918534553151139,1.0016720258791925,0.7985611510791366
0.035,37.55,5.198497031265826,55.625,4.07753744390572,19.841158826934187,0.078,4.248495242049359,189.75,0.029,0.0,0.141,67.0,64.0,0.0,1,0.413,0.557,0.03,13.059012417503359,0.178,15.671808704579888,16.231424425551033,Low,1.5476103885008665,1.0238224904683446,0.7953321364452423
0.029,37.55,5.0689042022202315,32.0,4.060443010546419,19.394534304546415,0.064,5.123963979403259,189.75,0.013,0.0,0.114,74.0,69.0,0.3,1,0.381,0.559,0.06,11.522489582638823,0.232,16.52356082573315,16.588099342704055,Low,1.2412501954909705,1.0016720258791925,0.7889087656529516
0.029,37.55,4.02535169073515,47.0,3.4339872044851463,19.794301515839706,0.033,4.127134385045092,189.75,0.018,0.1,0.075,71.0,67.0,0.1,1,0.397,0.57,0.033,12.251886957669464,0.231,18.459901466721032,16.380459992348886,Low,0.6532119500227104,0.9078401684748557,0.7543859649122808
0.019,45.14999999999999,6.021023349349527,31.0,4.927253685157205,20.725234843180708,0.045,6.300785794663244,189.75,0.011,0.3,0.114,77.0,72.0,1.0,1,0.283,0.644,0.073,11.321353252493337,0.292,19.548851838098265,17.50439003707821,Low,0.9326355679431318,1.015820086193904,0.5527950310559006
0.018,45.14999999999999,11.988867675882227,30.0,11.11205976335696,26.130023020781888,0.083,5.981414211254481,295.75,0.015,0.2,0.062,79.0,71.0,0.6,1,0.263,0.634,0.102,17.470001833398122,0.901,21.889225199385756,21.991339566960242,High,2.168791910724897,0.9898289729507915,0.5757097791798107
0.012,41.0,7.729735331385051,26.0,9.57073837671504,21.569565594251554,0.061,5.267858159063328,239.0,0.02,0.3,0.115,77.0,72.0,1.0,1,0.215,0.699,0.086,11.51324541378115,0.449,20.81584501915108,19.33697147982652,Low,1.3157435012493448,0.7312389216265082,0.43061516452074394
0.015,41.0,7.3777589082278725,26.0,6.546785410760524,22.765293891585657,0.06,7.240649694255466,239.0,0.013,0.3,0.055,77.0,71.0,0.7,1,0.256,0.682,0.062,12.704083509881784,0.823,21.456114384838447,20.084606843564476,Lower-Middle,1.3659176334951393,0.977602847658601,0.4662756598240469
0.013,41.0,7.21081845347222,26.0,5.968707559985366,22.082060524620687,0.07,6.641182169740591,239.0,0.015,0.5,0.092,76.0,72.0,0.8,1,0.206,0.686,0.108,12.519309154217572,0.329,20.801152376528552,19.42863866800198,Low,1.5457442367234482,1.0347425819497817,0.45772594752186585
0.027,37.55,5.983936280687191,45.0,5.087596335232384,20.831402496448494,0.044,5.209486152841421,189.75,0.018,0.1,0.143,75.0,69.0,0.4,1,0.379,0.58,0.041,12.513266861915456,0.463,19.181486577659022,17.622173069956816,Low,0.9165817098437337,0.982971923754988,0.7241379310344828
0.013,41.0,6.09807428216624,26.0,9.57073837671504,22.305976949438218,0.061,5.267858159063328,239.0,0.02,0.7,0.12,81.0,76.0,0.8,1,0.2995,0.6425000000000001,0.052,11.06905730932912,1.0,19.876967479223293,19.291974114079885,Lower-Middle,1.3606645939157314,0.5768825284332953,0.5470817120622568
0.029,45.14999999999999,9.419466131522189,50.0,8.55333223803211,22.979722826326586,0.056,4.060443010546419,295.75,0.044,0.1,0.166,67.0,63.0,0.3,1,0.383,0.573,0.044,16.051390517744306,0.642,19.659054977894186,19.364586646750546,Lower-Middle,1.2868644782742888,0.9859874959674283,0.7452006980802792
0.018,45.14999999999999,12.757973031867884,55.625,12.279940946107814,27.505668417897848,0.082,5.961005339623274,295.75,0.02,0.2,0.22649999999999998,76.0,68.0,0.5,1,0.276,0.663,0.062,19.042022551648646,0.828,22.1507021416374,22.499065286765084,High,2.2554648102676236,0.9606950123981604,0.5098039215686274
0.011,45.14999999999999,13.241164561238572,3.0,12.514318085253853,27.78303764062965,0.098,8.146998697389993,189.75,0.005,0.7,0.044,83.0,78.0,0.5,1,0.177,0.692,0.131,17.29094926717364,0.801,23.48876700174724,23.847347348972043,High,2.722737688781706,0.9797878426205364,0.44508670520231214
0.02,41.0,6.2422232654551655,26.0,9.57073837671504,23.436618790804065,0.061,5.267858159063328,239.0,0.02,0.4,0.12,75.0,69.0,1.7,1,0.2995,0.6425000000000001,0.052,10.791872515156575,1.0,19.690441291625294,19.93800336967164,Lower-Middle,1.429633746239048,0.5905191333847956,0.5470817120622568
0.015,37.55,11.03054151483554,27.0,10.252488123663166,25.546801377940998,0.066,6.210600077024653,295.75,0.008,0.3,0.067,81.0,75.0,0.6,1,0.249,0.671,0.08,16.60898893901636,0.874,21.2432493990917,21.02706729201608,High,1.6860888909441059,0.9802757748874324,0.4903129657228018
0.021,45.14999999999999,11.017759913025358,42.0,10.206772268215317,25.71042870364447,0.058,5.288267030694535,295.75,0.018,0.1,0.146,76.0,69.0,0.5,1,0.308,0.642,0.051,17.580981239471296,0.736,21.176885987576945,21.171151661577504,High,1.4912048648113794,0.983134095110861,0.559190031152648
0.017,45.14999999999999,8.866299565855018,55.625,8.259975659768276,23.71724125853936,0.077,5.8998973535824915,295.75,0.009,0.2,0.22649999999999998,81.0,76.0,0.3,1,0.279,0.662,0.059,15.278796283834602,0.657,21.316592682776633,20.13627885401342,Upper-Middle,1.8262275769075307,0.9574862711979191,0.5105740181268882
0.011,41.0,10.16612101153675,26.0,9.283497892593909,24.47615711103865,0.081,5.726847747587197,239.0,0.005,0.1,0.12,80.0,76.0,0.0,1,0.195,0.696,0.11,16.239612064434482,0.761,21.675309738912336,19.93800336967164,Upper-Middle,1.9825687259941307,0.9885858992452663,0.43821839080459773
0.02,41.0,9.051344640485725,26.0,9.57073837671504,23.436618790804065,0.061,5.267858159063328,239.0,0.02,0.1,0.12,75.0,69.0,0.5,1,0.211,0.668,0.121,11.825609858145427,0.905,19.312678787355836,18.915376991886035,Lower-Middle,1.429633746239048,0.8562641811686308,0.497005988023952
0.02,37.55,4.74493212836325,14.0,3.7376696182833684,19.706093209296462,0.05,5.545177444479562,189.75,0.012,0.4,0.099,75.0,69.0,0.7,1,0.2995,0.6425000000000001,0.052,11.163977731947233,0.666,17.858561843342684,16.118095750958314,Low,0.9853046604648231,1.0015329287740655,0.5470817120622568
0.024,37.55,9.885934393288538,55.625,8.830689198760998,24.248735519969237,0.053,5.241747015059643,232.0,0.029,0.1,0.22649999999999998,75.0,69.0,0.4,1,0.331,0.613,0.057,16.050176809637282,0.674,21.98115848354603,20.051880150124926,Upper-Middle,1.2851829825583696,1.005619666476131,0.632952691680261
0.024,37.55,10.305914717430841,55.625,9.310095205113175,24.449129972527228,0.063,5.25227342804663,295.75,0.024,0.1,0.096,78.0,72.0,0.5,1,0.327,0.617,0.056,16.43852067416687,0.617,20.005825965866602,20.28320928562142,Upper-Middle,1.5402951882692153,0.9995945248225971,0.6207455429497569
0.021,37.55,8.772610303280743,40.0,8.414052432496725,23.561981661668593,0.072,5.313205979041787,295.75,0.02,0.0,0.12,75.0,66.0,0.4,1,0.357,0.581,0.062,15.619287362233889,0.616,20.301671348432752,19.478471041572444,Upper-Middle,1.6964626796401385,0.9318633358146845,0.7211703958691911
0.016,41.0,6.413458957167357,26.0,9.57073837671504,21.255389133400477,0.061,5.267858159063328,239.0,0.02,0.6,0.12,72.0,67.0,0.8,1,0.2995,0.6425000000000001,0.052,10.949683108979107,0.829,20.350025877585416,19.93800336967164,Low,1.296578737137429,0.6067181618357678,0.5470817120622568
0.019,45.14999999999999,5.37989735354046,20.0,4.382026634673881,20.367207548550848,0.061,6.023447592961033,189.75,0.013,0.2,0.101,74.0,69.0,0.5,1,0.3,0.623,0.077,11.5420181391735,0.359,18.078190449090098,16.118095750958314,Low,1.2423996604616017,0.9996043718699377,0.6051364365971108
0.035,38.7,9.429797135432397,39.0,8.969032850034301,24.026895606470102,0.065,4.9344739331306915,295.75,0.033,0.1,0.13,73.0,66.0,0.4,1,0.432,0.526,0.043,16.355451329844307,0.472,20.488808526996152,20.092154049185616,Upper-Middle,1.5617482144205568,0.9459089238932492,0.9030418250950569
0.022,39.0,7.268920128193722,42.0,6.206575926724928,20.530749147149688,0.053,4.07753744390572,288.0,0.036,0.1,0.145,68.0,62.0,0.4,1,0.366,0.596,0.038,13.542171793361256,0.283,17.370858648025116,17.50439003707821,Low,1.0881297047989333,1.0086510156977042,0.6778523489932886
0.029,40.4,7.638679823876112,55.625,7.857867559331803,22.14740733199334,0.044,3.044522437723423,189.75,0.066,0.1,0.22649999999999998,61.0,58.0,0.1,1,0.381,0.578,0.042,16.04130963450448,0.441,18.197537205138154,18.974565862925928,Lower-Middle,0.9744859226077068,0.8623610335908363,0.7318339100346021
0.029,44.0,8.92996487470684,55.625,8.293549515060345,22.992501588182602,0.077,4.700480365792417,295.75,0.026,0.1,0.188,74.0,69.0,0.2,1,0.398,0.56,0.041,15.746861810163661,0.485,19.95754796570217,19.586951684209556,Lower-Middle,1.7704226222900603,0.9608777421625279,0.7839285714285713
0.018,45.14999999999999,9.272939513732704,8.0,8.220941168281389,23.128026442235697,0.041,5.14166355650266,295.75,0.018,0.1,0.174,74.0,69.0,0.7,1,0.311,0.612,0.077,14.787652939122255,0.528,21.301563176388267,19.48539148439307,Lower-Middle,0.9482490841316636,1.0056391581404056,0.6339869281045752
0.022,45.14999999999999,12.983209350211286,55.625,12.04510545264264,27.487550762126634,0.059,6.171700597410915,295.75,0.017,0.2,0.097,78.0,73.0,0.4,1,0.323,0.624,0.053,18.52262186313178,0.763,23.272789129898502,22.915031094946933,High,1.6217654949654714,0.9952552240642245,0.6025641025641025
0.025,45.14999999999999,8.371242135931933,39.0,7.950502434808851,22.56739358474276,0.061,4.276666119016055,240.0,0.026,0.0,0.121,75.0,69.0,0.2,1,0.378,0.581,0.041,15.51208350640858,0.559,19.143386731608224,18.903106899369497,Lower-Middle,1.3766110086693084,0.935281812043964,0.7211703958691911
0.022,43.9,8.830543010616596,18.0,7.9672801789422,23.461825844317858,0.075,5.84354441703136,295.75,0.019,0.1,0.087,79.0,73.0,0.5,1,0.307,0.632,0.061,15.029214857319378,0.637,20.82582242617403,19.776515900164867,Upper-Middle,1.7596369383238393,0.984751544995025,0.5822784810126582
0.026,45.14999999999999,8.251403065380556,55.625,8.282735880201754,22.89056387212305,0.056,4.418840607796598,295.75,0.024,0.1,0.22649999999999998,73.0,69.0,0.3,1,0.358,0.594,0.048,15.591169608257648,0.574,18.379858759848776,18.683045016112164,Lower-Middle,1.2818715768388909,0.8888977529759489,0.6835016835016835
0.022,38.4,10.52236905619992,55.625,9.521274996238114,25.029325626649833,0.045,4.859812404361672,295.75,0.022,0.2,0.22649999999999998,75.0,70.0,0.2,1,0.32,0.626,0.054,17.13778312354585,0.75,21.086519096940677,20.69280663049263,Upper-Middle,1.1263196531992423,1.0001039854924614,0.597444089456869
0.013,45.14999999999999,9.051344640485725,7.0,9.57073837671504,25.153064514608776,0.061,5.267858159063328,189.75,0.02,0.2,0.12,82.0,74.0,0.5,1,0.222,0.657,0.122,15.156117723225256,0.941,21.89853047744434,21.231889037758524,Upper-Middle,1.5343369353911354,0.8562641811686308,0.5235920852359208
0.02,41.0,9.051344640485725,26.0,9.57073837671504,23.436618790804065,0.061,5.267858159063328,239.0,0.02,0.1,0.12,75.0,69.0,0.5,1,0.2995,0.6425000000000001,0.052,10.516969037677818,1.0,20.306234093984234,18.358805350872576,Lower-Middle,1.429633746239048,0.8562641811686308,0.5470817120622568
0.02,45.14999999999999,5.4638318050256105,19.0,4.382026634673881,20.100410595452963,0.036,5.966146739123692,189.75,0.011,0.3,0.1,75.0,69.0,1.0,1,0.2995,0.6425000000000001,0.052,10.80242864607517,0.32,18.61130111182548,16.213405921671733,Low,0.7236147814363066,1.0151996963048635,0.5470817120622568
0.017,37.55,5.908082938168931,20.0,4.820281565605037,20.627369624258353,0.063,5.855071922202427,189.75,0.015,0.2,0.106,75.0,71.0,0.6,1,0.285,0.643,0.072,12.016170427995766,0.231,19.760931169188652,17.479072229734946,Low,1.2995242863282763,1.015085416671722,0.5552099533437014
0.018,41.0,9.051344640485725,26.0,9.57073837671504,23.436618790804065,0.061,5.267858159063328,239.0,0.02,0.1,0.12,81.0,75.0,0.5,1,0.2995,0.6425000000000001,0.052,10.236632832397653,0.56,20.350025877585416,19.93800336967164,Lower-Middle,1.429633746239048,0.8562641811686308,0.5470817120622568
0.018,45.0,5.293304824724492,12.0,4.219507705176107,20.128028446999963,0.037,5.225746673713202,189.75,0.019,0.1,0.096,74.0,69.0,0.6,1,0.285,0.643,0.072,11.596806948950931,0.47,18.459901466721032,16.52356082573315,Low,0.7447370525389986,1.014138712636673,0.5552099533437014
0.02,37.55,7.7752758464868625,55.625,6.546785410760524,21.307467100862205,0.068,5.497168225293202,199.0,0.026,0.1,0.174,72.0,66.0,0.5,1,0.299,0.64,0.061,13.121410923964524,0.667,18.379858759848776,18.358805350872576,Low,1.44890776285863,1.0302765248102255,0.5625
0.015,37.55,10.26053242804174,43.0,9.733944008101389,23.501372226760054,0.053,6.47543271670409,210.0,0.024,0.3,0.091,73.0,65.0,0.7,1,0.218,0.709,0.072,14.075513575342285,0.099,20.20070495864834,19.27083167759548,Upper-Middle,1.245572728018283,0.9558958403637708,0.4090267983074753
0.02,41.0,4.804021044733257,26.0,9.57073837671504,23.436618790804065,0.061,5.267858159063328,239.0,0.02,0.1,0.12,75.0,69.0,0.5,1,0.2995,0.6425000000000001,0.052,10.183049243755137,0.877,20.350025877585416,19.93800336967164,Lower-Middle,1.429633746239048,0.45446409451542524,0.5470817120622568
0.014,45.14999999999999,15.577909013722628,6.0,14.656587106058176,30.203282139431707,0.118,8.814776088545281,295.75,0.007,0.7,0.062,80.0,75.0,0.7,1,0.205,0.671,0.123,19.504235569205544,0.799,25.569317326065907,25.330932903143065,High,3.5639872924529414,0.9949747609870159,0.48882265275707887
0.015,45.14999999999999,8.661639795781266,45.0,7.992268643270745,23.577600011232757,0.082,6.066108090103747,295.75,0.012,0.2,0.136,79.0,72.0,0.3,1,0.238,0.627,0.135,15.017027148264743,0.933,20.3651613016287,19.617628936362486,Upper-Middle,1.9333632009210862,0.9632318761142773,0.594896331738437
0.022,45.14999999999999,12.10973243542673,55.625,11.105844051343766,25.703534631652182,0.054,5.6937321388027,295.75,0.016,0.1,0.168,76.0,70.0,0.5,1,0.313,0.637,0.05,17.10114361580759,0.886,20.39753569824214,21.33466051617669,High,1.3879908701092178,1.0003211989239638,0.5698587127158555
0.015,41.0,9.051344640485725,26.0,9.57073837671504,23.436618790804065,0.061,5.267858159063328,239.0,0.02,0.3,0.12,82.0,76.0,0.7,1,0.224,0.67,0.106,11.58862645331391,0.937,21.082337906183188,19.93800336967164,Lower-Middle,1.429633746239048,0.8562641811686308,0.4925373134328358
0.022,45.14999999999999,11.551799964352284,25.0,10.453312711151128,25.48566756900153,0.031,4.672828834461906,295.75,0.028,0.1,0.08,72.0,68.0,0.6,1,0.282,0.673,0.045,17.35667899057165,0.646,19.789320172378066,19.841376534205047,High,0.7900556946390475,1.0085990189637684,0.48588410104011875
0.049,45.14999999999999,10.010861040804457,55.625,9.211040127090456,24.455910816252423,0.045,4.718498871295094,272.0,0.1075,0.0,0.195,50.0,48.0,0.2,1,0.478,0.497,0.024,16.655898689798597,0.369,18.326370075470134,19.789320172378066,Upper-Middle,1.100515986731359,0.9803958182717436,1.0100603621730382
0.04,45.14999999999999,8.262816937670928,31.0,7.989560449333865,22.271910197058624,0.048,3.295836866004329,270.0,0.072,0.0,0.12,59.0,56.0,0.1,1,0.443,0.529,0.028,15.948927843046203,0.403,18.619531610894253,18.078190449090098,Lower-Middle,1.069051689458814,0.9191569470210539,0.890359168241966
0.025,37.55,8.443977129084978,55.625,7.579167967396076,23.038470022123608,0.049,5.575949103146316,189.75,0.043,0.0,0.165,47.0,46.0,0.4,1,0.354,0.613,0.033,14.455227952937532,0.553,20.10522613072856,19.467999741741696,Lower-Middle,1.1288850310840568,0.9842419639264702,0.6313213703099511
0.044,45.14999999999999,7.215975002651466,34.0,9.57073837671504,22.48879592710898,0.074,3.367295829986474,270.0,0.083,0.0,0.12,54.0,52.0,0.1,1,0.464,0.51,0.025,16.441790749354222,0.223,17.822843761378564,18.24632736871235,Lower-Middle,1.6641708986060646,0.682636798442258,0.9588235294117647
0.044,45.14999999999999,5.236441962829949,13.0,9.57073837671504,20.964784060042845,0.116,2.9444389791664403,189.75,0.072,0.0,0.171,52.0,49.0,0.0,1,0.449,0.524,0.027,15.900260485201581,0.096,14.285514812209815,18.65179247285226,Low,2.4319149509649702,0.4953714467444066,0.9083969465648856
0.04,45.14999999999999,8.250358951477294,45.0,8.813438494528507,23.611028806578346,0.048,3.8501476017100584,295.75,0.076,0.0,0.153,53.0,51.0,0.2,1,0.441,0.526,0.033,16.739313760756946,0.491,19.25792827281507,20.071260601637025,Upper-Middle,1.1333293827157607,0.8407205034277527,0.9011406844106463
0.037,45.14999999999999,5.429345628954441,22.0,9.57073837671504,21.111056686134667,0.04,2.772588722239781,295.75,0.1075,0.0,0.153,47.0,44.0,0.0,1,0.417,0.544,0.04,15.209798634041977,0.382,16.13789837629371,17.665658180950928,Low,0.8444422674453866,0.5136202822798139,0.8400735294117646
0.049,45.14999999999999,6.0112671744041615,55.625,9.57073837671504,22.727728212612565,0.04,3.2188758248682006,295.75,0.1,0.0,0.153,49.0,47.0,0.0,1,0.492,0.482,0.026,16.153156087534086,0.218,20.350025877585416,19.93800336967164,Lower-Middle,0.9091091285045027,0.5686705091146359,1.074688796680498
0.039,45.14999999999999,4.804021044733257,22.0,3.7612001156935624,19.81489236816778,0.046,3.4339872044851463,189.75,0.069,0.0,0.105,61.0,58.0,0.1,1,0.417,0.553,0.03,13.331857396247974,0.279,17.11134746100564,16.213405921671733,Low,0.9114850489357178,1.0089937259512682,0.8083182640144664
0.046,45.14999999999999,7.790696031174738,55.625,9.938661627543782,23.383281004076604,0.055,2.302585092994046,295.75,0.102,0.0,0.22649999999999998,50.0,46.0,0.1,1,0.461,0.511,0.028,17.833528979458322,0.38,14.946912992035967,18.34811006187022,Lower-Middle,1.2860804552242133,0.7122165669296873,0.9569471624266146
0.039,45.14999999999999,7.199678345691172,37.0,7.051855622955894,22.7685378388898,0.024,3.9318256327243257,295.75,0.057,0.0,0.153,56.0,53.0,0.3,1,0.422,0.543,0.035,15.109320592792194,0.614,17.622173069956816,18.6983124881264,Lower-Middle,0.5464449081333552,0.8941638651797035,0.8416206261510127
0.036,45.14999999999999,8.853379672927634,45.0,9.16303909885817,23.577855146481188,0.06,4.0943445622221,270.0,0.087,0.0,0.12,49.0,47.0,0.2,1,0.423,0.547,0.03,16.686949663359755,0.475,18.459901466721032,20.18369774603003,Upper-Middle,1.4146713087888712,0.8711350597797388,0.8281535648994515
0.029,37.8,6.192362489474872,37.0,4.969813299576001,20.460437255200333,0.071,4.204692619390966,189.75,0.069,0.0,0.12,60.0,57.0,0.1,1,0.365,0.601,0.034,13.576675790906478,0.768,16.097893045681612,16.52356082573315,Low,1.4526910451192234,1.0372790870888169,0.6638935108153079
0.024,45.14999999999999,12.09299912766519,19.0,11.101492585082273,25.400608158591677,0.052,4.330733340286331,295.75,0.024,0.1,0.126,72.0,67.0,0.2,1,0.322,0.624,0.055,18.105843347257043,0.431,22.819195696254006,21.491520490456985,High,1.320831624246767,0.9992981479468447,0.6041666666666666
0.038,44.1,8.46653127661401,55.625,7.315883504509785,22.81290303074708,0.023,5.662960480135946,295.75,0.085,0.0,0.153,51.0,48.0,0.2,1,0.403,0.566,0.032,13.339920151701762,0.389,20.350025877585416,19.93800336967164,Lower-Middle,0.5246967697071828,1.0181156664860116,0.7685512367491167
0.04,45.14999999999999,6.331501849893691,55.625,6.548219102762372,20.914845968058412,0.032,2.1972245773362196,216.0,0.046,0.1,0.12,61.0,57.0,0.0,1,0.432,0.548,0.02,15.431931432667879,0.192,17.909855136853043,19.93800336967164,Low,0.6692750709778692,0.8388073747854765,0.8248175182481752
0.038,37.55,8.598035579260339,18.0,10.299104324589479,23.43136958141515,0.042,2.1972245773362196,212.0,0.065,0.0,0.07,59.0,57.0,0.0,1,0.46,0.509,0.031,18.175938741314827,0.159,20.275415013906755,18.390221546776935,Lower-Middle,0.9841175224194364,0.7609484196503092,0.9646365422396856
0.033,44.7,7.589841512182657,55.625,7.478169694159785,22.97938625529803,0.032,5.37989735354046,295.75,0.049,0.1,0.153,61.0,59.0,0.6,1,0.393,0.551,0.056,14.161160549851253,0.84,20.350025877585416,19.93800336967164,Lower-Middle,0.7353403601695371,0.8952217030299529,0.8148820326678765
0.044,45.14999999999999,5.823045895483019,27.0,4.74493212836325,20.30024977750599,0.047,3.091042453358316,295.75,0.056,0.1,0.22649999999999998,58.0,56.0,0.3,1,0.46,0.515,0.025,14.209122359041437,0.532,18.049617077054286,15.894952224644102,Low,0.9541117395427815,1.0135969869398656,0.941747572815534
0.034,37.55,9.136693831807884,18.0,9.111955470054781,23.739302539030145,0.054,3.8918202981106265,295.75,0.057,0.0,0.12,60.0,58.0,0.2,1,0.399,0.566,0.034,16.904176553418402,0.48,20.628955158574072,20.169880600500754,Upper-Middle,1.2819223371076278,0.9035536063093824,0.7650176678445231
0.04,45.14999999999999,7.074963197966044,40.0,9.57073837671504,21.760480155779078,0.055,2.833213344056216,295.75,0.082,0.0,0.12,54.0,53.0,0.5,1,0.435,0.533,0.032,16.097787223766936,0.332,20.350025877585416,17.529082649058825,Low,1.1968264085678493,0.6692969730052725,0.8761726078799249
0.04,45.14999999999999,5.37989735354046,55.625,4.51085950651685,20.17597909550523,0.059,3.2188758248682006,208.0,0.094,0.0,0.12,54.0,52.0,0.1,1,0.427,0.544,0.029,14.188906916546934,0.417,14.845130332288226,16.694709071442087,Low,1.1903827666348086,0.9762356211727914,0.8382352941176471
0.038,45.14999999999999,9.16701524723781,54.0,9.73489137036065,23.83696495339653,0.045,3.367295829986474,295.75,0.059,0.1,0.136,57.0,55.0,0.2,1,0.427,0.546,0.027,17.419852817228616,0.22,20.889627375008377,18.997294113874336,Upper-Middle,1.0726634229028438,0.8539457858463485,0.8315018315018314
0.029,37.55,9.051344640485725,55.625,2.995732273553991,21.080130583571474,0.071,3.970291913552122,295.75,0.084,0.0,0.122,44.0,44.0,0.2,1,0.393,0.561,0.046,14.478411910334385,0.228,17.182806422433504,19.38766459394432,Low,1.4966892714335744,2.2652530301873894,0.7825311942959001
0.04,42.9,6.633318433280377,55.625,9.57073837671504,20.21913207762708,0.109,2.9444389791664403,189.75,0.077,0.1,0.155,57.0,55.0,0.1,1,0.434,0.536,0.03,15.034803014877756,0.464,18.635792131633828,17.529082649058825,Low,2.203885396461352,0.6275170377778042,0.8656716417910446
0.023,41.0,10.89282426427834,26.0,9.792555991828847,24.75722988819731,0.025,5.472270673671475,239.0,0.019,0.0,0.063,76.0,72.0,0.7,1,0.303,0.654,0.043,15.55360128207544,0.77,19.312678787355836,20.63443462433269,Upper-Middle,0.6189307472049328,1.0092905028730366,0.529051987767584
0.037,45.14999999999999,7.428927194802272,21.0,9.57073837671504,22.430780342586804,0.05,2.772588722239781,295.75,0.052,0.0,0.22649999999999998,63.0,60.0,0.1,1,0.446,0.525,0.029,16.750756197056138,0.294,19.77134793001978,18.26985786584569,Lower-Middle,1.1215390171293402,0.7027822399962644,0.9047619047619048
0.042,37.55,6.860663671448287,39.0,9.57073837671504,21.86006935358101,0.09,3.091042453358316,295.75,0.068,0.0,0.22649999999999998,50.0,50.0,0.0,1,0.461,0.508,0.03,16.403841049266795,0.151,17.622173069956816,18.258161826219297,Low,1.9674062418222908,0.6490240725814184,0.9665354330708661
0.048,45.14999999999999,6.343880434126331,41.0,9.57073837671504,22.535259868931263,0.066,3.5263605246161616,270.0,0.093,0.0,0.12,52.0,52.0,0.1,1,0.464,0.506,0.03,16.327184577114643,0.328,18.980296537602072,19.093625222296833,Lower-Middle,1.4873271513494635,0.6001359799141821,0.9762845849802372
0.037,45.14999999999999,7.424761761823209,55.625,9.57073837671504,21.835359686935327,0.035,3.4339872044851463,295.75,0.074,0.0,0.22649999999999998,62.0,59.0,0.3,1,0.413,0.555,0.031,14.990378083191496,0.539,20.350025877585416,19.93800336967164,Low,0.7642375890427365,0.7023881868250841,0.7999999999999998
0.014,37.55,8.236950048061455,46.0,7.068172000388042,22.630069222755907,0.048,5.598421958998375,189.75,0.014,0.2,0.211,76.0,69.0,0.6,1,0.236,0.696,0.068,14.04081098155624,0.414,20.98716738150084,19.664835340792976,Lower-Middle,1.0862433226922836,1.0209189947444473,0.4367816091954023
0.02,45.14999999999999,10.766925880506054,12.0,9.521421537856195,24.907407040299315,0.052,4.736198448394496,295.75,0.034,0.2,0.12,71.0,68.0,0.5,1,0.302,0.648,0.05,17.22979190337427,0.556,22.654787248694554,20.83032491013829,Upper-Middle,1.2951851660955642,1.0233337616753146,0.5432098765432098
0.043,37.55,7.591357046698551,55.625,9.076008659180891,22.68278451549931,0.065,3.091042453358316,230.0,0.087,0.0,0.186,49.0,47.0,0.1,1,0.45,0.519,0.032,16.887616570596666,0.302,18.7922443072814,19.093625222296833,Lower-Middle,1.4743809935074552,0.7534091427940154,0.9287090558766858
0.029,37.55,7.753623546559746,55.625,7.166265974133638,22.800029975454056,0.072,5.638354669333745,295.75,0.044,0.0,0.112,60.0,55.0,0.3,1,0.395,0.571,0.033,14.53477957319241,0.376,19.97460594857037,18.586195190904515,Lower-Middle,1.6416021582326918,0.9494698765775054,0.7495621716287217
0.051,42.3,6.694562058521095,24.0,9.57073837671504,22.017096162498184,0.079,3.091042453358316,270.0,0.079,0.0,0.12,55.0,55.0,0.0,1,0.492,0.483,0.025,16.43142397869967,0.169,17.479072229734946,17.553180200057167,Low,1.7393505968373566,0.6333107319416503,1.0703933747412009
0.042,37.55,11.497964099830067,35.0,11.580640186638268,25.702959350389115,0.057,4.0943445622221,295.75,0.094,0.1,0.169,50.0,49.0,0.2,1,0.436,0.536,0.027,18.780554934838737,0.399,19.157844814713773,21.986261982004613,High,1.4650686829721795,0.9139410975318969,0.8638059701492538
0.038,37.55,6.270988431858299,16.0,9.57073837671504,21.85799396722865,0.1,3.4965075614664802,189.75,0.061,0.1,0.161,58.0,56.0,0.0,1,0.442,0.533,0.024,16.08360223451006,0.202,18.812722838485147,18.24632736871235,Low,2.185799396722865,0.5932403403031785,0.874296435272045
0.038,45.14999999999999,4.442651256490317,55.625,3.8066624897703196,18.722131563166016,0.078,4.23410650459726,295.75,0.046,0.1,0.22649999999999998,67.0,63.0,0.1,1,0.418,0.542,0.039,11.975444907428185,0.588,15.717618233614914,13.910821646859095,Low,1.4603262619269493,0.9242694418310621,0.8431734317343172
0.039,45.14999999999999,8.474285690404962,55.625,7.937017489515454,22.95957337906015,0.054,3.8066624897703196,295.75,0.055,0.1,0.12,63.0,60.0,0.3,1,0.44,0.529,0.032,16.26504267522102,0.413,19.611568311769158,18.749984498289212,Lower-Middle,1.239816962469248,0.9482230173932913,0.8922495274102078
0.017,45.14999999999999,6.61338421837956,39.0,5.497168225293202,20.739552260224656,0.038,6.0844994130751715,189.75,0.012,0.4,0.1,76.0,69.0,0.8,1,0.238,0.688,0.075,11.345701365855424,0.513,19.593162884282904,17.840862266556567,Low,0.7881029858885369,1.0178871762368618,0.4549418604651163
0.041,45.14999999999999,6.598509028614515,26.0,9.57073837671504,21.358481480766255,0.118,3.9512437185814275,295.75,0.1075,0.0,0.22649999999999998,43.0,43.0,0.5,1,0.426,0.549,0.025,15.479608989316999,0.371,16.951004817371683,16.52356082573315,Low,2.520300814730418,0.6242240412599319,0.8214936247723132
0.047,41.0,6.3578422665081,26.0,9.57073837671504,23.436618790804065,0.061,5.267858159063328,239.0,0.105,0.0,0.12,54.0,51.0,0.1,1,0.478,0.493,0.029,15.977415567220346,0.356,20.350025877585416,19.93800336967164,Lower-Middle,1.429633746239048,0.6014567800214408,1.028397565922921
0.023,37.55,12.959479675502836,35.0,11.753956084578196,26.287813214709995,0.085,6.1224928095143865,295.75,0.05,0.1,0.112,53.0,50.0,0.8,1,0.305,0.649,0.046,17.69231571129056,0.601,22.943664259061077,22.377677115214446,High,2.23446412325035,1.0161144973027745,0.5408320493066255
0.039,41.0,9.051344640485725,26.0,9.57073837671504,23.436618790804065,0.061,5.267858159063328,239.0,0.083,0.1,0.12,53.0,50.0,0.5,1,0.438,0.529,0.033,15.940987759361247,0.173,20.350025877585416,19.93800336967164,Lower-Middle,1.429633746239048,0.8562641811686308,0.8903591682419659
0.037,37.55,9.350450079960828,39.0,9.675205823365795,24.283153606521687,0.05,4.007333185232471,189.75,0.06,0.1,0.12,62.0,59.0,0.1,1,0.43,0.539,0.031,17.29359292848794,0.328,19.34493964944395,21.069688405128005,Upper-Middle,1.2141576803260845,0.8759034940098903,0.8552875695732838
0.031,37.55,6.92461239604856,55.625,6.008813185442595,21.804366414724303,0.068,5.198497031265826,189.75,0.076,0.0,0.112,46.0,46.0,0.2,1,0.412,0.556,0.032,13.927279098306359,0.219,18.132998684833918,17.804494623047066,Low,1.4826969162012527,0.9879864411896552,0.7985611510791365
0.042,43.8,8.692825760059396,27.0,9.787515376283707,23.385706995542158,0.065,3.1780538303479458,189.75,0.054,0.0,0.157,56.0,54.0,0.1,1,0.447,0.523,0.03,17.502947672406258,0.255,20.709166913581107,20.1628997693716,Lower-Middle,1.5200709547102402,0.8058227920741161,0.9120458891013383
0.038,45.14999999999999,7.108244139731541,55.625,7.7702232041587855,21.5129992972941,0.064,3.258096538021482,270.0,0.067,0.0,0.12,55.0,54.0,0.1,1,0.426,0.546,0.028,15.553490486760175,0.356,16.951004817371683,17.553180200057167,Low,1.3768319550268224,0.8104975180518617,0.8315018315018314
0.017,45.14999999999999,10.0488425203955,11.0,9.077151777732437,24.260695381126887,0.056,5.272999558563747,268.0,0.019,0.1,0.12,76.0,72.0,0.7,1,0.252,0.681,0.068,16.130804648436804,0.653,21.82154473704673,20.026110636996957,Upper-Middle,1.3585989413431057,0.9971907481437867,0.4698972099853157
0.046,37.55,7.884576510596324,28.0,9.57073837671504,23.020094166931404,0.096,3.4965075614664802,237.0,0.064,0.0,0.187,54.0,53.0,0.1,1,0.493,0.482,0.025,17.207041301195428,0.133,19.664835340792976,19.093625222296833,Lower-Middle,2.209929040025415,0.7458870165554635,1.074688796680498
0.044,37.55,7.708410667257367,35.0,8.908829791587868,23.09371524165666,0.064,4.07753744390572,189.75,0.073,0.0,0.22649999999999998,49.0,48.0,0.1,1,0.468,0.505,0.027,16.282050653808977,0.37,18.5159909328476,18.390221546776935,Lower-Middle,1.4779977754660263,0.7779335026827736,0.9801980198019803
0.032,37.55,9.24435525056346,55.625,9.18142636181154,22.417760909982537,0.061,5.267858159063328,216.0,0.057,0.1,0.22649999999999998,44.0,46.0,0.1,1,0.415,0.548,0.038,16.359024816372397,0.339,19.638556456405873,19.93800336967164,Lower-Middle,1.3674834155089348,0.9079626883358068,0.8266423357664232
0.044,37.55,7.199678345691172,9.0,9.57073837671504,22.67737054952301,0.091,3.1780538303479458,275.0,0.082,0.0,0.18,59.0,56.0,0.1,1,0.493,0.487,0.02,17.059324155612533,0.232,20.350025877585416,19.93800336967164,Lower-Middle,2.063640720006594,0.6810951221298264,1.053388090349076
0.014,37.55,8.38548870041881,17.0,7.847762537473608,22.577132396434486,0.046,4.584967478670572,295.75,0.02,0.1,0.165,77.0,70.0,0.4,1,0.214,0.67,0.116,14.915093042506792,0.642,19.5423583088088,19.586951684209556,Lower-Middle,1.0385480902359863,0.9477524588734276,0.4925373134328358
0.018,42.2,10.575615365871998,51.0,9.49046898877305,23.766943667327546,0.062,5.0106352940962555,295.75,0.042,0.1,0.179,72.0,67.0,0.4,1,0.251,0.685,0.064,15.953757538338117,0.526,19.118815470998474,19.360688006350088,Upper-Middle,1.4735505073743078,1.0081165462850206,0.45985401459854014
0.023,37.55,10.781827164981712,50.0,10.139863172619055,24.848804057459684,0.034,2.70805020110221,295.75,0.048,0.0,0.153,68.0,67.0,0.1,1,0.338,0.619,0.044,18.791338393623473,0.275,18.197537205138154,19.91133512264875,Upper-Middle,0.8448593379536293,0.9678599277128135,0.617124394184168
0.022,40.8,5.973809611869261,55.625,5.356586274672012,20.61531540033684,0.044,4.0943445622221,274.0,0.043,0.0,0.14,65.0,65.0,0.1,1,0.329,0.629,0.041,13.408397592885278,0.317,17.399029524198163,16.906553056777135,Low,0.907073877614821,0.9397826685169153,0.5882352941176471
0.019,37.55,8.481151420068972,55.625,8.056109659545061,23.16306205679363,0.022,6.523562306149512,189.75,0.007,0.4,0.055,79.0,75.0,0.8,1,0.285,0.683,0.033,12.833875647164117,0.739,19.2271566142836,19.826777734819416,Lower-Middle,0.5095873652494599,0.9365115638954208,0.4655929721815519
0.026,37.55,8.006700845440367,55.625,8.140315540159985,22.70763054309503,0.054,3.4011973816621555,189.75,0.048,0.0,0.12,71.0,65.0,0.1,1,0.351,0.604,0.045,16.422270098450014,0.193,20.826724546216354,18.985994558684244,Lower-Middle,1.2262120493271316,0.8759764157223202,0.6556291390728476
0.012,45.14999999999999,15.674065998371116,35.0,14.477654568685823,28.62905804603012,0.046,4.543294782270004,295.75,0.019,0.1,0.061,76.0,73.0,0.3,1,0.198,0.724,0.078,20.994071297904505,0.439,24.33774496851103,24.06407606862888,High,1.3169366701173855,1.012689999561217,0.3812154696132597
0.013,38.6,8.724369949208368,16.0,8.017307507688582,22.77249300972283,0.084,4.990432586778736,295.75,0.02,0.1,0.171,77.0,70.0,0.4,1,0.179,0.674,0.147,15.296660677472898,0.525,19.704388519067237,19.364586646750546,Lower-Middle,1.9128894128167178,0.9675138550803063,0.4836795252225518
0.01,37.55,10.55986700890386,11.0,9.497847429113676,25.988730748367594,0.061,5.267858159063328,189.75,0.02,0.6,0.078,86.0,79.0,1.4,1,0.137,0.74,0.123,15.740795315631555,1.0,23.466747529944232,23.365461095323802,High,1.5853125756504232,1.005907837793316,0.35135135135135137
0.023,45.14999999999999,14.223882104950684,35.0,13.248437281959637,27.578797672897366,0.04,3.5263605246161616,264.0,0.054,0.0,0.112,66.0,63.0,0.1,1,0.318,0.634,0.048,20.8571753402031,0.296,22.911001088373684,22.8909471675901,High,1.1031519069158946,0.9982766406923766,0.5772870662460567
0.021,37.55,12.751650359161669,55.625,12.12120623917263,26.6219858566419,0.029,3.871201010907891,295.75,0.032,0.0,0.16,71.0,67.0,0.3,1,0.3,0.651,0.049,19.243582665808525,0.467,22.310458140637692,22.420348259415775,High,0.7720375898426152,0.9718352205372954,0.5360983102918586
0.009,45.14999999999999,14.023583516227276,22.0,13.161214791605914,29.102747430968943,0.082,7.9355873855892,295.75,0.003,0.7,0.020500000000000018,86.0,79.0,0.8,1,0.137,0.659,0.204,18.665632760504504,0.871,23.164742928894107,24.351837806477146,High,2.3864252893394533,0.9902811109495904,0.5174506828528073
0.02,44.2,12.168022846589206,21.0,11.026873751302885,25.117762705505214,0.039,5.351858133476067,271.0,0.027,0.0,0.12,72.0,61.0,0.5,1,0.245,0.68,0.075,16.54389167816452,0.545,20.69589464117803,20.781534746013783,Upper-Middle,0.9795927455147033,1.0117361417609485,0.47058823529411764
0.015,41.0,11.345192968419566,26.0,9.977899050049938,23.436618790804065,0.061,5.267858159063328,239.0,0.026,0.1,0.12,72.0,65.0,0.5,1,0.243,0.679,0.077,16.99231018546187,0.599,20.350025877585416,19.93800336967164,Lower-Middle,1.429633746239048,1.0334575784214337,0.47128129602356406
0.009,37.55,13.062203522566987,17.0,12.271865067705159,27.64275004927173,0.061,7.091742115095153,290.0,0.005,0.8,0.06,82.0,76.0,0.9,1,0.186,0.718,0.097,17.694430596211518,0.815,22.86427273440194,23.767264327957534,High,1.6862077530055755,0.9842025560033497,0.3941504178272981
0.023,45.14999999999999,8.545974992841689,21.0,7.804251383528112,21.76501457065236,0.067,3.6635616461296463,202.0,0.033,0.1,0.22649999999999998,72.0,64.0,0.2,1,0.308,0.638,0.054,15.467701591093624,0.353,19.05725757831492,18.77133762260779,Low,1.4582559762337084,0.9706645824346143,0.567398119122257
0.029,37.55,7.365812837209472,55.625,9.57073837671504,21.962479088956606,0.043,3.258096538021482,295.75,0.068,0.0,0.22649999999999998,66.0,64.0,0.2,1,0.396,0.566,0.038,15.589773009933442,0.285,18.8906843794481,16.52356082573315,Low,0.9443866008251339,0.6968115731096611,0.7667844522968199
0.008,41.0,7.398174092970465,26.0,9.57073837671504,23.402141885969716,0.061,5.267858159063328,239.0,0.02,0.5,0.088,81.0,77.0,1.3,1,0.161,0.766,0.072,13.081143387027563,1.0,23.03133586027048,20.289401255859758,Lower-Middle,1.4275306550441527,0.6998729728537203,0.30417754569190597
0.018,37.55,12.047364094370423,37.0,11.062190987414528,25.815127553769024,0.036,5.407171771460119,190.0,0.007,0.5,0.065,76.0,72.0,0.7,1,0.297,0.659,0.045,17.086109346898787,0.675,23.23123775974684,22.349560866643593,High,0.9293445919356847,0.9987707960303749,0.5189681335356601
0.021,37.55,6.78897174299217,9.0,5.666426688112432,20.98822351023563,0.067,5.662960480135946,239.0,0.017,0.1,0.13,76.0,74.0,0.9,1,0.332,0.621,0.047,12.620913662116816,0.35,20.93433680783607,18.478949661510303,Low,1.4062109751857874,1.0183824199399447,0.6103059581320451
0.021,39.8,9.158941808890182,13.0,7.98139158158007,21.951166059322375,0.054,4.290459441148391,204.0,0.035,0.1,0.22649999999999998,70.0,62.0,0.3,1,0.282,0.681,0.037,14.75532131277516,0.635,19.380030969118383,19.17209683735327,Low,1.1853629672034083,1.0197686767910499,0.46842878120411147
0.019,41.0,9.442404020664952,26.0,9.616871578266345,23.436618790804065,0.02,1.791759469228055,239.0,0.049,0.0,0.161,66.0,62.0,0.0,1,0.277,0.674,0.05,17.737485300185195,0.294,17.893048018819147,17.50439003707821,Lower-Middle,0.4687323758160813,0.8893772474364643,0.48516320474777447
0.027,37.55,7.887208585813932,31.0,9.119540007649686,22.925335917735488,0.056,3.044522437723423,295.75,0.044,0.0,0.08,66.0,64.0,0.0,1,0.391,0.564,0.045,17.059431869740745,0.155,18.871756369682007,19.380030969118383,Lower-Middle,1.2838188113931874,0.7794038641926152,0.773049645390071
0.028,41.6,11.891882313197597,24.0,11.28157331510613,25.645172360955556,0.037,3.4011973816621555,295.75,0.079,0.1,0.11,66.0,65.0,0.2,1,0.376,0.583,0.042,18.89632962747315,0.351,20.6387966814081,21.430808898282944,High,0.9488713773553555,0.9682702702731726,0.7169811320754718
0.027,45.14999999999999,11.122752828680358,47.0,10.557296012980244,25.529012598715717,0.04,4.02535169073515,195.0,0.027,0.1,0.098,71.0,64.0,0.5,1,0.367,0.598,0.035,18.285623318961093,0.463,22.114298952662292,21.166668785036816,High,1.0211605039486287,0.9624009643941074,0.6722408026755854
0.01,37.55,10.335269968961667,6.0,10.065181141534115,25.719086045263893,0.037,7.0630481633881725,189.75,0.002,0.6,0.053,83.0,78.0,1.0,1,0.188,0.729,0.083,15.297433457297982,1.0,22.74295737435317,23.145232687049283,High,0.951606183674764,0.9340353164366497,0.37174211248285327
0.019,45.14999999999999,9.370671910878523,48.0,9.114269903225448,24.06497540714498,0.04,4.060443010546419,256.0,0.011,0.0,0.129,77.0,70.0,0.3,1,0.253,0.675,0.072,16.804117556933214,0.184,20.412656261215183,20.316800230006166,Upper-Middle,0.9625990162857992,0.9264803095565215,0.48148148148148145
0.03,45.14999999999999,7.884576510596324,55.625,7.789454566086673,21.763625956783777,0.048,2.995732273553991,224.0,0.052,0.0,0.144,70.0,63.0,0.3,1,0.376,0.587,0.037,15.754902797235012,0.265,16.231424425551033,15.607270193858982,Low,1.0446540459256213,0.8970495781408623,0.7035775127768313
0.012,37.55,12.473087617136166,33.0,11.523311344522646,26.05641366119864,0.035,4.709530201312334,264.0,0.015,0.2,0.074,76.0,69.0,0.6,1,0.218,0.703,0.079,18.003405601113244,0.388,23.53351155042348,22.543450780520164,High,0.9119744781419525,0.9959895808700431,0.422475106685633
0.038,45.14999999999999,5.198497031265826,55.625,4.0943445622221,19.952373309923306,0.106,3.8501476017100584,295.75,0.062,0.0,0.165,65.0,62.0,0.0,1,0.478,0.494,0.028,13.814564110223877,0.269,16.811242881518265,14.508658238524095,Low,2.1149515708518702,1.0204447240997565,1.0242914979757085
0.022,41.0,10.741968082839463,26.0,9.884763343537848,23.053232426970443,0.022,4.59511985013459,239.0,0.057,0.0,0.12,69.0,61.0,0.0,1,0.319,0.636,0.045,15.384458920612245,0.473,20.350025877585416,19.93800336967164,Lower-Middle,0.5071711133933497,0.9868811791132638,0.5723270440251572
0.021,45.14999999999999,11.665912611011652,29.0,10.796980375734279,23.55829495525104,0.055,3.58351893845611,196.0,0.045,0.1,0.12,71.0,64.0,0.1,1,0.324,0.629,0.047,17.09221183415345,0.365,17.57671069691365,19.93800336967164,Upper-Middle,1.2957062225388072,0.9888897191867654,0.589825119236884
0.017,39.9,11.537198477345619,50.0,10.656694489523737,24.918536067682975,0.065,3.8501476017100584,295.75,0.023,0.2,0.112,80.0,70.0,0.2,1,0.263,0.672,0.066,18.238115169388497,0.279,21.770584831577846,20.772056002068226,Upper-Middle,1.6197048443993936,0.9897487223084115,0.4895833333333333
0.014,45.14999999999999,8.259975659768276,39.0,7.634820677745543,22.935112142014198,0.06,5.1298987149230735,295.75,0.017,0.1,0.129,80.0,73.0,0.6,1,0.258,0.654,0.089,14.90340865411116,0.478,20.778700544780584,20.71220489059811,Lower-Middle,1.376106728520852,0.9565891369413899,0.5305810397553516
0.011,41.0,6.304448802421981,26.0,9.57073837671504,21.761244452048786,0.06,7.875499292445208,239.0,0.003,0.5,0.12,75.0,69.0,0.8,1,0.2995,0.6425000000000001,0.052,11.312985613487655,0.898,20.350025877585416,19.93800336967164,Low,1.3056746671229271,0.5964057171549402,0.5470817120622568
0.009,45.14999999999999,11.178375379831667,25.0,10.42821608147111,26.506950917114608,0.102,8.298290634359283,189.75,0.004,0.6,0.12,83.0,77.0,1.1,1,0.158,0.679,0.164,15.927980845535615,0.658,23.66168674384024,23.18464794177277,High,2.70370899354569,0.9781382588622457,0.4742268041237113
0.01,45.14999999999999,11.032143962552615,55.625,10.261930931870822,24.333153999580034,0.063,5.497168225293202,295.75,0.007,0.2,0.088,76.0,64.0,0.6,1,0.152,0.702,0.147,16.07769034044656,0.728,19.80947198776461,20.330223250318287,Upper-Middle,1.5329887019735422,0.9795961304763539,0.42592592592592593
0.012,45.14999999999999,11.579040867177088,27.0,10.970127461960965,26.714644657344962,0.095,8.19118600464279,189.75,0.004,0.6,0.075,82.0,77.0,0.9,1,0.17,0.658,0.172,16.171442939454966,0.974,23.176423788505854,23.60756363010999,High,2.5378912424477713,0.9673281177642691,0.519756838905775
0.008,42.7,10.209868702420394,55.625,8.57583938684897,23.24097058565219,0.085,5.62040086571715,295.75,0.007,0.3,0.08,78.0,73.0,0.5,1,0.186,0.678,0.136,15.170096994131889,0.392,20.304715490809347,19.162618093443648,Lower-Middle,1.975482499780436,1.0662113565148315,0.4749262536873156
0.01,41.6,10.798432066390685,32.0,9.926227039505617,24.226092443852412,0.069,5.697093486505405,295.75,0.013,0.3,0.089,76.0,69.0,1.1,1,0.135,0.69,0.176,15.85660373588343,0.709,21.922326597212805,21.464726878261324,Upper-Middle,1.6716003786258167,0.9883038332763114,0.45072463768115945
0.009,37.55,10.050872539449186,25.0,9.09884999594282,24.632386211935774,0.07,6.673297967767654,196.0,0.006,0.4,0.099,79.0,73.0,1.0,1,0.158,0.67,0.172,15.306165159633608,0.566,22.839039307994177,20.461901074110706,Upper-Middle,1.7242670348355043,0.9952492158500316,0.49253731343283574
0.012,41.0,8.960596138864794,26.0,7.744569809354496,23.63755841433851,0.063,7.3098814858247865,239.0,0.004,0.4,0.067,81.0,77.0,0.8,1,0.195,0.697,0.109,13.862694671219339,0.681,21.713178709062788,20.753795042951165,Upper-Middle,1.4891661801033262,1.024704054541277,0.43615494978479197
0.01,45.14999999999999,11.718027237783673,24.0,10.7343293225778,25.723002522423357,0.067,6.877296071497429,295.75,0.004,0.5,0.056,80.0,74.0,1.2,1,0.145,0.712,0.143,16.14170533593077,0.735,22.625671826410738,21.778970624951192,High,1.723441169002365,0.9986107357015488,0.4044943820224719
0.012,37.55,10.915197549173719,6.0,9.91605820970998,26.337768788228978,0.099,8.520786726926367,189.75,0.004,0.9,0.12,80.0,76.0,1.1,1,0.186,0.66,0.154,15.508788206381205,0.861,22.439223592937974,22.736300446562232,High,2.6074391100346688,0.9999211564724438,0.515151515151515
0.011,45.14999999999999,9.692210811286753,35.0,8.524962928680598,23.54455536585146,0.05,6.431331081933479,189.75,0.005,0.6,0.05,78.0,67.0,1.3,1,0.151,0.679,0.17,14.11325013374387,0.686,21.031485561350493,20.375125796873945,Upper-Middle,1.177227768292573,1.0175589011588229,0.4727540500736377
0.02,41.0,6.642486801367256,26.0,9.57073837671504,21.40136800678304,0.061,5.267858159063328,239.0,0.02,0.7,0.12,82.0,77.0,1.0,1,0.2995,0.6425000000000001,0.052,10.808009300810284,0.401,20.350025877585416,19.93800336967164,Low,1.3054834484137654,0.6283843724672215,0.5470817120622568
0.011,45.14999999999999,11.100405529988361,14.0,10.527686503469802,26.060560871153026,0.083,8.10258642539079,269.0,0.003,0.8,0.12,83.0,76.0,1.1,1,0.172,0.667,0.161,15.476832700149226,0.83,21.980305362493535,22.134008878712574,High,2.163026552305701,0.9629343690641804,0.4992503748125936
0.013,45.14999999999999,12.854700902173104,7.0,12.494232104015108,28.444484216136217,0.11,8.270781013162674,189.75,0.004,0.5,0.12,85.0,77.0,0.8,1,0.185,0.651,0.165,17.968406629884196,0.774,24.720548686343747,24.39527884897587,High,3.128893263774984,0.9526070696789247,0.5376344086021505
0.008,45.14999999999999,13.603382364220291,24.0,12.738149846357448,28.69667944004914,0.106,8.228710798793687,196.0,0.004,0.7,0.12,82.0,76.0,1.0,1,0.141,0.665,0.194,18.226810177338727,0.735,24.541812979204344,25.177310761920562,High,3.041848020645209,0.9901902742622297,0.5037593984962405
0.01,45.14999999999999,11.485420651848038,38.0,10.316391589741292,26.29051284493119,0.097,7.738052297689316,264.0,0.005,0.3,0.12,82.0,77.0,1.0,1,0.144,0.669,0.187,16.224970339677302,0.748,23.39706959938902,21.82321057118119,High,2.5501797459583253,1.0149366572167737,0.49476831091180856
0.01,45.14999999999999,10.954938350026625,38.0,10.21577686808075,25.446513705995855,0.083,6.827629234502852,295.75,0.007,0.5,0.081,77.0,69.0,1.0,1,0.153,0.688,0.159,16.12520740239879,0.669,22.332303669559252,21.564401895651027,High,2.112060637597656,0.976743606695988,0.4534883720930233
0.015,37.55,7.731053144007127,5.0,8.333270353255308,23.535765706110695,0.094,8.55756708555451,189.75,0.002,0.9,0.179,83.0,80.0,1.0,1,0.218,0.664,0.118,12.624068909711092,0.932,20.369443963414586,20.803923740886376,Upper-Middle,2.2123619763744053,0.8283327120499246,0.5060240963855421
0.015,37.55,10.679573243881636,13.0,9.58932460283475,26.129374075755674,0.075,8.289790583181643,189.75,0.004,0.5,0.12,82.0,77.0,1.1,1,0.206,0.683,0.111,15.268093002594538,0.608,22.75979987774545,22.6660281798543,High,1.9597030556816755,1.0085226059670251,0.46412884333821375
0.02,41.0,9.051344640485725,26.0,9.57073837671504,21.957995961799945,0.061,5.267858159063328,239.0,0.02,0.1,0.12,75.0,69.0,0.5,1,0.2995,0.6425000000000001,0.052,11.303055922886557,0.519,20.350025877585416,19.93800336967164,Low,1.3394377536697966,0.8562641811686308,0.5470817120622568
0.01,45.14999999999999,13.059099776543745,13.0,12.11083296324084,28.258553513207744,0.088,7.9441374911141125,295.75,0.004,0.4,0.056,84.0,79.0,1.4,1,0.141,0.661,0.198,17.87843290620439,0.679,24.45242313758293,24.03515830441758,High,2.4867527091622814,0.9960541647626706,0.51285930408472
0.019,41.0,9.051344640485725,26.0,7.584264818389059,22.08889215520107,0.061,5.267858159063328,239.0,0.02,0.1,0.146,71.0,67.0,0.5,1,0.2995,0.6425000000000001,0.052,14.357565626506057,0.56,20.350025877585416,19.93800336967164,Low,1.3474224214672652,1.054411161815057,0.5470817120622568
0.01,37.55,8.933796043934858,16.0,8.452974619089586,23.71574514524128,0.068,6.3818160174060985,295.75,0.01,0.5,0.073,77.0,66.0,1.0,1,0.144,0.681,0.175,14.612277840540472,0.68,20.24845065231117,20.48500864909119,Upper-Middle,1.612670669876407,0.9450777563597511,0.46842878120411147
0.01,41.0,9.051344640485725,26.0,9.57073837671504,22.106750215009257,0.061,5.267858159063328,239.0,0.02,0.6,0.12,83.0,79.0,0.8,1,0.2995,0.6425000000000001,0.052,10.46393156882431,0.147,20.350025877585416,19.93800336967164,Low,1.3485117631155645,0.8562641811686308,0.5470817120622568
0.01,45.14999999999999,9.567665104756411,26.0,9.073259831427816,24.132641738420958,0.062,6.315358001522335,189.75,0.008,0.4,0.051,77.0,65.0,1.5,1,0.163,0.685,0.153,15.000273019558893,0.667,20.797445236049168,20.651769836315456,Upper-Middle,1.4962237877820994,0.9498082313836493,0.46131386861313867
0.012,37.55,9.337677620437377,26.0,8.373322820996535,24.473820605576424,0.077,8.857941984804711,189.75,0.003,0.7,0.12,82.0,77.0,1.5,1,0.184,0.672,0.144,13.066085046765759,0.87,22.01415001353667,21.866851491575925,Upper-Middle,1.8844841866293847,0.9961971649499459,0.488095238095238
0.011,37.55,9.300181075975972,18.0,7.981049759665957,22.60433980548228,0.078,5.5093883366279774,192.0,0.012,0.3,0.113,77.0,72.0,0.6,1,0.192,0.694,0.113,14.554492110068006,0.574,18.86536657162407,18.5159909328476,Lower-Middle,1.7631385048276178,1.0355338545994077,0.4394812680115274
0.009,41.0,7.853604813097837,26.0,6.727431724850855,22.57801944646337,0.09,7.27655640271871,239.0,0.006,0.4,0.057,82.0,77.0,0.8,1,0.168,0.696,0.136,12.912405018143357,0.939,20.68867439321199,19.707154772552474,Lower-Middle,2.0320217501817033,1.016327946042049,0.4367816091954024
0.012,45.14999999999999,8.516192691082654,30.0,8.143807976771484,21.949524711387703,0.106,4.624972813284271,232.0,0.018,0.2,0.181,72.0,64.0,0.4,1,0.182,0.705,0.113,15.092327607706126,0.452,18.826145858727198,19.2271566142836,Low,2.3266496194070965,0.9313617163349017,0.41843971631205673
0.02,41.0,9.051344640485725,26.0,9.57073837671504,22.26302958100639,0.038,8.540128162698734,239.0,0.004,0.6,0.12,75.0,69.0,0.5,1,0.2995,0.6425000000000001,0.052,10.44493936984388,1.0,20.350025877585416,19.93800336967164,Lower-Middle,0.8459951240782427,0.8562641811686308,0.5470817120622568
0.013,37.55,7.776954403322442,24.0,7.020190708311925,21.715042662014824,0.082,5.8916442118257715,295.75,0.009,0.3,0.112,76.0,71.0,1.0,1,0.2,0.671,0.129,13.332389267165066,0.624,20.350025877585416,19.93800336967164,Low,1.7806334982852157,0.9696720048393114,0.4903129657228018
0.011,44.6,12.026957941283685,8.0,11.249363483526032,27.241958808022062,0.107,8.40290404501411,250.0,0.004,0.8,0.035,82.0,78.0,1.1,1,0.183,0.675,0.142,16.609500017097474,0.836,23.587122489243868,23.582777390646406,High,2.9148895924583607,0.9818435021100111,0.4814814814814814
0.013,41.1,10.697791425055811,7.0,10.208395405652977,26.552334199870163,0.092,8.821584877430965,189.75,0.003,0.8,0.047,83.0,78.0,1.0,1,0.195,0.658,0.147,15.354671489080898,0.779,22.17931944271431,23.14567632309751,High,2.442814746388055,0.9544445068078485,0.519756838905775
0.01,43.2,12.67609189965384,31.0,11.484957995886175,26.55711103081457,0.062,6.318968113746434,295.75,0.006,0.4,0.055,80.0,71.0,1.0,1,0.16,0.707,0.133,17.45680740351994,0.613,22.81784226633364,22.75849422408057,High,1.6465408839105034,1.0153091347067924,0.4144271570014145
0.01,43.8,10.987138476064077,7.0,10.114518035966535,26.03049557321863,0.1,7.557994958530806,295.75,0.004,0.4,0.12,82.0,75.0,1.2,1,0.155,0.672,0.173,16.169006327156865,0.581,23.068718830263435,22.144444600161233,High,2.6030495573218633,0.9885393537092424,0.488095238095238
0.01,45.14999999999999,11.538554224604043,11.0,10.595058491479705,25.53297437238654,0.051,5.66988092298052,193.0,0.017,0.2,0.14,76.0,69.0,0.7,1,0.152,0.7,0.149,16.86921740387689,0.533,21.23967583960296,21.10101710717246,High,1.3021816929917134,0.9951268665943185,0.43
0.01,45.14999999999999,14.328106014651627,29.0,13.416038455867515,27.620900618300634,0.053,5.902633333401366,295.75,0.013,0.2,0.104,73.0,60.0,1.0,1,0.149,0.713,0.138,18.774763157185646,0.735,22.997451455521638,23.69255146053676,High,1.4639077327699337,0.9939003741225386,0.4025245441795232
0.01,41.0,9.051344640485725,26.0,9.57073837671504,21.10789905957387,0.051,8.144679183447758,239.0,0.004,0.5,0.067,85.0,79.0,0.6,1,0.2995,0.6425000000000001,0.052,10.313309821085701,0.94,20.350025877585416,19.93800336967164,Low,1.0765028520382673,0.8562641811686308,0.5470817120622568
0.01,37.55,10.892415175053996,23.0,9.744784861340808,24.09815625791588,0.094,5.918893854273146,279.0,0.007,0.3,0.166,76.0,71.0,0.8,1,0.178,0.682,0.14,15.818552850673209,0.548,19.846195820629383,19.590062106614273,Upper-Middle,2.2652266882440926,1.0137397179765184,0.4662756598240469
0.01,45.14999999999999,10.569520440604501,27.0,9.833118734869245,24.957402704792848,0.073,6.635946555686647,295.75,0.008,0.6,0.077,78.0,70.0,0.9,1,0.163,0.719,0.118,15.496907206025588,0.554,21.227066846379667,20.930280007143747,Upper-Middle,1.821890397449878,0.9756673677528999,0.3908205841446454
0.009,39.2,9.6956020036109,55.625,8.898638793680181,24.385419993052164,0.083,7.384610383176974,260.0,0.003,0.5,0.074,82.0,75.0,0.9,1,0.14,0.702,0.158,14.512086354098619,0.504,21.452744947235907,20.7796461713277,Upper-Middle,2.0239898594233297,0.9794884130736328,0.4245014245014246
0.011,45.14999999999999,12.765796999000717,47.0,11.861813166891393,27.843186565424652,0.084,7.771488760117616,295.75,0.005,0.5,0.12,84.0,78.0,1.0,1,0.145,0.687,0.168,17.608689665220332,0.775,24.77579833137145,23.736248463956073,High,2.338827671495671,0.9925347875416323,0.4556040756914119
0.012,45.14999999999999,10.811181437184764,16.0,10.823929655532758,26.71241697680766,0.089,8.280964400553373,189.75,0.003,0.9,0.12,83.0,79.0,1.1,1,0.172,0.655,0.174,16.021640475897037,0.844,23.027449651403995,23.181571805022813,High,2.377405110935882,0.9143475775099779,0.5282442748091603
0.01,37.55,10.642515908352262,18.0,10.206735348092,26.727604253228968,0.104,8.638348312972704,189.75,0.004,0.8,0.03,84.0,79.0,1.0,1,0.16,0.68,0.16,15.828269281143317,0.735,23.276765278277832,23.13909032563626,High,2.7796708423358125,0.9496535411772886,0.47058823529411764
0.019,45.14999999999999,12.474464859197528,6.0,11.440741794006959,26.997839694821952,0.058,6.0473721790462776,254.0,0.024,0.2,0.12,76.0,69.0,0.8,1,0.281,0.652,0.067,18.04418695487166,0.684,23.674889470926594,21.98087419072259,High,1.5658747022996733,1.0027106956923433,0.5337423312883436
0.01,45.14999999999999,12.696127033049757,33.0,11.830171194020703,25.403108050981643,0.064,4.997212273764115,295.75,0.012,0.0,0.152,74.0,62.0,1.0,1,0.143,0.697,0.16,17.66113199586117,0.68,22.114050103588035,21.887041451833237,High,1.6257989152628252,0.9895524261567596,0.43472022955523676
0.012,37.55,13.203098768194437,13.0,12.296653477761263,28.540492777141075,0.084,8.138564737261632,189.75,0.005,0.7,0.046,81.0,77.0,1.2,1,0.178,0.662,0.16,17.923870132812052,0.802,24.50296814515678,25.07578641800039,High,2.3974013932798504,0.9929640409353153,0.5105740181268882
0.018,41.0,9.878067175189218,26.0,8.998878325435811,23.64132035892069,0.036,6.396929655216146,239.0,0.009,0.3,0.08,76.0,75.0,1.0,1,0.252,0.727,0.022,13.765218867067594,0.884,21.30324431996063,20.275415013906755,Upper-Middle,0.8510875329211448,0.9879175297153816,0.37689133425034393
0.018,44.2,13.141950295162369,28.0,12.102061219441643,26.129901740693636,0.051,5.1647859739235145,295.75,0.021,0.1,0.14,74.0,70.0,0.2,1,0.249,0.701,0.05,18.07786059188093,0.682,21.104438253168592,22.34581738872329,High,1.3326249887753754,1.0030444885772276,0.42653352353780316
0.034,37.55,11.508365082213897,32.0,9.975994243322877,24.899820525968234,0.03,4.07753744390572,295.75,0.033,0.0,0.145,72.0,66.0,0.3,1,0.418,0.547,0.034,17.15000159490076,0.688,18.951309000896888,20.080811772603123,Upper-Middle,0.746994615779047,1.0485031995361043,0.826325411334552
0.021,38.2,11.097076632107324,20.0,9.922358373286379,25.74045012783273,0.074,7.329749689041512,230.0,0.004,0.3,0.081,83.0,88.0,1.2,1,0.277,0.622,0.101,15.769063001581781,0.916,22.058793081275667,22.130587565503177,High,1.9047933094596219,1.0159963858399177,0.6077170418006431
0.03,37.55,9.939530143883058,16.0,8.832587702434553,23.435104664863328,0.081,5.41610040220442,189.75,0.02,0.1,0.082,74.0,71.0,0.8,1,0.374,0.594,0.032,15.526782956915465,0.814,21.609509647880472,20.6782684720617,Lower-Middle,1.8982434778539297,1.01087632723805,0.6835016835016836
0.021,37.55,11.208707423878348,35.0,10.15739306550038,25.343926954559237,0.022,6.8501261661455,189.75,0.01,0.3,0.086,75.0,73.0,0.5,1,0.255,0.715,0.031,14.69822216893498,0.982,20.04599200751126,22.527283203734605,High,0.5575663930003032,1.0045991351274195,0.4000000000000001
0.014,37.55,9.581903928408666,46.0,8.471149252914831,23.80500843383631,0.081,6.095824562432225,189.75,0.011,0.2,0.103,80.0,76.0,0.3,1,0.274,0.65,0.076,15.221564408195004,0.867,22.420165025333755,22.053783182861643,Upper-Middle,1.9282056831407413,1.011693900342638,0.5384615384615385
0.022,37.55,10.58671065189838,35.0,9.627997520849709,24.328862628041204,0.023,5.849324779946859,189.75,0.011,0.1,0.074,77.0,73.0,0.7,1,0.34,0.635,0.025,14.753525990336497,0.73,20.434249542816605,20.611216334256355,Upper-Middle,0.5595638404449477,0.9961152729975395,0.5748031496062993
0.014,41.0,10.94618183421212,26.0,9.883641924315421,24.832205719132403,0.026,7.3938782901077555,239.0,0.009,0.3,0.072,78.0,77.0,1.0,1,0.21,0.778,0.013,13.782577158167935,0.978,20.588590934763975,22.045288308312756,Upper-Middle,0.6456373486974425,1.0057462300148792,0.2866323907455013
0.023,37.55,12.97789236474142,42.0,11.97171014650861,26.655246091456636,0.037,6.2878585601617845,189.75,0.016,0.2,0.12,76.0,72.0,0.8,1,0.335,0.634,0.03,17.049154278680657,0.812,22.285402476472186,23.28659850372908,High,0.9862441053838955,1.000476592381651,0.5757097791798107
0.027,43.3,10.889136422512594,43.0,9.981882749963502,24.229809071438893,0.038,4.204692619390966,295.75,0.015,0.1,0.08,77.0,73.0,0.2,1,0.38,0.585,0.034,16.74962882980191,0.542,21.47137457605359,20.187122406905534,Upper-Middle,0.9207327447146779,0.9915546059302796,0.7076923076923078
0.016,37.55,11.727036344253591,19.0,10.734481799788199,26.126420261511225,0.023,7.01211529430638,189.75,0.008,0.5,0.12,77.0,75.0,1.1,1,0.18,0.813,0.007,15.399761935848632,0.826,22.327088010796004,22.901081043097797,High,0.6009076660147582,0.999365506235244,0.23001230012300125
0.035,45.14999999999999,9.942564024517921,55.625,8.861491864286915,23.671996965541357,0.048,3.970291913552122,248.0,0.054,0.0,0.18,63.0,60.0,0.1,1,0.449,0.524,0.026,16.84379302885917,0.295,19.01400759475496,19.23161096461314,Upper-Middle,1.136255854345985,1.0082210847351207,0.9064885496183206
0.022,41.0,9.051344640485725,26.0,9.57073837671504,23.436618790804065,0.061,5.267858159063328,239.0,0.02,0.1,0.12,75.0,69.0,0.5,1,0.2995,0.6425000000000001,0.052,10.9793940036686,0.88,20.350025877585416,19.93800336967164,Lower-Middle,1.429633746239048,0.8562641811686308,0.5470817120622568
0.013,45.14999999999999,12.8245366885605,3.0,11.6528699993701,27.339951060565298,0.085,8.11102783819368,189.75,0.005,0.7,0.094,84.0,79.0,0.9,1,0.195,0.674,0.13,16.845542852127988,0.882,23.754654787756685,23.52334812355592,High,2.3238958401480505,1.0135674111248234,0.4821958456973294
0.023,41.5,7.215975002651466,46.0,6.327936783729195,21.855667430401866,0.038,4.976733742420574,189.75,0.02,0.1,0.073,72.0,66.0,0.3,1,0.3,0.657,0.042,13.62684210215137,0.503,20.343468477048813,18.627694921466773,Low,0.8305153623552709,0.984721240864642,0.5205479452054794
0.018,41.0,6.747586526829315,26.0,9.57073837671504,23.436618790804065,0.061,5.267858159063328,239.0,0.02,0.3,0.12,77.0,72.0,0.6,1,0.269,0.678,0.053,12.459675564329078,0.566,19.953237614210334,18.619531610894253,Lower-Middle,1.429633746239048,0.6383268875230828,0.4749262536873156
0.019,41.0,9.051344640485725,26.0,9.57073837671504,23.436618790804065,0.061,5.267858159063328,239.0,0.02,0.4,0.12,80.0,74.0,0.5,1,0.292,0.642,0.066,11.973068134369088,0.937,20.350025877585416,19.93800336967164,Lower-Middle,1.429633746239048,0.8562641811686308,0.557632398753894
0.024,37.55,4.2626798770413155,31.0,2.3978952727983707,18.466310452472378,0.11,4.8283137373023015,189.75,0.05,0.0,0.12,69.0,64.0,0.0,1,0.364,0.6,0.037,11.429043730989495,0.436,14.648420115681892,15.53827733427679,Low,2.0312941497719614,1.2545059617245775,0.6683333333333333
0.035,45.14999999999999,4.532599493153256,17.0,3.4339872044851463,18.780813925289106,0.118,6.306275286948016,189.75,0.033,0.0,0.12,75.0,69.0,0.5,1,0.2995,0.6425000000000001,0.052,10.86063227841855,0.702,15.702580358511794,12.899222326086994,Low,2.216136043184114,1.0222400931983655,0.5470817120622568
0.025,45.14999999999999,4.6443908991413725,16.0,9.57073837671504,19.34886528719441,0.118,5.655991810819852,189.75,0.036,0.1,0.156,69.0,67.0,0.2,1,0.385,0.575,0.04,11.5682371747013,0.223,16.951004817371683,15.76142084987672,Low,2.28316610388894,0.4393629596747869,0.7391304347826088
0.018,41.0,7.930565854233965,26.0,9.57073837671504,23.436618790804065,0.061,5.267858159063328,239.0,0.02,0.3,0.12,80.0,73.0,0.7,1,0.262,0.664,0.074,12.381956860360123,0.646,18.619531610894253,18.675322970077882,Lower-Middle,1.429633746239048,0.750237643919295,0.5060240963855421
0.014,37.55,10.420911360330345,12.0,9.73896662036768,25.425612345737612,0.088,7.738923757439457,189.75,0.005,0.7,0.082,82.0,78.0,0.9,1,0.213,0.666,0.121,15.246921916858726,0.861,22.29021369796824,21.65306491923999,High,2.23745388642491,0.9703830665201895,0.5015015015015014
0.032,41.5,8.432941638968646,51.0,9.57073837671504,22.445800344363782,0.035,3.4657359027997265,207.0,0.055,0.0,0.106,63.0,59.0,0.0,1,0.399,0.575,0.026,15.647419475604142,0.131,15.176487367510099,17.57671069691365,Lower-Middle,0.7856030120527324,0.7977627804642787,0.7391304347826089
0.029,37.55,5.0689042022202315,35.0,4.060443010546419,19.931585671119056,0.052,4.867534450455582,224.0,0.016,0.0,0.117,75.0,68.0,0.3,1,0.393,0.558,0.049,12.106661066474759,0.21,18.28141868811311,16.86951178681205,Low,1.0364424548981908,1.0016720258791925,0.7921146953405017
0.034,37.55,5.198497031265826,55.625,4.0943445622221,19.93961488845637,0.067,4.1588830833596715,189.75,0.029,0.0,0.139,67.0,65.0,0.0,1,0.412,0.557,0.03,13.083094343083598,0.183,17.379393550232137,17.0926553286923,Low,1.3359541975265767,1.0204447240997565,0.7935368043087969
0.029,37.55,5.176149732573829,32.0,4.060443010546419,19.505864539300386,0.055,5.075173815233827,189.75,0.013,0.1,0.12,74.0,69.0,0.3,1,0.38,0.56,0.06,11.528975963788922,0.232,16.5691713340128,16.612791953770035,Low,1.0728225496615214,1.0228649392526044,0.7857142857142857
0.029,37.55,3.8918202981106265,47.0,3.4657359027997265,19.895610638447224,0.031,4.174387269895637,189.75,0.017,0.1,0.083,72.0,68.0,0.1,1,0.394,0.572,0.034,12.276787367115398,0.234,18.50685844936773,16.213405921671733,Low,0.6167639297918639,0.8714846517615847,0.7482517482517484
0.018,45.14999999999999,6.054439346269371,21.0,4.969813299576001,20.85553748480058,0.045,6.410174881966167,189.75,0.01,0.3,0.109,77.0,72.0,1.3,1,0.28,0.647,0.073,11.332218603853276,0.286,19.60547073191963,17.622173069956816,Low,0.938499186816026,1.0141756605184589,0.545595054095827
0.018,45.14999999999999,12.068183198940034,30.0,11.19998028389282,26.301068152946154,0.083,6.12029741895095,295.75,0.015,0.2,0.086,79.0,71.0,0.8,1,0.26,0.637,0.103,17.478788163758285,0.903,22.08398594720335,22.119015357084706,High,2.182988656694531,0.9891969427912278,0.5698587127158555
0.012,41.0,7.729735331385051,26.0,9.57073837671504,21.607642638172006,0.061,5.267858159063328,239.0,0.02,0.3,0.113,77.0,72.0,1.1,1,0.213,0.698,0.089,11.52120112702131,0.445,20.785301228805714,19.300307495604308,Low,1.3180662009284922,0.7312389216265082,0.4326647564469914
0.015,41.0,7.328437352895162,26.0,6.561030665896573,22.7983966006847,0.069,7.406103381237015,239.0,0.012,0.3,0.055,77.0,71.0,0.8,1,0.249,0.688,0.064,12.723743785195854,0.823,21.448880208127886,20.108929838659183,Lower-Middle,1.5730893654472444,0.9692378826010448,0.4549418604651163
0.013,41.0,7.22402480828583,26.0,5.988961416889864,22.185142975249544,0.071,6.717804695023691,239.0,0.014,0.6,0.103,77.0,72.0,0.9,1,0.203,0.69,0.107,12.524249974816877,0.328,20.93433680783607,19.464484799646605,Lower-Middle,1.5751451512427175,1.0336335225471271,0.44927536231884063
0.026,37.55,6.0112671744041615,45.0,5.153291594497779,20.920024345137296,0.044,5.262690188904886,189.75,0.018,0.1,0.142,75.0,69.0,0.4,1,0.374,0.585,0.04,12.538916880333014,0.46,19.376192192825954,17.57671069691365,Low,0.9204810711860409,0.9769189517654885,0.7076923076923077
0.013,41.0,6.257667587882639,26.0,9.57073837671504,22.412309253987022,0.061,5.267858159063328,239.0,0.02,0.7,0.12,82.0,76.0,0.9,1,0.2995,0.6425000000000001,0.052,11.074792526597678,1.0,20.020068322553165,19.791861469800278,Lower-Middle,1.3671508644932082,0.5919801781933108,0.5470817120622568
0.028,45.14999999999999,9.609854474590907,50.0,8.770283819098399,23.161416719201114,0.048,4.07753744390572,295.75,0.042,0.1,0.119,67.0,63.0,0.3,1,0.379,0.576,0.045,16.06863183993979,0.647,19.6146032154551,19.701614592192207,Lower-Middle,1.1117480025216535,0.9835798685608402,0.7361111111111112
0.017,45.14999999999999,12.759006156701675,55.625,12.314115061675762,27.716204574826204,0.085,6.198478716492308,295.75,0.019,0.3,0.22649999999999998,76.0,68.0,0.5,1,0.272,0.665,0.063,19.052666712507108,0.831,22.2443095988364,22.738302182067226,High,2.3558773888602276,0.9583067366924033,0.5037593984962406
0.011,45.0,13.218098921273986,3.0,12.499872217864434,27.90165508354691,0.1,8.270013062273787,189.75,0.005,0.7,0.058,83.0,78.0,0.6,1,0.174,0.694,0.133,17.29891771290085,0.802,23.546844682681467,23.98393598350995,High,2.7901655083546912,0.9791277063928371,0.4423631123919309
0.02,41.0,6.249975242259483,26.0,9.57073837671504,23.436618790804065,0.061,5.267858159063328,239.0,0.02,0.4,0.12,75.0,69.0,1.9,1,0.2995,0.6425000000000001,0.052,10.82031813866275,1.0,20.047958576479434,18.915376991886035,Lower-Middle,1.429633746239048,0.5912524763669086,0.5470817120622568
0.015,37.55,11.072775740050202,27.0,10.292416692004194,25.76456619630814,0.062,6.376726947898627,295.75,0.008,0.3,0.08,81.0,75.0,0.8,1,0.243,0.675,0.082,16.619145507234073,0.877,21.36037162715155,21.17625046165828,High,1.5974031041711048,0.9805496947248226,0.48148148148148145
0.021,45.14999999999999,11.049953058639625,43.0,10.260077492862155,25.815626139353093,0.061,5.429345628954441,295.75,0.018,0.2,0.129,76.0,69.0,0.7,1,0.304,0.645,0.052,17.59608847292527,0.739,21.42090292327697,21.310496792470673,High,1.5747531945005386,0.9813389886210171,0.551937984496124
0.017,45.14999999999999,8.914357274485015,55.625,8.338783971442199,23.83795665098019,0.078,6.018593214496234,295.75,0.009,0.3,0.222,81.0,76.0,0.3,1,0.272,0.668,0.06,15.295407733077743,0.669,21.34652689057838,20.173352826205477,Upper-Middle,1.8593606187764546,0.954552252385849,0.49700598802395207
0.011,41.0,10.2185902205639,26.0,9.291736010180177,24.68867983507277,0.077,5.8888779583328805,239.0,0.005,0.1,0.12,80.0,76.0,0.0,1,0.19,0.698,0.112,16.24041071256454,0.762,21.604550960036,19.93800336967164,Upper-Middle,1.901028347300603,0.9928927646857708,0.4326647564469914
0.014,41.0,9.051344640485725,26.0,9.57073837671504,23.436618790804065,0.061,5.267858159063328,239.0,0.02,0.1,0.12,79.0,71.0,0.5,1,0.206,0.67,0.124,11.850953633358708,0.904,19.43952806776172,19.067783991246507,Lower-Middle,1.429633746239048,0.8562641811686308,0.49253731343283574
0.015,37.55,4.709530201312334,14.0,3.7612001156935624,19.76171395173762,0.05,5.605802066295998,189.75,0.012,0.4,0.095,75.0,69.0,1.0,1,0.2995,0.6425000000000001,0.052,11.1660735453374,0.669,18.09217669086922,16.118095750958314,Low,0.988085697586881,0.989147712104997,0.5470817120622568
0.023,37.55,9.937599082164896,55.625,8.863474306170954,24.305813242339294,0.052,5.288267030694535,286.0,0.028,0.1,0.195,75.0,69.0,0.5,1,0.327,0.616,0.057,16.064617867046817,0.687,22.088591891885404,20.020068322553165,Upper-Middle,1.2639022886016433,1.007515077719376,0.6233766233766234
0.023,37.55,10.298531885816375,55.625,9.23561817916045,24.56919271415132,0.065,5.37989735354046,295.75,0.023,0.1,0.098,78.0,72.0,0.6,1,0.323,0.62,0.057,16.456245337017073,0.619,20.013989276489102,20.375125796873945,Upper-Middle,1.596997526419836,1.0061465468479487,0.6129032258064516
0.021,37.55,8.831565879121063,26.0,8.462948176563842,23.64377336119084,0.067,5.318119993844216,295.75,0.019,0.1,0.12,76.0,66.0,0.6,1,0.35,0.586,0.064,15.623257050989775,0.622,20.346388187147884,19.5423583088088,Upper-Middle,1.5841328151997862,0.93327847879306,0.7064846416382252
0.015,41.0,6.4425401664681985,26.0,9.57073837671504,21.276249461770348,0.061,5.267858159063328,239.0,0.02,0.6,0.12,72.0,67.0,0.9,1,0.2995,0.6425000000000001,0.052,10.946851366973759,0.832,20.350025877585416,19.93800336967164,Low,1.2978512171679912,0.6094692666559288,0.5470817120622568
0.019,45.14999999999999,5.44673737166631,20.0,4.406719247264253,20.37337147708725,0.064,6.077642243349034,189.75,0.013,0.2,0.099,74.0,69.0,0.4,1,0.293,0.631,0.076,11.545015042678825,0.359,18.358805350872576,16.588099342704055,Low,1.303895774533584,1.0074015539871624,0.5847860538827259
0.034,38.7,9.435641593844192,30.0,8.97979449089521,24.132138043119863,0.073,5.147494476813453,295.75,0.032,0.1,0.128,73.0,66.0,0.6,1,0.429,0.528,0.043,16.380104082894153,0.476,20.6387966814081,20.300145795126245,Upper-Middle,1.7616460771477498,0.945474538824676,0.8939393939393938
0.022,39.0,7.163946684342547,41.0,6.2166061010848646,21.100639419682317,0.041,4.382026634673881,288.0,0.035,0.1,0.145,68.0,62.0,0.5,1,0.369,0.594,0.037,13.548112042894891,0.283,17.426428497635523,17.707330876483063,Low,0.865126216206975,0.9927030218908025,0.6835016835016835
0.028,40.4,7.655864017616056,55.625,7.880804344674901,22.308357497385384,0.057,3.4339872044851463,189.75,0.064,0.1,0.22649999999999998,62.0,58.0,0.1,1,0.377,0.581,0.042,16.055011325299123,0.458,18.65179247285226,19.291974114079885,Lower-Middle,1.271576377350967,0.8620687631978581,0.7211703958691911
0.028,44.0,8.854950316500325,44.0,8.29254851397576,23.106667801410318,0.076,4.77912349311153,295.75,0.025,0.1,0.174,74.0,69.0,0.3,1,0.392,0.566,0.042,15.766753462569243,0.492,20.06161732538382,19.867599729241633,Lower-Middle,1.756106752907184,0.9529086991779168,0.7667844522968199
0.016,45.14999999999999,9.394410399304254,8.0,8.337348564497175,23.200058040567345,0.042,5.236441962829949,295.75,0.018,0.2,0.176,75.0,69.0,0.8,1,0.308,0.615,0.077,14.791217841054868,0.53,21.46234194987231,19.56808319996451,Lower-Middle,0.9744024377038286,1.006111138982649,0.6260162601626017
0.021,45.14999999999999,12.998605779542201,25.0,12.057038852082377,27.597191219160422,0.057,6.246106765481563,295.75,0.016,0.2,0.075,78.0,73.0,0.5,1,0.319,0.627,0.054,18.535050806480694,0.766,23.313207949643317,22.962591590407797,High,1.5730398994921442,0.9955247837429191,0.594896331738437
0.025,45.14999999999999,8.404472321352118,39.0,7.946263643580541,22.63817765737049,0.063,4.3694478524670215,240.0,0.025,0.0,0.116,75.0,69.0,0.3,1,0.371,0.587,0.042,15.524780773608969,0.562,19.25792827281507,19.05195252611337,Lower-Middle,1.4262051924143408,0.9394393744904681,0.7035775127768313
0.022,44.1,8.905444318789714,18.0,8.037220031133012,23.564505705683477,0.07,5.860786223465865,295.75,0.019,0.2,0.084,79.0,73.0,0.6,1,0.305,0.633,0.062,15.047636322429735,0.64,21.07743765136878,19.814447122392348,Upper-Middle,1.6495153993978435,0.9854185566037638,0.5797788309636651
0.025,44.8,8.290794347381356,55.625,8.313116702819253,23.089953100328387,0.057,4.624972813284271,295.75,0.023,0.1,0.22649999999999998,74.0,69.0,0.5,1,0.353,0.598,0.048,15.609730664007616,0.576,18.53400943818794,18.78532386448472,Lower-Middle,1.3161273267187181,0.8902276876731909,0.6705685618729097
0.022,38.3,10.46495876097101,55.625,9.491677356868124,25.195523049803505,0.045,5.0106352940962555,295.75,0.02,0.2,0.22649999999999998,75.0,70.0,0.3,1,0.316,0.629,0.055,17.148810503645148,0.754,21.29706626043717,20.76919476978992,Upper-Middle,1.1337985372411576,0.9974533532638971,0.589825119236884
0.012,45.14999999999999,9.051344640485725,7.0,9.57073837671504,25.192343231194837,0.061,5.267858159063328,189.75,0.02,0.3,0.12,83.0,74.0,0.6,1,0.219,0.658,0.123,15.15188305228081,0.941,21.93788180166765,21.284023830031387,Upper-Middle,1.536732937102885,0.8562641811686308,0.519756838905775
0.02,41.0,9.051344640485725,26.0,9.57073837671504,23.436618790804065,0.061,5.267858159063328,239.0,0.02,0.1,0.12,75.0,69.0,0.5,1,0.2995,0.6425000000000001,0.052,10.552499965731496,1.0,20.294020201708943,18.26985786584569,Lower-Middle,1.429633746239048,0.8562641811686308,0.5470817120622568
0.02,45.14999999999999,5.4638318050256105,19.0,4.382026634673881,20.260455122949548,0.04,6.249975242259483,189.75,0.01,0.5,0.093,75.0,69.0,1.0,1,0.2995,0.6425000000000001,0.052,10.816252074633725,0.32,18.6983124881264,16.454567959008102,Low,0.8104182049179819,1.0151996963048635,0.5470817120622568
0.017,37.55,5.908082938168931,20.0,4.787491742782046,20.74117379598191,0.065,5.976350909297934,189.75,0.015,0.2,0.108,76.0,71.0,0.6,1,0.277,0.649,0.074,12.029687433722193,0.221,19.499090328704316,17.479072229734946,Low,1.3481762967388242,1.0208365213716775,0.5408320493066257
0.018,41.0,9.051344640485725,26.0,9.57073837671504,23.436618790804065,0.061,5.267858159063328,239.0,0.02,0.1,0.12,81.0,75.0,0.5,1,0.2995,0.6425000000000001,0.052,10.254672453731223,0.56,20.350025877585416,19.93800336967164,Lower-Middle,1.429633746239048,0.8562641811686308,0.5470817120622568
0.018,45.0,5.313205979041787,12.0,4.2626798770413155,20.230673189283827,0.039,5.389071729816501,189.75,0.019,0.1,0.097,74.0,69.0,0.8,1,0.281,0.648,0.071,11.598267950134272,0.474,18.542898385526172,16.588099342704055,Low,0.7889962543820692,1.0096008313598732,0.54320987654321
0.02,37.55,7.8009820712577405,55.625,6.5722825426940075,21.688763139614057,0.062,5.780743515792329,199.0,0.025,0.1,0.156,73.0,66.0,0.6,1,0.297,0.641,0.062,13.132683936744176,0.666,18.50685844936773,17.312018149733785,Low,1.3447033146560716,1.0302021916475357,0.5600624024960998
0.015,37.55,10.378261037909617,43.0,9.88257030428074,23.63892110517621,0.044,6.439350371100098,210.0,0.023,0.3,0.109,73.0,66.0,1.2,1,0.214,0.712,0.074,14.080547401754112,0.097,20.063553434406938,18.799117186521926,Upper-Middle,1.040112528627753,0.9536589930255034,0.4044943820224719
0.02,41.0,4.969813299576001,26.0,9.57073837671504,23.436618790804065,0.061,5.267858159063328,239.0,0.02,0.1,0.12,75.0,69.0,0.5,1,0.2995,0.6425000000000001,0.052,10.227127810341964,0.883,20.350025877585416,19.93800336967164,Lower-Middle,1.429633746239048,0.47014816964190337,0.5470817120622568
0.014,45.14999999999999,15.562554525299884,6.0,14.64697820769328,30.25987658305928,0.118,8.869398159883518,295.75,0.007,0.7,0.08,80.0,75.0,0.8,1,0.204,0.672,0.124,19.513878108344432,0.801,25.616565495295518,25.381749275841,High,3.570665436800995,0.9946044737026676,0.488095238095238
0.015,45.14999999999999,8.802221746402456,43.0,8.065893546964274,23.697747872469215,0.083,6.198478716492308,295.75,0.012,0.3,0.093,80.0,72.0,0.7,1,0.235,0.628,0.136,15.018548325279323,0.936,20.382182989173984,19.535822337850373,Upper-Middle,1.966913073414945,0.9709160714058782,0.5907643312101911
0.022,45.14999999999999,12.054237615847743,55.625,11.062034028647275,25.935358001706273,0.057,5.961005339623274,295.75,0.015,0.2,0.155,76.0,71.0,0.7,1,0.309,0.64,0.051,17.118392291256043,0.886,20.55247751715237,21.314933849109906,High,1.4783154060972576,0.9993536402914288,0.5625
0.013,41.0,9.051344640485725,26.0,9.57073837671504,23.436618790804065,0.061,5.267858159063328,239.0,0.02,0.3,0.12,82.0,76.0,0.5,1,0.219,0.67,0.111,11.587114148152441,0.939,21.106485336788918,19.93800336967164,Lower-Middle,1.429633746239048,0.8562641811686308,0.4925373134328358
0.023,45.14999999999999,11.629285266086423,25.0,10.513090067385729,25.62837666070797,0.035,4.912654885736052,295.75,0.026,0.1,0.08,72.0,69.0,0.8,1,0.277,0.677,0.046,17.373627468365466,0.653,19.620645529892812,20.038086828019768,High,0.896993183124779,1.0100924424303648,0.4771048744460857
0.048,45.14999999999999,10.132732452708314,55.625,9.277812087091196,24.825064067651986,0.034,4.7535901911063645,272.0,0.1075,0.0,0.177,51.0,48.0,0.3,1,0.479,0.497,0.024,16.689799511436593,0.377,19.279342367227173,19.97460594857037,Upper-Middle,0.8440521783001677,0.9858841908031089,1.012072434607646
0.039,45.14999999999999,8.411832675758411,31.0,8.073091199693154,22.429154360282382,0.045,3.4011973816621555,270.0,0.069,0.0,0.12,59.0,57.0,0.2,1,0.441,0.531,0.028,15.979694247630029,0.407,19.143386731608224,18.488339401771974,Lower-Middle,1.0093119462127071,0.92711871738299,0.8832391713747646
0.025,37.55,8.455743229100015,55.625,7.617759576608505,23.115602795990615,0.047,5.598421958998375,189.75,0.043,0.1,0.162,46.0,46.0,0.6,1,0.351,0.616,0.033,14.465326348102057,0.555,20.121785846737108,19.464484799646605,Lower-Middle,1.0864333314115588,0.9811997136763646,0.6233766233766234
0.044,45.14999999999999,7.4067107301776405,18.0,9.57073837671504,22.633670774865582,0.077,3.4965075614664802,270.0,0.079,0.0,0.12,54.0,53.0,0.1,1,0.463,0.511,0.025,16.471219617633306,0.232,17.926384438531027,18.34811006187022,Lower-Middle,1.7427926496646498,0.7006805453148816,0.9549902152641879
0.044,45.14999999999999,5.2574953720277815,13.0,9.57073837671504,21.027862768897783,0.1,2.833213344056216,189.75,0.069,0.0,0.168,53.0,50.0,0.0,1,0.445,0.529,0.026,15.935171472624473,0.099,14.648420115681892,18.478949661510303,Low,2.1027862768897783,0.4973631154857509,0.890359168241966
0.04,45.14999999999999,8.671629544720656,38.0,8.754791763700032,23.74035732152463,0.047,3.9318256327243257,295.75,0.073,0.0,0.15,53.0,52.0,0.2,1,0.439,0.528,0.033,16.765077262583528,0.497,19.352844828919817,19.959696194235843,Upper-Middle,1.1157967941116576,0.8889610106276088,0.8939393939393938
0.036,45.14999999999999,5.4638318050256105,22.0,9.57073837671504,21.252790939175355,0.043,2.9444389791664403,295.75,0.1075,0.0,0.15,48.0,45.0,0.1,1,0.415,0.546,0.039,15.228178556983828,0.383,16.195056784687036,17.804494623047066,Low,0.9138700103845402,0.5168827011234337,0.8315018315018313
0.049,45.14999999999999,6.137727054086234,55.625,9.57073837671504,22.879519306562223,0.042,3.332204510175204,295.75,0.099,0.0,0.15,49.0,48.0,0.1,1,0.492,0.482,0.026,16.185227712211287,0.219,20.350025877585416,19.93800336967164,Lower-Middle,0.9609398108756134,0.5806337112274264,1.074688796680498
0.039,45.14999999999999,4.804021044733257,22.0,3.7376696182833684,19.957438022024412,0.049,3.6109179126442243,189.75,0.068,0.0,0.105,61.0,58.0,0.1,1,0.418,0.552,0.03,13.357810132957278,0.279,17.216707972959764,16.52356082573315,Low,0.9779144630791963,1.0140050767140514,0.8115942028985506
0.045,45.14999999999999,7.865187954187467,55.625,9.973946016184689,23.51835132657459,0.059,2.3978952727983707,295.75,0.1,0.0,0.22649999999999998,50.0,47.0,0.1,1,0.46,0.512,0.028,17.861853647418098,0.384,13.45883704259595,18.50685844936773,Upper-Middle,1.3875827282679007,0.7167146569326716,0.9531250000000001
0.039,45.14999999999999,7.271008538280992,37.0,7.098375638590786,22.850865032088663,0.025,4.060443010546419,295.75,0.053,0.0,0.15,57.0,54.0,0.3,1,0.422,0.543,0.035,15.13962601186674,0.619,17.804494623047066,18.939474543319914,Lower-Middle,0.5712716258022166,0.8978354256170604,0.8416206261510127
0.036,44.6,8.83695515733143,40.0,9.233470789365038,23.70873084435155,0.066,4.290459441148391,270.0,0.084,0.0,0.12,49.0,47.0,0.4,1,0.422,0.548,0.03,16.703048415265748,0.483,18.560442695023177,20.222390545683755,Upper-Middle,1.5647762357272024,0.8635345074239217,0.8248175182481751
0.029,37.8,6.192362489474872,37.0,4.969813299576001,20.558295587770978,0.077,4.3694478524670215,189.75,0.067,0.0,0.112,60.0,57.0,0.1,1,0.357,0.608,0.035,13.590729416530987,0.769,15.732433317205148,16.468752592994022,Low,1.5829887602583652,1.0372790870888169,0.6447368421052632
0.024,45.1,12.167243455721623,10.0,11.17310763809792,25.594469066080304,0.049,4.454347296253507,295.75,0.023,0.2,0.125,72.0,68.0,0.4,1,0.319,0.626,0.054,18.122673254044564,0.431,23.058027661732513,21.78313729764459,High,1.2541289842379348,0.999518267434197,0.5958466453674122
0.038,44.1,8.475746001502063,55.625,7.473069088032197,23.045451347970193,0.024,5.942799375126701,295.75,0.082,0.0,0.15,51.0,49.0,0.2,1,0.4,0.569,0.031,13.368627965567011,0.39,20.350025877585416,19.93800336967164,Lower-Middle,0.5530908323512846,1.000315931977192,0.7574692442882252
0.04,45.14999999999999,6.363028103540465,55.625,6.582025138892826,20.999361920790914,0.033,2.1972245773362196,216.0,0.044,0.0,0.12,62.0,57.0,0.0,1,0.431,0.549,0.02,15.466061046695655,0.195,17.926384438531027,19.93800336967164,Low,0.6929789433861002,0.8392254031051173,0.8214936247723132
0.037,37.55,8.68541582383069,18.0,10.32669434212045,23.68578491416416,0.048,2.4849066497880004,198.0,0.061,0.0,0.075,60.0,58.0,0.0,1,0.457,0.511,0.032,18.203030936852755,0.161,20.487543504691164,18.488339401771974,Upper-Middle,1.1369176758798796,0.766809411597904,0.9569471624266145
0.033,44.7,7.75491027202143,55.625,7.513709247839705,23.171755781002012,0.033,5.572154032177765,295.75,0.048,0.1,0.15,62.0,60.0,0.8,1,0.391,0.554,0.055,14.1852718015511,0.844,20.350025877585416,19.93800336967164,Lower-Middle,0.7646679407730664,0.9108732805256634,0.8050541516245486
0.044,45.14999999999999,5.983936280687191,32.0,4.897839799950911,20.49870854427065,0.041,3.091042453358316,295.75,0.055,0.1,0.22649999999999998,59.0,56.0,0.5,1,0.46,0.514,0.025,14.240390636540072,0.54,18.28141868811311,15.894952224644102,Low,0.8404470503150966,1.0145979686896542,0.9435797665369651
0.033,37.55,9.167328481382892,15.0,9.112176123188952,23.93239869241617,0.06,4.204692619390966,295.75,0.057,0.0,0.12,61.0,59.0,0.3,1,0.397,0.568,0.035,16.93016566180633,0.487,20.71321550210301,20.519924914153872,Upper-Middle,1.4359439215449703,0.9065633716921363,0.7605633802816903
0.039,45.14999999999999,7.099201743553092,40.0,9.57073837671504,22.142553211212483,0.063,3.295836866004329,295.75,0.079,0.0,0.12,55.0,53.0,0.2,1,0.433,0.534,0.032,16.122781455409022,0.336,13.910821646859095,18.379858759848776,Lower-Middle,1.3949808523063865,0.6715899581046332,0.8707865168539325
0.04,45.14999999999999,5.44673737166631,55.625,4.564348191467836,20.35324765231159,0.061,3.4011973816621555,208.0,0.091,0.0,0.12,54.0,52.0,0.2,1,0.425,0.546,0.029,14.210479439578688,0.426,17.1618997383427,17.52173867498285,Low,1.241548106791007,0.9788635046272147,0.8315018315018314
0.038,45.14999999999999,9.19339765124587,44.0,9.7544653661431,24.02783263033854,0.044,3.4965075614664802,295.75,0.058,0.1,0.133,58.0,55.0,0.3,1,0.426,0.547,0.027,17.446557091397896,0.224,21.13802099262217,19.39524038772408,Upper-Middle,1.0572246357348958,0.8548446936458842,0.8281535648994515
0.028,37.55,2.0794415416798357,55.625,2.995732273553991,21.19169618986672,0.085,4.248495242049359,295.75,0.082,0.0,0.141,45.0,45.0,0.2,1,0.389,0.566,0.045,14.486302205335043,0.233,17.249497794707484,19.435911427304614,Low,1.8012941761386714,0.5204156333102576,0.7667844522968199
0.039,42.9,6.520621127558696,55.625,9.57073837671504,20.42084486931935,0.102,3.091042453358316,189.75,0.072,0.0,0.15,58.0,56.0,0.2,1,0.434,0.535,0.03,15.074623323758392,0.467,18.690707888799015,17.6867115897055,Low,2.0829261766705733,0.616855785771991,0.8672897196261681
0.023,41.0,10.900620672254384,26.0,9.771440771615795,24.99719597616414,0.025,5.6240175061873385,239.0,0.017,0.0,0.06,76.0,72.0,0.8,1,0.3,0.656,0.044,15.570279052989179,0.772,18.410630418199872,20.733216168789678,Upper-Middle,0.6249298994041035,1.0119928153881692,0.5243902439024389
0.037,45.14999999999999,7.504391559161238,7.0,9.57073837671504,22.71700049822902,0.05,2.995732273553991,238.0,0.049,0.0,0.22649999999999998,63.0,61.0,0.1,1,0.443,0.528,0.029,16.77928889924141,0.3,20.042047229228025,18.358805350872576,Lower-Middle,1.135850024911451,0.7099212270442457,0.8939393939393939
0.042,37.55,6.860663671448287,39.0,9.57073837671504,22.017394803736575,0.067,2.9444389791664403,295.75,0.064,0.0,0.22649999999999998,51.0,51.0,0.1,1,0.461,0.509,0.03,16.43391019338926,0.152,17.57671069691365,18.184958423089522,Low,1.4751654518503508,0.6490240725814184,0.9646365422396856
0.048,45.14999999999999,6.363028103540465,25.0,9.57073837671504,22.689733792504065,0.07,3.6888794541139363,270.0,0.09,0.0,0.12,52.0,53.0,0.2,1,0.464,0.506,0.03,16.359128628016204,0.336,19.240460579850964,19.118815470998474,Lower-Middle,1.5882813654752848,0.6019473642027491,0.9762845849802372
0.036,45.14999999999999,7.557472901614746,55.625,9.57073837671504,21.934241623551827,0.044,3.6375861597263857,295.75,0.073,0.0,0.22649999999999998,62.0,59.0,0.4,1,0.411,0.557,0.031,15.01849427330293,0.546,20.350025877585416,19.93800336967164,Low,0.9651066314362804,0.7149427629636695,0.7935368043087969
0.014,37.55,8.265650165580329,7.0,7.085901464365611,22.77637156136425,0.05,5.75890177387728,189.75,0.014,0.2,0.219,76.0,69.0,0.8,1,0.23,0.7,0.07,14.046942862455905,0.412,21.231889037758524,19.766153113156168,Lower-Middle,1.1388185780682125,1.0222298901374036,0.42857142857142866
0.02,44.4,10.825123970735035,12.0,9.579003173560242,25.043766984865613,0.055,4.90527477843843,295.75,0.033,0.2,0.12,71.0,68.0,0.7,1,0.295,0.654,0.05,17.23870055277301,0.562,22.840364369923726,21.072513265761565,Upper-Middle,1.3774071841676088,1.023265027256057,0.5275229357798165
0.043,37.55,7.779885115070522,29.0,9.120962560824966,22.80715195111449,0.06,3.1354942159291497,230.0,0.082,0.0,0.195,49.0,47.0,0.1,1,0.451,0.517,0.032,16.914313953513183,0.304,19.019517250535575,19.157844814713773,Lower-Middle,1.3684291170668694,0.7686902375455857,0.9342359767891683
0.028,37.55,7.787382026484701,55.625,7.204892510204673,22.902107330604153,0.069,5.68697535633982,295.75,0.042,0.0,0.129,62.0,56.0,0.4,1,0.391,0.575,0.034,14.548215414130045,0.386,20.11077656124894,18.6983124881264,Lower-Middle,1.5802454058116866,0.9491144480929273,0.7391304347826089
0.051,42.4,6.71174039505618,23.0,9.57073837671504,22.179870362741482,0.074,3.1354942159291497,270.0,0.075,0.0,0.12,55.0,55.0,0.1,1,0.494,0.481,0.025,16.46856165928783,0.17,17.599700214609808,17.6867115897055,Lower-Middle,1.6413104068428697,0.6349358158215924,1.0790020790020791
0.042,37.55,11.463850760322995,27.0,11.586956291291145,25.837968024558055,0.072,4.406719247264253,295.75,0.091,0.1,0.169,50.0,49.0,0.3,1,0.437,0.536,0.027,18.807216850242458,0.408,19.635593491283995,22.619985741961013,High,1.86033369776818,0.9107722705174386,0.8656716417910447
0.038,37.55,6.324358962381311,16.0,9.57073837671504,22.033704669825546,0.1,3.6635616461296463,189.75,0.055,0.0,0.161,60.0,57.0,0.1,1,0.445,0.532,0.024,16.1108841101933,0.211,18.99166029618782,18.400478046838927,Low,2.203370466982555,0.5982892336369285,0.881578947368421
0.038,45.14999999999999,4.442651256490317,55.625,3.8066624897703196,18.787122641535653,0.071,4.204692619390966,295.75,0.044,0.1,0.22649999999999998,67.0,63.0,0.2,1,0.417,0.544,0.039,12.003901380331742,0.597,15.424948670398354,13.45883704259595,Low,1.3338857075490314,0.9242694418310621,0.838235294117647
0.039,45.14999999999999,8.58223158759546,55.625,8.006700845440367,23.146705109868428,0.047,3.828641396489095,295.75,0.052,0.1,0.12,63.0,60.0,0.3,1,0.439,0.53,0.031,16.292466937942894,0.415,20.24845065231117,19.67914173640328,Lower-Middle,1.0878951401638162,0.952871837853947,0.8867924528301886
0.018,45.14999999999999,6.483107351457199,39.0,5.327876168789581,20.756348301461774,0.034,5.976350909297934,189.75,0.012,0.4,0.109,78.0,69.0,0.9,1,0.233,0.693,0.075,11.35080645549378,0.515,17.909855136853043,16.213405921671733,Low,0.7057158422497004,1.0245313243380536,0.4444444444444445
0.04,45.14999999999999,6.453624998892692,26.0,9.57073837671504,21.492750353530734,0.118,4.04305126783455,295.75,0.1075,0.0,0.22649999999999998,44.0,43.0,0.1,1,0.425,0.55,0.025,15.504871047779632,0.374,16.906553056777135,16.648723960844016,Low,2.5361445417166264,0.610517900349192,0.8181818181818181
0.046,41.0,6.406879986069314,26.0,9.57073837671504,23.436618790804065,0.061,5.267858159063328,239.0,0.104,0.0,0.12,55.0,51.0,0.1,1,0.478,0.493,0.029,16.00278041777104,0.36,20.350025877585416,19.93800336967164,Lower-Middle,1.429633746239048,0.6060957860978028,1.028397565922921
0.022,37.55,13.002788988231867,31.0,11.824848828670028,26.379858274001062,0.078,6.1092475827643655,295.75,0.047,0.1,0.132,53.0,51.0,0.9,1,0.303,0.65,0.048,17.70549752348602,0.606,23.04819933370201,22.53204629067262,High,2.057628945372083,1.0138746399227765,0.5399999999999999
0.039,41.0,9.051344640485725,26.0,9.57073837671504,23.436618790804065,0.061,5.267858159063328,239.0,0.079,0.1,0.12,53.0,51.0,0.5,1,0.436,0.531,0.033,15.983047336961533,0.174,20.350025877585416,19.93800336967164,Lower-Middle,1.429633746239048,0.8562641811686308,0.8832391713747645
0.036,37.55,9.436838291102966,39.0,9.635281256585003,24.540020789074898,0.062,4.454347296253507,189.75,0.059,0.1,0.12,62.0,59.0,0.2,1,0.428,0.541,0.031,17.318610011756792,0.329,19.383855065542164,21.1132788411727,Upper-Middle,1.5214812889226437,0.8873144079062317,0.8484288354898335
0.031,37.55,6.96979066990159,55.625,6.049733455231958,21.839660193346564,0.07,5.25227342804663,189.75,0.075,0.0,0.132,47.0,47.0,0.3,1,0.406,0.562,0.032,13.94212382544987,0.218,17.281246492014,17.958645300228824,Low,1.5287762135342595,0.9886601690917778,0.7793594306049823
0.042,43.9,8.724369949208368,26.0,9.815038779351015,23.546164233612576,0.057,3.1780538303479458,189.75,0.05,0.0,0.161,57.0,55.0,0.2,1,0.447,0.522,0.03,17.531997737449252,0.261,20.918009914561967,20.23875752312117,Upper-Middle,1.342131361315917,0.8066887347519892,0.9137931034482758
0.038,45.14999999999999,7.183111701743281,55.625,7.807510042216193,21.648897862763253,0.065,3.367295829986474,270.0,0.065,0.0,0.12,55.0,54.0,0.2,1,0.425,0.548,0.028,15.579351746891836,0.361,17.453096744006448,17.893048018819147,Low,1.4071783610796114,0.8155666774506256,0.8266423357664233
0.017,45.14999999999999,10.080377719332876,11.0,9.109414453386222,24.38477971038411,0.056,5.384495062789089,268.0,0.018,0.2,0.12,76.0,72.0,0.8,1,0.246,0.686,0.068,16.140356137594967,0.654,21.939068393322398,20.088387566397234,Upper-Middle,1.36554766378151,0.9971277531268272,0.45772594752186585
0.046,37.55,8.048468743668883,28.0,9.57073837671504,23.232280684848067,0.094,3.6375861597263857,237.0,0.061,0.0,0.191,55.0,54.0,0.1,1,0.492,0.483,0.025,17.240709191330712,0.136,19.811962649070857,19.20913810886209,Lower-Middle,2.1838343843757184,0.7613913481576509,1.0703933747412009
0.044,37.55,7.411556287811163,33.0,8.909235279192261,23.169208225801114,0.06,4.060443010546419,189.75,0.07,0.0,0.189,51.0,49.0,0.2,1,0.469,0.504,0.027,16.309510818590315,0.375,18.742764250367856,18.400478046838927,Lower-Middle,1.3901524935480667,0.7479443245609673,0.9841269841269841
0.032,45.14999999999999,9.23151460720759,55.625,9.152605321324945,22.38945265420531,0.061,5.267858159063328,256.0,0.058,0.1,0.12,46.0,47.0,0.1,1,0.415,0.546,0.038,16.360269845391077,0.337,19.71540791428649,19.93800336967164,Lower-Middle,1.3657566119065239,0.9092754337467784,0.8296703296703295
0.042,37.55,7.596894438144544,9.0,9.57073837671504,23.010112834253004,0.1,3.4339872044851463,275.0,0.08,0.0,0.181,59.0,57.0,0.2,1,0.492,0.487,0.021,17.08695014183797,0.236,20.350025877585416,19.93800336967164,Lower-Middle,2.3010112834253005,0.718672070711616,1.053388090349076
0.014,38.8,8.53089883847235,17.0,7.956476798036782,22.943154054018237,0.043,4.897839799950911,295.75,0.019,0.1,0.175,77.0,70.0,0.6,1,0.211,0.676,0.114,14.91074481416647,0.641,19.653241008045665,19.659054977894186,Lower-Middle,0.9865556243227841,0.9524837758014718,0.4807692307692307
0.018,40.9,10.631688121153461,36.0,9.402117087540892,24.221297805126465,0.051,5.262690188904886,295.75,0.039,0.1,0.191,73.0,67.0,0.5,1,0.243,0.693,0.063,15.965096091670853,0.528,19.57441233499613,19.758309935715648,Upper-Middle,1.2352861880614496,1.0220696452155433,0.4415584415584416
0.022,37.55,10.788659065351414,55.625,10.18968101756145,24.94886409484714,0.035,2.833213344056216,295.75,0.046,0.0,0.16,69.0,68.0,0.2,1,0.333,0.623,0.044,18.802242892278965,0.282,18.1462439114085,20.088387566397234,Upper-Middle,0.8732102433196499,0.9641614491440231,0.6051364365971108
0.022,40.8,5.973809611869261,48.0,5.501258210544727,20.902325251234508,0.05,4.48863636973214,274.0,0.041,0.1,0.14,66.0,65.0,0.2,1,0.32,0.638,0.042,13.428915289299761,0.325,17.665658180950928,17.073607134447293,Low,1.0451162625617254,0.9188697661908013,0.567398119122257
0.018,37.55,9.227885551191932,55.625,8.07961802938984,23.228603531567604,0.023,6.6052979209482015,189.75,0.008,0.4,0.055,79.0,76.0,1.0,1,0.28,0.686,0.033,12.851711465059926,0.743,19.26654901582182,19.879295768977464,Lower-Middle,0.5342578812260549,1.0163297091708223,0.45626822157434405
0.026,37.55,8.156223323194624,55.625,8.155649270366002,22.879571762081913,0.045,3.367295829986474,189.75,0.045,0.0,0.12,72.0,66.0,0.2,1,0.341,0.612,0.046,16.436352199001185,0.194,20.879414520291775,19.083368722182243,Lower-Middle,1.029580729293686,0.8908405163131128,0.6323529411764706
0.012,45.14999999999999,15.731227443550077,35.0,14.530716152951738,28.882084338434677,0.044,4.736198448394496,295.75,0.017,0.2,0.075,76.0,73.0,0.4,1,0.192,0.729,0.079,20.999294016564452,0.452,24.439906361870054,24.227891869446623,High,1.2708117108911257,1.0129106274703392,0.37174211248285327
0.013,38.6,8.730851903519232,11.0,8.114324709155339,23.042930317189956,0.082,5.241747015059643,295.75,0.019,0.1,0.171,77.0,70.0,0.6,1,0.176,0.678,0.146,15.294475481798932,0.526,19.902285287149308,19.43952806776172,Lower-Middle,1.8895202860095766,0.9579263612090857,0.47492625368731556
0.01,37.55,10.59573432785291,11.0,9.57073837671504,26.077951275962196,0.061,5.267858159063328,189.75,0.02,0.6,0.068,85.0,79.0,1.6,1,0.132,0.744,0.124,15.749391647105458,1.0,23.62671833443594,23.4341121254171,High,1.590755027833694,1.002364636248394,0.34408602150537637
0.022,45.14999999999999,14.292617027212314,33.0,13.312421595570006,27.845083716450365,0.039,3.713572066704308,271.0,0.052,0.0,0.13,66.0,63.0,0.2,1,0.314,0.638,0.049,20.870905581706243,0.299,23.142210731145667,23.092574562076912,High,1.0859582649415642,0.9986162671197568,0.5689655172413793
0.021,37.55,12.836136246012302,55.625,12.116618286889404,26.79219300719205,0.031,4.07753744390572,266.0,0.031,0.1,0.139,71.0,67.0,0.4,1,0.3,0.651,0.049,19.257810551600997,0.475,22.486454349357928,22.6069965848653,High,0.8305579832229536,0.9786162839580798,0.5360983102918586
0.009,45.14999999999999,14.039563295843092,22.0,13.152308512776608,29.102654912712154,0.082,7.938088726896952,295.75,0.003,0.7,0.020500000000000018,86.0,79.0,0.8,1,0.136,0.654,0.21,18.665748208299313,0.88,23.242734931164026,24.341213040219184,High,2.3864177028423965,0.9920334398567039,0.529051987767584
0.021,41.4,12.302809080476186,21.0,11.100919008818641,25.37579551491369,0.034,5.455321115357702,271.0,0.025,0.0,0.12,73.0,61.0,0.8,1,0.244,0.682,0.073,16.555330255081458,0.543,20.916362467732725,21.056876842002925,High,0.8627770475070655,1.0166838627306254,0.46480938416422285
0.015,41.0,11.161536525460733,26.0,9.814710982145282,23.436618790804065,0.061,5.267858159063328,239.0,0.026,0.1,0.12,72.0,65.0,0.5,1,0.239,0.681,0.08,16.998219785117072,0.6,20.350025877585416,19.93800336967164,Lower-Middle,1.429633746239048,1.032069793070573,0.4684287812041116
0.01,37.55,13.114004539454228,17.0,12.311099105397577,27.746736141522724,0.064,7.22983877815125,290.0,0.004,0.8,0.066,83.0,76.0,0.9,1,0.18,0.72,0.1,17.699085795523548,0.816,22.951989081449668,23.919855152276273,High,1.7757911130574544,0.98519321624888,0.38888888888888895
0.023,45.14999999999999,8.677950570294351,21.0,7.910957382845589,22.058941984181676,0.069,3.9512437185814275,202.0,0.032,0.1,0.22649999999999998,72.0,64.0,0.4,1,0.304,0.644,0.052,15.477237458917958,0.353,19.786772400305757,19.186148590743098,Low,1.5220669969085356,0.9738516522366276,0.5527950310559006
0.029,37.55,7.419979923661835,55.625,9.57073837671504,22.163798714638382,0.042,3.4011973816621555,295.75,0.065,0.0,0.22649999999999998,67.0,64.0,0.2,1,0.389,0.574,0.037,15.609480748413104,0.297,19.06253463538792,16.454567959008102,Lower-Middle,0.9308795460148122,0.7019358212484363,0.7421602787456446
0.008,41.0,7.247792581767846,26.0,9.57073837671504,23.61667103680181,0.061,5.267858159063328,239.0,0.02,0.5,0.078,82.0,77.0,1.6,1,0.15,0.778,0.071,13.108684243196748,1.0,23.343067532567375,20.470950909618924,Upper-Middle,1.4406169332449106,0.6856467659565867,0.28406169665809766
0.018,37.55,12.23227144033159,31.0,11.155836149477175,25.98881619484171,0.035,5.54907608489522,189.75,0.007,0.6,0.064,76.0,72.0,0.9,1,0.292,0.663,0.045,17.104427984209945,0.684,23.610744525115866,22.610335486130307,High,0.90960856681946,1.0062879500771902,0.5082956259426847
0.022,37.55,6.822197390620491,9.0,5.703782474656201,21.156332207970134,0.063,5.755742213586912,239.0,0.015,0.2,0.13,77.0,74.0,1.0,1,0.322,0.63,0.048,12.638633979300039,0.363,21.13868127656781,18.839391085389497,Low,1.3328489291021184,1.0176638959291953,0.5873015873015873
0.022,39.8,9.219597393238859,13.0,8.043984431221553,22.166624175127794,0.057,4.543294782270004,204.0,0.033,0.1,0.218,70.0,62.0,0.5,1,0.276,0.686,0.038,14.769123663824004,0.646,19.68480747392291,19.240460579850964,Lower-Middle,1.2634975779822843,1.0194176541714355,0.45772594752186585
0.019,41.0,9.444384297758681,26.0,9.654769750102489,23.436618790804065,0.019,2.0794415416798357,239.0,0.048,0.0,0.17,66.0,62.0,0.0,1,0.272,0.678,0.05,17.743976828855715,0.299,18.390221546776935,17.479072229734946,Lower-Middle,0.44529575702527724,0.8863996613035993,0.4749262536873156
0.026,37.55,7.90100705199242,31.0,9.13873695311649,23.057893830467073,0.055,3.1780538303479458,295.75,0.042,0.0,0.08,67.0,65.0,0.1,1,0.387,0.566,0.046,17.071683053895626,0.158,19.27083167759548,19.811962649070857,Lower-Middle,1.268184160675689,0.7792890858622951,0.7650176678445231
0.028,40.2,11.97600517914314,24.0,11.333068867665899,25.749680750826183,0.035,3.4657359027997265,295.75,0.078,0.1,0.118,66.0,65.0,0.4,1,0.37,0.588,0.042,18.914939878075693,0.354,20.631150549135096,21.457074999705323,High,0.9012388262789165,0.9710482693031183,0.7006802721088435
0.026,45.14999999999999,11.151525088024165,47.0,10.558803054787067,25.72962480060796,0.039,4.189654742026425,195.0,0.027,0.1,0.087,71.0,64.0,0.6,1,0.364,0.601,0.035,18.30274762328379,0.461,22.431643697416575,21.443541685381227,High,1.0034553672237105,0.9647646936423726,0.6638935108153079
0.01,37.55,9.790710714933168,5.0,9.990582259387061,25.916117624162073,0.035,7.195937226475569,189.75,0.002,0.7,0.053,83.0,78.0,1.3,1,0.184,0.731,0.085,15.33908574254957,1.0,22.92779698957537,23.31919196031849,High,0.9070641168456727,0.89082729957923,0.36798905608755134
0.019,45.14999999999999,9.430118265814091,40.0,9.133675287040697,24.19991646417848,0.037,4.0943445622221,256.0,0.011,0.0,0.171,77.0,70.0,0.4,1,0.252,0.675,0.073,16.813190982638968,0.184,20.435583765827964,20.379366085906838,Upper-Middle,0.8953969091746037,0.9305723736652249,0.48148148148148145
0.031,45.14999999999999,8.07837810362652,55.625,7.857093864902493,22.03685438104884,0.053,3.367295829986474,224.0,0.05,0.1,0.22649999999999998,70.0,63.0,0.3,1,0.37,0.594,0.036,15.7771570951661,0.265,16.61887099947687,15.702580358511794,Low,1.1679532821955885,0.9120799922464697,0.6835016835016835
0.012,37.55,12.476885733345112,33.0,11.560638859154688,26.232560526169365,0.036,4.897839799950911,264.0,0.014,0.2,0.071,76.0,70.0,0.8,1,0.212,0.707,0.082,18.006330196992227,0.401,23.74967279481681,22.652901413654174,High,0.9443721789420971,0.9933320966593564,0.4158415841584158
0.037,45.14999999999999,5.214935757608986,55.625,4.127134385045092,20.141123216219246,0.08,3.7376696182833684,295.75,0.059,0.0,0.15,66.0,63.0,0.1,1,0.477,0.494,0.029,13.830874919340541,0.276,17.073607134447293,15.424948670398354,Low,1.6112898572975396,1.0171248432301667,1.0242914979757085
0.022,41.0,10.887754639419377,26.0,10.015386645033537,23.262042196711143,0.021,4.736198448394496,239.0,0.055,0.0,0.12,69.0,61.0,0.1,1,0.311,0.645,0.044,15.39618617286272,0.476,20.350025877585416,19.93800336967164,Lower-Middle,0.488502886130934,0.9884132977146376,0.5503875968992248
0.023,45.14999999999999,11.669459017784995,15.0,10.793824376721568,23.828363323448023,0.054,3.8501476017100584,196.0,0.044,0.1,0.12,71.0,64.0,0.2,1,0.317,0.637,0.046,17.10644658258789,0.364,17.747336210296442,19.93800336967164,Upper-Middle,1.2867316194661933,0.9894550440159137,0.5698587127158555
0.017,39.9,11.640896427014102,39.0,10.731558905352594,25.07243897657152,0.071,4.07753744390572,295.75,0.022,0.2,0.112,80.0,70.0,0.5,1,0.254,0.68,0.066,18.248956053516903,0.285,22.045021677195397,20.92211669651125,Upper-Middle,1.7801431673365777,0.9922719155169457,0.47058823529411764
0.013,45.14999999999999,8.308199063206446,36.0,7.613818684808629,23.09360414001795,0.064,5.389071729816501,295.75,0.017,0.2,0.141,80.0,73.0,0.7,1,0.25,0.658,0.092,14.894219754289761,0.489,21.114632021351206,21.0091963771107,Lower-Middle,1.4779906649611487,0.9645198450553442,0.519756838905775
0.01,41.0,6.29156913955832,26.0,9.57073837671504,21.900508015731177,0.062,8.0106915391303,239.0,0.003,0.7,0.12,75.0,69.0,0.8,1,0.2995,0.6425000000000001,0.052,11.305815190968001,0.894,20.350025877585416,19.93800336967164,Low,1.357831496975333,0.5951872911183984,0.5470817120622568
0.009,45.14999999999999,11.1439176398724,25.0,10.416131522108902,26.65030396512647,0.103,8.441822884391462,189.75,0.004,0.7,0.12,83.0,77.0,1.2,1,0.155,0.678,0.167,15.931861128489851,0.658,23.771969995313928,23.274662228081215,High,2.744981308408026,0.9761553305767964,0.4749262536873156
0.011,45.14999999999999,11.006805419252556,48.0,10.241387341148526,24.53603656664414,0.064,5.720311776607412,295.75,0.006,0.2,0.086,76.0,65.0,0.7,1,0.15,0.705,0.145,16.07309838963009,0.733,19.987211157462873,20.400301951731205,Upper-Middle,1.5703063402652249,0.9791322979293405,0.41843971631205673
0.012,45.14999999999999,11.544579158772024,4.0,10.951157362466663,26.85366408830242,0.095,8.327726166461412,189.75,0.004,0.6,0.086,83.0,77.0,1.0,1,0.169,0.659,0.172,16.17878624706899,0.975,23.23862086090794,23.67895706101526,High,2.5510980883887298,0.9659800142058607,0.5174506828528073
0.008,42.8,10.235844188823654,55.625,8.576593534697684,23.44985092196692,0.086,5.834810737062605,295.75,0.007,0.3,0.072,78.0,73.0,0.6,1,0.184,0.676,0.14,15.168420302739907,0.392,20.50510982838702,19.39145966489847,Upper-Middle,2.016687179289155,1.0688397864791261,0.47928994082840237
0.01,37.55,10.874512651510335,32.0,9.909370215694283,24.46363789909861,0.068,5.929589143389895,295.75,0.012,0.3,0.1,76.0,69.0,1.3,1,0.133,0.689,0.177,15.83644057959224,0.713,22.153816289560016,21.48500580943882,Upper-Middle,1.6635273771387056,0.9968048050900499,0.44992743105950656
0.009,37.55,10.101928491209966,22.0,9.140561477368266,24.80620207599407,0.075,6.9167150203536085,196.0,0.005,0.4,0.093,79.0,72.0,1.2,1,0.157,0.67,0.173,15.305263852880683,0.568,22.985133096766052,20.747958450512392,Upper-Middle,1.860465155699555,0.9961902517681569,0.49253731343283574
0.012,41.0,9.011523512653032,26.0,7.798933310041217,23.80709211999025,0.061,7.433666540166168,239.0,0.004,0.4,0.067,81.0,77.0,0.9,1,0.19,0.7,0.11,13.876695963688487,0.68,21.857245269773564,21.16409808953537,Upper-Middle,1.4522326193194053,1.0241609062281685,0.4285714285714286
0.011,45.14999999999999,11.72762546966153,17.0,10.733043232875621,25.918878171311853,0.065,7.0431599159883405,295.75,0.004,0.5,0.058,80.0,74.0,1.3,1,0.143,0.712,0.145,16.147540757416355,0.735,22.774179295140325,22.032679154000324,High,1.6847270811352706,0.9995382474003922,0.4044943820224719
0.012,37.55,10.824845424743302,6.0,9.891617379965641,26.464400467034267,0.1,8.650149418664864,189.75,0.004,0.9,0.12,81.0,76.0,1.2,1,0.185,0.659,0.156,15.51322286611062,0.863,22.511351900975438,22.90142085167553,High,2.646440046703427,0.9938694178382393,0.5174506828528073
0.012,45.14999999999999,9.844055968766702,7.0,8.63497622707262,23.814020704228543,0.051,6.728628613084702,189.75,0.005,0.7,0.065,79.0,67.0,1.3,1,0.151,0.678,0.172,14.108688251787884,0.685,21.071101832924153,20.50510982838702,Upper-Middle,1.2145150559156557,1.0217000786267227,0.47640117994100284
0.014,41.0,6.652863029353347,26.0,9.57073837671504,21.546664610400608,0.061,5.267858159063328,239.0,0.02,0.8,0.12,83.0,78.0,1.1,1,0.2995,0.6425000000000001,0.052,10.810838442840808,0.403,20.350025877585416,19.93800336967164,Low,1.314346541234437,0.6293659716343097,0.5470817120622568
0.011,45.14999999999999,11.06637270205724,14.0,10.513361813902252,26.229115635390887,0.08,8.230044310126114,269.0,0.003,0.8,0.12,83.0,76.0,1.1,1,0.17,0.668,0.163,15.481086997664109,0.832,22.178853024795515,22.294378635266657,High,2.098329250831271,0.961176490492527,0.49850299401197606
0.013,45.14999999999999,12.83703320373577,7.0,12.481971821505653,28.579737029027253,0.109,8.392536586816682,189.75,0.004,0.7,0.12,85.0,78.0,0.9,1,0.184,0.651,0.165,17.97459007515456,0.776,24.87746609800413,24.552537469599315,High,3.1151913361639707,0.9521628863857203,0.5360983102918586
0.008,45.14999999999999,13.572185982770927,18.0,12.709027374915594,28.832132736994755,0.105,8.350429973538136,196.0,0.004,0.8,0.12,82.0,77.0,1.2,1,0.139,0.662,0.198,18.22547299162897,0.737,24.621838794670424,25.293316488449847,High,3.027373937384449,0.9900181545778327,0.5090634441087614
0.01,45.14999999999999,11.49523999491418,38.0,10.316193052299786,26.444992944424985,0.098,7.894690850425624,264.0,0.004,0.4,0.12,82.0,77.0,1.1,1,0.144,0.668,0.188,16.228115564741795,0.752,23.47609818088426,21.955826098415805,High,2.5916093085536485,1.0158221887685104,0.497005988023952
0.01,45.14999999999999,10.930603839499168,16.0,10.193541809132965,25.63667059489918,0.077,6.946013991099227,295.75,0.007,0.5,0.091,77.0,69.0,1.1,1,0.151,0.689,0.161,16.123658250972117,0.674,22.451019976376237,21.850789469432776,High,1.9740236358072367,0.9765098505801567,0.4528301886792453
0.015,37.55,7.745435610274381,5.0,8.484049972822984,23.74018373616038,0.093,8.729558869558568,189.75,0.002,0.9,0.193,83.0,80.0,1.1,1,0.215,0.666,0.118,12.64936968236398,0.933,20.55839119493542,21.012945912809368,Upper-Middle,2.207837087462915,0.8166801769781171,0.4999999999999999
0.016,37.55,10.705130329249373,13.0,9.623839785112668,26.28230893949551,0.079,8.46252579007393,189.75,0.004,0.6,0.12,82.0,77.0,1.2,1,0.208,0.681,0.111,15.29687484275657,0.61,22.949293807326256,22.896311558699303,High,2.0763024062201456,1.0076517102837543,0.4684287812041116
0.011,41.0,9.051344640485725,26.0,9.57073837671504,22.128299708002448,0.061,5.267858159063328,239.0,0.02,0.1,0.12,75.0,69.0,0.5,1,0.2995,0.6425000000000001,0.052,11.312191434169105,0.519,20.350025877585416,19.93800336967164,Low,1.3498262821881493,0.8562641811686308,0.5470817120622568
0.01,45.14999999999999,13.04478446542532,13.0,12.098487434850236,28.38581919254344,0.085,8.025843344150903,295.75,0.004,0.4,0.063,84.0,79.0,1.5,1,0.141,0.66,0.199,17.883482242991747,0.68,24.555032778630565,24.212290929004617,High,2.4127946313661925,0.995900063294176,0.515151515151515
0.019,41.0,9.051344640485725,26.0,7.6236419465115715,22.28002796084079,0.061,5.267858159063328,239.0,0.02,0.1,0.141,71.0,67.0,0.5,1,0.2995,0.6425000000000001,0.052,14.365598240182663,0.56,20.350025877585416,19.93800336967164,Lower-Middle,1.3590817056112883,1.049596527386804,0.5470817120622568
0.011,37.55,8.978282203272398,16.0,8.475746001502063,24.082449091662685,0.07,6.784457062637643,279.0,0.01,0.6,0.109,77.0,66.0,1.0,1,0.142,0.68,0.178,14.604116089168885,0.679,20.596568185035526,20.74404837710837,Upper-Middle,1.685771436416388,0.9475013578718964,0.47058823529411753
0.01,41.0,9.051344640485725,26.0,9.57073837671504,22.249832211202815,0.061,5.267858159063328,239.0,0.02,0.7,0.12,84.0,79.0,0.9,1,0.2995,0.6425000000000001,0.052,10.471893167932329,0.146,20.350025877585416,19.93800336967164,Lower-Middle,1.3572397648833716,0.8562641811686308,0.5470817120622568
0.01,45.14999999999999,9.624963417869113,26.0,9.154933364704444,24.395151356956,0.062,6.587550014824796,189.75,0.007,0.5,0.069,77.0,65.0,1.5,1,0.159,0.688,0.154,14.988393543640937,0.668,20.898898406428497,20.87855872220861,Upper-Middle,1.512499384131272,0.9478115780968736,0.4549418604651163
0.011,37.55,9.293761980115255,26.0,8.345217926676428,24.66135927123269,0.068,8.899321434159964,189.75,0.002,0.8,0.12,82.0,77.0,1.4,1,0.182,0.675,0.143,13.081528882805948,0.874,22.117528367963494,21.969148044637244,Upper-Middle,1.6769724304438232,0.994493874089946,0.4814814814814814
0.011,37.55,9.339612707680322,15.0,8.021584533455107,22.822488635718596,0.07,5.60947179518496,192.0,0.011,0.4,0.102,77.0,72.0,0.9,1,0.187,0.699,0.114,14.555837559167179,0.572,19.204582292346984,18.80594315154573,Lower-Middle,1.5975742045003019,1.0352519197759396,0.43061516452074394
0.009,41.0,7.9105906122564775,26.0,6.778784897685177,22.740011785053976,0.085,7.365812837209472,239.0,0.006,0.5,0.062,82.0,78.0,0.9,1,0.164,0.698,0.138,12.91589256037737,0.941,20.893008612377386,19.464484799646605,Lower-Middle,1.9329010017295882,1.0169442549581906,0.4326647564469915
0.012,42.5,8.452547997922705,23.0,8.114623886420098,22.205437472042327,0.109,4.90527477843843,234.0,0.017,0.2,0.188,72.0,64.0,0.5,1,0.177,0.71,0.113,15.090010136746262,0.451,19.249232565885325,19.48539148439307,Lower-Middle,2.420392684452614,0.9273611399935195,0.4084507042253521
0.02,41.0,9.051344640485725,26.0,9.57073837671504,22.51074477392097,0.034,8.643297068211963,239.0,0.004,0.6,0.12,75.0,69.0,0.6,1,0.2995,0.6425000000000001,0.052,10.463503260492878,1.0,20.350025877585416,19.93800336967164,Lower-Middle,0.765365322313313,0.8562641811686308,0.5470817120622568
0.013,37.55,7.720017940432244,24.0,6.99117688712121,22.024378658538858,0.07,6.028278520230698,295.75,0.008,0.3,0.092,76.0,72.0,1.5,1,0.199,0.673,0.128,13.33392167811212,0.626,20.307750394499898,17.87595358575207,Low,1.5417065060977202,0.9660677081086801,0.48588410104011887
0.011,41.8,12.05389418626344,8.0,11.2816363282696,27.3858457346756,0.108,8.546946149565585,189.75,0.004,0.9,0.046,82.0,78.0,1.2,1,0.181,0.674,0.144,16.611675232976488,0.845,23.715090485719582,23.692500119245516,High,2.9576713393449645,0.9814566938867951,0.48219584569732926
0.012,41.1,10.71641577141513,7.0,10.223685216664588,26.698294516750572,0.095,8.984568369308281,189.75,0.003,0.9,0.066,83.0,78.0,1.1,1,0.193,0.66,0.147,15.36501883202499,0.782,22.395115009689807,23.30771611714611,High,2.5363379790913045,0.9548036642638302,0.515151515151515
0.01,43.4,12.662351266282366,31.0,11.480660504382953,26.776111195539105,0.063,6.561030665896573,295.75,0.006,0.5,0.12,80.0,71.0,1.1,1,0.156,0.71,0.133,17.45626435332614,0.612,23.18165738116423,22.84456883284104,High,1.6868950053189635,1.0145577841682023,0.40704225352112683
0.01,42.9,11.016430005512392,6.0,10.138678244761005,26.168889366072094,0.1,7.689828668736484,295.75,0.003,0.4,0.12,82.0,75.0,1.3,1,0.154,0.671,0.175,16.17096937081536,0.587,23.281810110273707,22.30512698181587,High,2.6168889366072094,0.9890248881813144,0.4903129657228017
0.01,45.14999999999999,11.522489582638823,9.0,10.590566357694467,25.862686874361184,0.052,6.028278520230698,202.0,0.015,0.3,0.133,76.0,69.0,0.9,1,0.15,0.701,0.149,16.8544451747593,0.534,21.452262670882448,21.268492888009444,High,1.3448597174667816,0.9941265359297606,0.42653352353780316
0.011,45.14999999999999,14.32689542532441,29.0,13.418894184075436,27.893158622139868,0.054,6.1903154058531475,295.75,0.012,0.2,0.1,74.0,61.0,1.2,1,0.147,0.716,0.137,18.772146471451986,0.736,23.24313736185074,23.86948494381735,High,1.5062305655955528,0.9936195690476298,0.3966480446927375
0.009,41.0,9.051344640485725,26.0,9.57073837671504,21.24660522632573,0.05,8.261784679514752,239.0,0.003,0.5,0.076,85.0,80.0,0.6,1,0.2995,0.6425000000000001,0.052,10.321473941197965,0.94,20.350025877585416,19.93800336967164,Low,1.0623302613162866,0.8562641811686308,0.5470817120622568
0.009,37.55,10.863833446606455,23.0,9.717338680907787,24.385598357369417,0.104,6.306275286948016,279.0,0.007,0.3,0.111,76.0,71.0,1.0,1,0.176,0.686,0.139,15.814498265803124,0.551,20.739139187086952,20.907252673891374,Upper-Middle,2.5361022291664193,1.0136689499194085,0.4591836734693877
0.01,45.14999999999999,10.50783084142058,27.0,9.789814808047552,25.155374183394834,0.078,6.983789965258135,295.75,0.008,0.6,0.08,78.0,71.0,1.1,1,0.159,0.722,0.119,15.497198989983225,0.553,21.57853186740796,21.32484582452881,Upper-Middle,1.962119186304797,0.9738657269245571,0.38504155124653744
0.01,38.4,9.69356866855007,55.625,8.898638793680181,24.580825051396463,0.079,7.523481312573497,260.0,0.003,0.6,0.059,82.0,75.0,1.0,1,0.14,0.7,0.16,14.517678429475295,0.503,21.625457644846744,20.95437755870345,Upper-Middle,1.9418851790603207,0.979282997450009,0.42857142857142866
0.011,45.14999999999999,12.788952848967511,47.0,11.876435992980717,27.996655072141955,0.085,7.920446505142607,295.75,0.004,0.6,0.12,84.0,78.0,1.1,1,0.146,0.686,0.168,17.62720047789175,0.777,24.89796075183755,23.916003004245976,High,2.3797156811320663,0.9932059504616887,0.45772594752186585
0.012,45.14999999999999,10.780226316398169,16.0,10.820997540815013,26.85994018523379,0.089,8.417814747435958,189.75,0.003,0.8,0.12,83.0,79.0,1.1,1,0.169,0.656,0.175,16.02905600022967,0.846,23.229526198140842,23.38603969324874,High,2.390534676485807,0.9119557194032639,0.5243902439024389
0.01,37.55,10.54586761604242,18.0,10.156616999340594,26.83368978023179,0.102,8.720460512725655,189.75,0.004,0.8,0.032,84.0,79.0,1.1,1,0.157,0.681,0.162,15.837206189732724,0.736,23.412540882790218,23.232702484559002,High,2.7370363575836425,0.9452567580894574,0.4684287812041116
0.019,44.3,12.559047251655613,6.0,11.5129854631703,27.195851873886085,0.06,6.326149473155099,223.0,0.023,0.3,0.12,77.0,70.0,0.9,1,0.278,0.655,0.068,18.05678715100367,0.69,23.79882541040612,22.17112555395953,High,1.631751112433165,1.003681118996013,0.5282442748091604
0.01,45.14999999999999,12.6995364208743,27.0,11.830244006550316,25.684143568408196,0.064,5.272999558563747,295.75,0.012,0.1,0.139,74.0,63.0,1.2,1,0.141,0.698,0.161,17.65516394711453,0.681,22.394739140487935,22.115045128545503,High,1.6437851883781245,0.9898125409299086,0.4326647564469914
0.013,37.55,13.17856789198256,13.0,12.259584976034935,28.68082219726332,0.085,8.282483003730562,189.75,0.005,0.8,0.055,82.0,77.0,1.2,1,0.177,0.662,0.161,17.931656793808987,0.805,24.598479619261308,25.186261673054368,High,2.4378698867673827,0.9938899230859184,0.5105740181268882
0.018,37.55,10.016771593989466,9.0,9.100860271357362,23.80198679439852,0.036,6.47543271670409,189.75,0.009,0.3,0.083,77.0,75.0,1.1,1,0.233,0.746,0.021,13.847352189460432,0.884,21.340611304629448,20.32427969642627,Upper-Middle,0.8568715245983466,0.9916750974561698,0.34048257372654156
0.019,44.2,13.198937306585254,28.0,12.158042442517097,26.37946019133335,0.051,5.3981627015177525,295.75,0.019,0.1,0.12,74.0,70.0,0.4,1,0.242,0.707,0.051,18.08952343803057,0.689,21.391095210034887,22.71592324867769,High,1.3453524697580008,1.003107974780201,0.4144271570014144
0.034,37.55,11.048267522049246,32.0,10.073103736832529,25.210077260251616,0.037,4.564348191467836,295.75,0.032,0.0,0.195,72.0,66.0,0.5,1,0.417,0.548,0.034,17.173822393836904,0.689,20.13447867351251,20.373708362194982,Upper-Middle,0.9327728586293097,0.9977570683546773,0.8229927007299269
0.021,37.55,11.103828770628015,20.0,9.937937287265354,25.887868572511373,0.075,7.456454555176209,230.0,0.004,0.5,0.069,82.0,88.0,1.3,1,0.275,0.623,0.102,15.786824007777838,0.916,22.20600609656157,22.26421075314939,High,1.9415901429383529,1.0151666149664071,0.6051364365971108
0.03,37.55,9.977713374888099,13.0,8.883224230278994,23.562964575939144,0.083,5.53338948872752,189.75,0.019,0.2,0.087,75.0,71.0,0.8,1,0.368,0.6,0.033,15.549111289666017,0.817,21.73632023761598,20.74698236454029,Upper-Middle,1.9557260598029491,1.0095605586200929,0.6683333333333334
0.021,37.55,11.228398410211748,35.0,10.18074042949737,25.465776174156755,0.021,6.86171134048073,189.75,0.01,0.3,0.085,75.0,73.0,0.6,1,0.254,0.718,0.028,14.75353186137675,0.982,20.088387566397234,22.70660938871852,High,0.5347812996572919,1.0042625066751971,0.392757660167131
0.013,37.55,9.61400385813772,46.0,8.344505083590521,23.92508153911566,0.08,6.175867270105761,189.75,0.011,0.2,0.103,80.0,76.0,0.3,1,0.266,0.655,0.078,15.236161417255992,0.868,22.48043386157738,22.08782570617579,Upper-Middle,1.9140065231292527,1.0288403475771504,0.5251908396946565
0.022,37.55,10.705220043509515,35.0,9.774744676643403,24.45857960357965,0.025,6.0014148779611505,189.75,0.01,0.2,0.073,77.0,73.0,1.0,1,0.327,0.649,0.024,14.75931528443847,0.735,20.623445502769172,20.67407559380606,Upper-Middle,0.6114644900894913,0.9935474449538839,0.5408320493066257
0.013,37.55,11.116068202827096,7.0,10.034121000171332,25.101687050092245,0.023,7.3783837129967145,189.75,0.008,0.4,0.074,79.0,77.0,1.1,1,0.183,0.805,0.012,13.957409346092282,0.98,20.350025877585416,19.93800336967164,Upper-Middle,0.5773388021521216,1.007426708720567,0.24223602484472048
0.022,37.55,12.882927829313141,20.0,11.878332175832407,26.75373236690333,0.037,6.340359303727752,189.75,0.016,0.3,0.12,76.0,73.0,1.1,1,0.328,0.642,0.03,17.070356626621706,0.814,22.655801227198026,23.769263376695502,High,0.9898880975754231,1.0003568516029862,0.557632398753894
0.026,43.3,10.958322093858342,43.0,10.034691238151472,24.42221952532628,0.038,4.382026634673881,295.75,0.015,0.1,0.102,77.0,73.0,0.3,1,0.373,0.592,0.035,16.789072782088443,0.545,21.812500964138398,20.380775529408087,Upper-Middle,0.9280443419623986,0.9930791770567091,0.6891891891891893
0.016,37.55,11.845145817989184,18.0,10.858537352560367,26.275900333342555,0.025,7.077498053569231,189.75,0.008,0.6,0.12,77.0,75.0,1.3,1,0.162,0.833,0.005,15.572911129570622,0.83,22.52695387720443,23.14567632309751,High,0.656897508333564,0.9988707262815771,0.20048019207683077
0.034,45.14999999999999,9.985666438493771,55.625,8.855805992536562,23.967172736729903,0.049,4.060443010546419,248.0,0.052,0.1,0.18,63.0,61.0,0.2,1,0.442,0.532,0.026,16.86867001756906,0.3,19.867599729241633,19.324898898640836,Upper-Middle,1.1743914640997652,1.0131760351264572,0.8796992481203008
0.02,41.0,9.051344640485725,26.0,9.57073837671504,23.436618790804065,0.061,5.267858159063328,239.0,0.02,0.1,0.12,75.0,69.0,0.5,1,0.2995,0.6425000000000001,0.052,10.966818027059597,0.879,20.350025877585416,19.93800336967164,Lower-Middle,1.429633746239048,0.8562641811686308,0.5470817120622568
0.014,45.14999999999999,12.84062626527216,3.0,11.683983829485472,27.473027122731175,0.086,8.283241441385425,189.75,0.005,0.7,0.082,84.0,79.0,1.0,1,0.193,0.676,0.131,16.851789636177262,0.883,23.966795249292293,23.74022129700088,High,2.3626803325548806,1.0123496243682173,0.47928994082840237
0.023,41.5,7.093404625868766,46.0,6.263398262591624,21.948525640754596,0.037,5.030437921392435,189.75,0.02,0.1,0.09,72.0,66.0,0.6,1,0.296,0.66,0.044,13.63565755179057,0.507,20.40168221419826,18.683045016112164,Low,0.81209544870792,0.9765958535416723,0.515151515151515
0.018,41.0,6.738152494595957,26.0,9.57073837671504,23.436618790804065,0.061,5.267858159063328,239.0,0.02,0.3,0.12,77.0,73.0,0.7,1,0.26,0.683,0.057,12.469828249328351,0.568,20.101508654335337,18.845948485892656,Lower-Middle,1.429633746239048,0.6374344208005935,0.46412884333821375
0.019,41.0,9.051344640485725,26.0,9.57073837671504,23.436618790804065,0.061,5.267858159063328,239.0,0.02,0.5,0.12,80.0,75.0,0.5,1,0.288,0.645,0.067,11.972449373260579,0.938,20.350025877585416,19.93800336967164,Lower-Middle,1.429633746239048,0.8562641811686308,0.5503875968992248
0.024,37.55,3.9512437185814275,31.0,2.4849066497880004,18.627736302724042,0.118,5.081404364984463,189.75,0.05,0.1,0.12,70.0,64.0,0.0,1,0.357,0.606,0.037,11.444668037263904,0.436,15.201805169084134,16.02378508137718,Low,2.1980728837214367,1.1338162297178882,0.6501650165016502
0.035,45.14999999999999,4.605170185988092,17.0,3.4965075614664802,18.824404456711385,0.118,6.376726947898627,189.75,0.032,0.0,0.12,75.0,69.0,0.5,1,0.2995,0.6425000000000001,0.052,10.86189863570049,0.705,15.319588176962746,19.93800336967164,Low,2.2212797258919434,1.0241660050686479,0.5470817120622568
0.025,45.14999999999999,4.605170185988092,16.0,9.57073837671504,19.36026149353309,0.118,5.680172609017068,189.75,0.035,0.1,0.14,69.0,67.0,0.3,1,0.382,0.579,0.039,11.56264852718826,0.223,17.034386422832473,15.76142084987672,Low,2.2845108562369045,0.4356526499730848,0.7271157167530224
0.017,41.0,7.988203597022576,26.0,9.57073837671504,23.436618790804065,0.061,5.267858159063328,239.0,0.02,0.4,0.12,80.0,72.0,0.7,1,0.255,0.665,0.08,12.398348658581329,0.653,18.77133762260779,18.819456870621142,Lower-Middle,1.429633746239048,0.755690218823199,0.5037593984962406
0.015,37.55,10.423738616949274,12.0,9.748236267264836,25.63072256346311,0.085,7.899153483343097,189.75,0.005,0.7,0.086,82.0,78.0,1.0,1,0.211,0.666,0.123,15.257310815491211,0.861,22.41206930494599,21.847220933611307,High,2.1786114178943645,0.9698092187176921,0.5015015015015014
0.032,41.5,8.497806477616047,51.0,9.57073837671504,22.568454365441628,0.042,3.7376696182833684,207.0,0.054,0.0,0.098,63.0,59.0,0.0,1,0.397,0.576,0.027,15.671437229399558,0.131,15.319588176962746,18.20995972498239,Lower-Middle,0.9478750833485484,0.8038990442081893,0.7361111111111113
0.029,37.55,5.087596335232384,35.0,4.07753744390572,20.01178529463085,0.059,5.10594547390058,224.0,0.016,0.0,0.127,75.0,68.0,0.5,1,0.39,0.56,0.049,12.113085265935489,0.208,18.440483381052466,16.801192546169812,Low,1.18069533238322,1.001981057045426,0.7839285714285713
0.034,37.55,5.293304824724492,55.625,4.174387269895637,20.062022572716607,0.056,4.219507705176107,189.75,0.029,0.0,0.141,68.0,65.0,0.0,1,0.411,0.558,0.031,13.10653679515445,0.187,17.44781968704484,17.387856223912145,Low,1.12347326407213,1.0229819587568778,0.7921146953405016
0.028,37.55,5.043425116919247,32.0,4.07753744390572,19.52283351769994,0.069,5.327876168789581,189.75,0.013,0.1,0.122,75.0,69.0,0.5,1,0.379,0.561,0.06,11.535567195451053,0.232,16.536806051605975,16.770420889081343,Low,1.3470755127212959,0.99328171828109,0.7825311942959001
0.028,37.55,4.564348191467836,47.0,3.58351893845611,20.081620836855798,0.037,4.48863636973214,189.75,0.017,0.1,0.082,72.0,68.0,0.1,1,0.391,0.573,0.036,12.301391916202267,0.237,18.77133762260779,16.380459992348886,Low,0.7430199709636645,0.9958174609408876,0.7452006980802792
0.018,45.14999999999999,6.09807428216624,21.0,4.990432586778736,20.977333655500274,0.046,6.54965074223381,189.75,0.01,0.3,0.104,77.0,72.0,1.3,1,0.276,0.651,0.073,11.343298983620814,0.28,19.638556456405873,17.76675429577647,Low,0.9649573481530126,1.0179689352693955,0.5360983102918587
0.017,45.14999999999999,12.103026117204077,30.0,11.207405234388567,26.521635442397265,0.082,6.3080984415095305,295.75,0.014,0.3,0.111,79.0,71.0,1.0,1,0.257,0.639,0.104,17.487532672161763,0.904,22.329498618632204,22.345225030131694,High,2.1747741062765757,0.9914495246794585,0.5649452269170578
0.012,41.0,7.765993079407675,26.0,9.57073837671504,21.687861380177758,0.061,5.267858159063328,239.0,0.02,0.3,0.11,77.0,72.0,1.1,1,0.212,0.696,0.092,11.52505164476807,0.441,20.916362467732725,19.413932520666354,Low,1.3229595441908433,0.7346689325425376,0.4367816091954023
0.015,44.9,7.344719054149673,31.0,6.565264970035361,22.84180741154123,0.071,7.451241684987676,189.75,0.012,0.3,0.055,77.0,71.0,1.1,1,0.242,0.693,0.065,12.742712204189145,0.824,21.5108136933828,20.103369119984794,Lower-Middle,1.6217683262194271,0.9708475622784885,0.443001443001443
0.013,41.0,7.2633296174768365,26.0,5.996452088619021,22.230283352002612,0.075,6.834108738813838,239.0,0.014,0.6,0.108,77.0,72.0,0.9,1,0.2,0.694,0.106,12.529162884143842,0.326,20.925390021853538,19.48539148439307,Lower-Middle,1.667271251400196,1.0381446946934632,0.4409221902017291
0.026,37.55,6.054439346269371,44.0,5.187385805840755,20.978295577897835,0.048,5.375278407684165,189.75,0.017,0.1,0.143,76.0,70.0,0.4,1,0.37,0.59,0.04,12.564435663869256,0.458,19.481937249536912,17.6441519761925,Low,1.006958187739096,0.9785133069533363,0.6949152542372882
0.013,41.0,6.249975242259483,26.0,9.57073837671504,22.497378513565867,0.061,5.267858159063328,239.0,0.02,0.7,0.12,82.0,76.0,1.1,1,0.2995,0.6425000000000001,0.052,11.080433396801446,1.0,20.159390993848074,19.931402685654813,Lower-Middle,1.372340089327518,0.5912524763669086,0.5470817120622568
0.028,45.14999999999999,9.4539138048019,50.0,8.589141690728821,23.297417580578326,0.047,4.174387269895637,295.75,0.04,0.1,0.129,68.0,63.0,0.3,1,0.374,0.58,0.045,16.08520637985718,0.651,19.602407942398468,19.76875389484946,Lower-Middle,1.0949786262871812,0.9858978112652496,0.7224137931034483
0.017,45.14999999999999,12.802747471221894,55.625,12.36930057362903,27.94351091238903,0.085,6.413458957167357,295.75,0.018,0.3,0.22649999999999998,76.0,69.0,0.6,1,0.268,0.668,0.064,19.06251871947187,0.834,22.38794922379574,23.06833554164245,High,2.3751984275530678,0.9576228315545046,0.49700598802395207
0.011,44.3,13.237124964188922,3.0,12.512560525088517,28.00799952872031,0.1,8.373553741214627,189.75,0.005,0.7,0.061,83.0,78.0,0.6,1,0.171,0.695,0.134,17.30861624871539,0.804,23.61146857761341,24.160441501305957,High,2.800799952872031,0.9796163310137853,0.43884892086330946
0.014,41.0,6.418364935936212,26.0,9.57073837671504,23.436618790804065,0.061,5.267858159063328,239.0,0.02,0.5,0.12,75.0,69.0,2.0,1,0.2995,0.6425000000000001,0.052,10.848812677328631,1.0,19.991377830149037,18.6983124881264,Lower-Middle,1.429633746239048,0.6071822712095899,0.5470817120622568
0.015,37.55,11.17261587511776,27.0,10.327643559087782,25.876593702641873,0.064,6.501289670540389,295.75,0.008,0.4,0.087,82.0,76.0,0.8,1,0.237,0.678,0.085,16.629054845803296,0.879,21.523472090249,21.4371955571786,High,1.65610199696908,0.9863142159124835,0.4749262536873156
0.021,45.14999999999999,11.05784985630873,42.0,10.237098556876308,26.05849428170472,0.063,5.676753802268282,268.0,0.017,0.2,0.154,77.0,69.0,0.8,1,0.3,0.648,0.052,17.610963589179406,0.742,21.539515215082428,21.461864280888058,High,1.6416851397473975,0.98404848905967,0.5432098765432098
0.017,45.14999999999999,9.056489647157923,55.625,8.413830678421084,23.993670913466058,0.084,6.26530121273771,295.75,0.009,0.3,0.128,81.0,76.0,0.3,1,0.266,0.673,0.061,15.31138260496639,0.682,21.52122338230895,20.436916211059966,Upper-Middle,2.015468356731149,0.962040847825925,0.48588410104011887
0.011,41.0,10.193803652888551,26.0,9.224046019032295,24.794060258725317,0.104,6.376726947898627,239.0,0.005,0.1,0.12,80.0,76.0,0.0,1,0.186,0.699,0.115,16.240461502786072,0.763,21.604965124465025,19.93800336967164,Upper-Middle,2.578582266907433,0.9970420354048244,0.43061516452074394
0.013,41.0,9.051344640485725,26.0,9.57073837671504,23.436618790804065,0.061,5.267858159063328,239.0,0.02,0.1,0.12,79.0,72.0,0.5,1,0.203,0.671,0.126,11.870788702608266,0.903,19.611568311769158,19.222682333908697,Lower-Middle,1.429633746239048,0.8562641811686308,0.4903129657228018
0.02,37.55,5.017279836814924,14.0,3.784189633918261,19.837971208852352,0.051,5.700443573390687,189.75,0.012,0.4,0.092,75.0,69.0,1.3,1,0.2995,0.6425000000000001,0.052,11.167557780910645,0.672,18.119575664681957,16.213405921671733,Low,1.01173653165147,1.0487209372396389,0.5470817120622568
0.023,39.5,9.972593750934676,22.0,8.862058677395472,24.4446287808956,0.05,5.3612921657094255,286.0,0.028,0.2,0.158,75.0,69.0,0.6,1,0.323,0.619,0.058,16.078836601070194,0.7,22.125433547468656,20.09027258108945,Upper-Middle,1.22223143904478,1.0112081135546838,0.6155088852988692
0.023,37.55,10.333970423619581,55.625,9.335474102732949,24.65524394826097,0.067,5.488937726156687,295.75,0.023,0.1,0.12,78.0,72.0,0.7,1,0.32,0.622,0.058,16.473557719661162,0.621,20.254860930661817,20.412656261215183,Upper-Middle,1.6519013445334851,0.9998545128072093,0.6077170418006431
0.021,37.55,8.839131752546109,22.0,8.40737832540903,23.724229403445925,0.063,5.337538079701318,295.75,0.018,0.1,0.12,76.0,66.0,1.0,1,0.343,0.592,0.065,15.627555054454803,0.627,20.491333780860156,19.709913394983946,Upper-Middle,1.4946264524170934,0.9395956500093011,0.6891891891891893
0.015,41.0,6.424869023905388,26.0,9.57073837671504,21.475511698726226,0.061,5.267858159063328,239.0,0.02,0.6,0.12,72.0,68.0,1.2,1,0.2995,0.6425000000000001,0.052,10.942986576711732,0.835,20.350025877585416,19.93800336967164,Low,1.3100062136222999,0.6077975629458326,0.5470817120622568
0.019,45.14999999999999,5.476463551931511,20.0,4.406719247264253,20.447365916208994,0.061,6.1070228877422545,189.75,0.012,0.2,0.098,74.0,69.0,0.5,1,0.287,0.638,0.075,11.548167118308434,0.358,18.675322970077882,16.588099342704055,Low,1.2472893208887486,1.0128995609865534,0.567398119122257
0.034,37.55,9.444384297758681,34.0,9.05122740031911,24.25294750184811,0.072,5.220355825078324,295.75,0.031,0.1,0.128,74.0,67.0,0.9,1,0.426,0.531,0.043,16.40462195576792,0.48,20.77680660482231,20.418098451510463,Upper-Middle,1.7462122201330637,0.9396249752999158,0.8832391713747645
0.022,39.0,7.356918242356021,37.0,6.2166061010848646,21.277343335688556,0.039,4.499809670330265,288.0,0.034,0.1,0.146,68.0,62.0,0.7,1,0.372,0.592,0.035,13.554675523628129,0.282,17.72753358339242,17.87595358575207,Low,0.8298163900918537,1.019442954112469,0.6875000000000001
0.028,40.4,7.779885115070522,55.625,7.828038032125829,22.49572790170174,0.054,3.5553480614894135,189.75,0.063,0.1,0.22649999999999998,62.0,59.0,0.3,1,0.373,0.584,0.043,16.068244999671148,0.474,19.06253463538792,19.617628936362486,Lower-Middle,1.214769306691894,0.8812700043609909,0.7123287671232876
0.028,44.0,9.080231686629162,21.0,8.453827315794417,23.230870532147915,0.079,4.919980925828125,295.75,0.024,0.1,0.166,74.0,70.0,0.6,1,0.386,0.572,0.042,15.786592229304645,0.498,20.11995936221441,19.548851838098265,Lower-Middle,1.8352387720396852,0.9604820760221532,0.7482517482517483
0.016,45.14999999999999,9.509036565691064,8.0,8.343077871169383,23.27427658062941,0.049,5.442417710521793,295.75,0.017,0.2,0.172,75.0,69.0,1.0,1,0.304,0.618,0.077,14.794769328413585,0.532,21.48500580943882,19.644456178515657,Lower-Middle,1.1404395524508413,1.0177627433710887,0.6165048543689321
0.021,45.14999999999999,13.029910312158272,25.0,12.082276567716663,27.673500878058693,0.058,6.338594078203183,295.75,0.016,0.2,0.076,78.0,74.0,0.6,1,0.314,0.63,0.056,18.547576091655447,0.769,23.366244041376056,23.01761712511418,High,1.6050630509274042,0.9959971603346457,0.5873015873015873
0.025,45.14999999999999,8.432941638968646,39.0,7.962763930168115,22.732575555029516,0.069,4.532599493153256,240.0,0.024,0.0,0.13,76.0,70.0,0.4,1,0.364,0.592,0.043,15.53747933753308,0.564,19.35677410704427,19.44672234336987,Lower-Middle,1.5685477132970367,0.9408862829226016,0.6875
0.021,44.7,8.871505346165781,18.0,8.014666370464942,23.77357625390668,0.067,5.948034989180646,295.75,0.018,0.2,0.083,79.0,74.0,0.9,1,0.302,0.635,0.063,15.065708811817494,0.643,21.314380292494914,19.940193951046663,Upper-Middle,1.5928296090117475,0.9841190989864911,0.5748031496062992
0.025,37.55,8.327726166461412,35.0,8.349011198176003,23.34756548700083,0.06,4.912654885736052,295.75,0.023,0.1,0.22649999999999998,74.0,70.0,0.8,1,0.349,0.602,0.049,15.627936007182491,0.578,18.61130111182548,19.030446321008043,Lower-Middle,1.4008539292200497,0.890760101783401,0.6611295681063123
0.021,38.3,10.67380408586716,55.625,9.57045937831747,25.34992928487085,0.051,5.262690188904886,295.75,0.019,0.3,0.22649999999999998,76.0,70.0,0.5,1,0.312,0.632,0.056,17.159375781282012,0.758,21.41990690725887,20.940793650279492,High,1.2928463935284134,1.009776747050528,0.5822784810126582
0.012,45.14999999999999,9.051344640485725,7.0,9.57073837671504,25.21777405290115,0.061,5.267858159063328,189.75,0.02,0.3,0.12,83.0,74.0,0.7,1,0.215,0.66,0.125,15.146026846252726,0.94,21.951150461611572,21.278873604058017,Upper-Middle,1.53828421722697,0.8562641811686308,0.515151515151515
0.02,41.0,9.051344640485725,26.0,9.57073837671504,23.436618790804065,0.061,5.267858159063328,239.0,0.02,0.1,0.12,77.0,72.0,0.5,1,0.2995,0.6425000000000001,0.052,10.583169482142504,1.0,20.315297600123888,18.234351177809064,Lower-Middle,1.429633746239048,0.8562641811686308,0.5470817120622568
0.02,45.14999999999999,5.521460917862246,19.0,4.430816798843313,20.343576748964818,0.041,6.313548046277095,189.75,0.01,0.5,0.093,75.0,69.0,1.3,1,0.2995,0.6425000000000001,0.052,10.829312687193204,0.319,18.643824303266577,16.300417291085605,Low,0.8340866467075576,1.0166906972516987,0.5470817120622568
0.017,37.55,5.955837369464831,20.0,4.859812404361672,20.859155540568256,0.068,6.115892125483034,189.75,0.014,0.3,0.101,76.0,71.0,0.9,1,0.27,0.653,0.077,12.044435679929052,0.211,19.525937578650403,17.553180200057167,Low,1.4184225767586416,1.0163870374129527,0.5313935681470138
0.017,41.0,9.051344640485725,26.0,9.57073837671504,23.436618790804065,0.061,5.267858159063328,239.0,0.02,0.1,0.12,82.0,75.0,0.5,1,0.2995,0.6425000000000001,0.052,10.271804465008787,0.56,20.350025877585416,19.93800336967164,Lower-Middle,1.429633746239048,0.8562641811686308,0.5470817120622568
0.018,45.0,5.313205979041787,12.0,4.2626798770413155,20.34357676650678,0.039,5.5093883366279774,189.75,0.019,0.2,0.096,74.0,70.0,1.0,1,0.276,0.653,0.07,11.599525090535208,0.477,18.5159909328476,16.811242881518265,Low,0.7933994938937644,1.0096008313598732,0.5298621745788668
0.019,37.55,7.8009820712577405,55.625,6.5722825426940075,21.80052238067529,0.059,5.834810737062605,199.0,0.024,0.1,0.138,73.0,66.0,0.7,1,0.295,0.643,0.062,13.143016623214137,0.665,18.105970012811294,17.147715103853763,Low,1.286230820459842,1.0302021916475357,0.5552099533437014
0.015,37.55,10.74639005318091,43.0,9.919951278566794,23.80656922566572,0.048,6.673297967767654,210.0,0.023,0.3,0.118,73.0,66.0,1.2,1,0.211,0.713,0.076,14.085568992397494,0.096,20.24684164150806,18.858935681335133,Upper-Middle,1.1427153228319544,0.9841060439778205,0.4025245441795231
0.02,41.0,5.0689042022202315,26.0,9.57073837671504,23.436618790804065,0.061,5.267858159063328,239.0,0.02,0.1,0.12,75.0,69.0,0.5,1,0.2995,0.6425000000000001,0.052,10.26252470426388,0.888,20.350025877585416,19.93800336967164,Lower-Middle,1.429633746239048,0.4795222454266665,0.5470817120622568
0.014,45.14999999999999,15.57830420576957,6.0,14.664385031985635,30.30381022090361,0.118,8.920923462230686,295.75,0.007,0.8,0.081,80.0,75.0,0.8,1,0.202,0.673,0.125,19.523388660740434,0.803,25.72617805136321,25.433714535239147,High,3.575849606066626,0.9945046788597003,0.48588410104011887
0.015,45.14999999999999,8.699514748210191,44.0,8.062432791583195,23.876452053470288,0.08,6.329720905522696,295.75,0.012,0.3,0.089,80.0,73.0,0.9,1,0.233,0.63,0.137,15.020997715079005,0.938,20.64854229182806,19.68480747392291,Upper-Middle,1.910116164277623,0.9599535740877365,0.5873015873015873
0.022,45.14999999999999,12.07702262511216,55.625,11.049857726725605,26.162927498324155,0.06,6.210600077024653,295.75,0.015,0.2,0.171,77.0,71.0,0.9,1,0.305,0.643,0.052,17.13535101875291,0.886,20.69486636345352,21.533751510368234,High,1.5697756498994493,1.0022543750310269,0.5552099533437014
0.013,41.0,9.051344640485725,26.0,9.57073837671504,23.436618790804065,0.061,5.267858159063328,239.0,0.02,0.3,0.12,82.0,76.0,0.5,1,0.214,0.669,0.117,11.584538899779762,0.941,21.13669911536513,19.93800336967164,Lower-Middle,1.429633746239048,0.8562641811686308,0.4947683109118087
0.024,45.14999999999999,11.649377588105729,25.0,10.530120929037734,25.86493034422055,0.038,5.214935757608986,295.75,0.025,0.1,0.08,72.0,69.0,0.8,1,0.274,0.68,0.047,17.39137186254998,0.661,19.976717881769055,20.24037958349041,High,0.9828673530803809,1.0103430536246725,0.47205882352941175
0.048,45.14999999999999,10.188591303973109,55.625,9.357466436866476,25.156200474917764,0.038,5.181783550292085,272.0,0.1075,0.0,0.125,51.0,48.0,0.4,1,0.479,0.497,0.024,16.723200486900463,0.385,19.49568317039431,19.91806915481498,Upper-Middle,0.955935618046875,0.9836953241487444,1.012072434607646
0.039,45.14999999999999,8.41027590907016,31.0,8.095293776844649,22.615407727053633,0.042,3.4657359027997265,270.0,0.066,0.0,0.12,60.0,57.0,0.4,1,0.439,0.533,0.029,16.009763390704986,0.411,19.279342367227173,18.440483381052466,Lower-Middle,0.9498471245362526,0.9246843604416112,0.8780487804878049
0.025,37.55,8.513385953073284,55.625,7.674152921281675,23.13138523200655,0.053,5.730099782973574,189.75,0.043,0.1,0.165,46.0,46.0,0.8,1,0.348,0.618,0.034,14.474956166851204,0.558,17.893048018819147,17.804494623047066,Lower-Middle,1.2259634172963472,0.9814659748718569,0.6181229773462783
0.044,44.5,7.4377951216719325,16.0,9.57073837671504,22.84561244883707,0.086,3.6888794541139363,270.0,0.076,0.0,0.12,55.0,54.0,0.2,1,0.462,0.512,0.025,16.500609175005998,0.24,18.22222981742365,18.5159909328476,Lower-Middle,1.9647226705999878,0.7036211527149062,0.9511718750000001
0.045,45.14999999999999,5.521460917862246,13.0,9.57073837671504,21.20051458618546,0.079,2.772588722239781,189.75,0.066,0.0,0.165,53.0,50.0,0.1,1,0.442,0.532,0.026,15.970092155088025,0.101,14.285514812209815,18.832790401401716,Low,1.6748406523086512,0.5223344596272275,0.8796992481203008
0.039,45.14999999999999,8.620832226175724,38.0,8.763428073953845,23.890239214646964,0.05,4.110873864173311,295.75,0.071,0.0,0.12,54.0,52.0,0.3,1,0.438,0.53,0.033,16.790786367517445,0.503,18.933504376369054,20.148790187880163,Upper-Middle,1.1945119607323482,0.8829718579249582,0.8886792452830188
0.036,45.14999999999999,5.4638318050256105,22.0,9.57073837671504,21.409071260643717,0.043,3.044522437723423,295.75,0.107,0.0,0.12,48.0,45.0,0.1,1,0.412,0.549,0.039,15.247042829081856,0.385,16.283610174181653,17.840862266556567,Low,0.9205900642076797,0.5168827011234337,0.8214936247723131
0.048,45.14999999999999,6.236369590203704,55.625,9.57073837671504,23.06043916365272,0.036,3.332204510175204,295.75,0.097,0.0,0.12,50.0,48.0,0.1,1,0.491,0.484,0.026,16.216186415895677,0.219,20.350025877585416,19.93800336967164,Lower-Middle,0.8301758098914979,0.5899653711930876,1.0681818181818183
0.038,45.14999999999999,4.836281906951478,22.0,9.57073837671504,20.08863652219715,0.052,3.7612001156935624,189.75,0.066,0.0,0.105,61.0,58.0,0.1,1,0.42,0.55,0.03,13.38363781745964,0.279,17.426428497635523,16.52356082573315,Low,1.0446090991542516,0.45751599695293943,0.818181818181818
0.045,45.14999999999999,7.944846711001996,55.625,10.009962447043133,23.67849169513814,0.073,2.772588722239781,295.75,0.097,0.0,0.22649999999999998,50.0,47.0,0.2,1,0.458,0.514,0.028,17.889976152976377,0.389,13.45883704259595,18.65969765229688,Upper-Middle,1.728529893745084,0.72160525062787,0.9455252918287939
0.039,45.14999999999999,7.29641326877392,55.625,7.13966033596492,23.196354190137374,0.021,4.174387269895637,295.75,0.049,0.0,0.12,57.0,55.0,0.5,1,0.422,0.544,0.034,15.170437051470174,0.623,20.350025877585416,19.93800336967164,Lower-Middle,0.4871234379928849,0.8964026713172379,0.838235294117647
0.036,44.6,8.835355971121606,40.0,9.237858258012922,23.876610790497764,0.065,4.430816798843313,270.0,0.082,0.0,0.12,50.0,48.0,0.6,1,0.421,0.549,0.03,16.720225897531126,0.49,18.675322970077882,20.232242842110587,Upper-Middle,1.5519797013823546,0.863008233602608,0.8214936247723131
0.029,37.8,6.263398262591624,37.0,9.57073837671504,20.722370776499293,0.08,4.532599493153256,189.75,0.066,0.0,0.116,61.0,58.0,0.1,1,0.351,0.614,0.035,13.604914210233325,0.769,15.86963441986494,16.5563506464056,Low,1.6577896621199435,0.5925223044388727,0.6286644951140066
0.024,44.0,12.189933100947025,8.0,11.185129480581873,25.815899966213777,0.048,4.624972813284271,295.75,0.021,0.2,0.123,72.0,68.0,0.5,1,0.318,0.628,0.054,18.13953622836402,0.431,23.216801813515083,21.944095758633754,High,1.2391631983782614,1.0003942198868554,0.5923566878980892
0.037,44.1,8.412721169819527,55.625,9.57073837671504,23.458872593312076,0.034,6.675823221634848,295.75,0.08,0.0,0.12,52.0,49.0,0.3,1,0.397,0.572,0.03,13.39699972320462,0.39,20.350025877585416,19.93800336967164,Upper-Middle,0.7976016681726107,0.7958499084937019,0.7465034965034967
0.039,45.14999999999999,6.028278520230698,55.625,6.519147287940395,21.045486139076413,0.034,2.302585092994046,216.0,0.042,0.0,0.12,63.0,58.0,0.0,1,0.43,0.549,0.02,15.498601081748243,0.199,17.6441519761925,19.93800336967164,Low,0.7155465287285981,0.8017236914482535,0.8196721311475409
0.036,37.55,8.759511722116487,18.0,10.357202996593003,24.003098302633695,0.043,2.70805020110221,198.0,0.057,0.0,0.08,61.0,59.0,0.0,1,0.453,0.515,0.032,18.22977675522478,0.165,20.89216437425282,18.86536657162407,Upper-Middle,1.0321332270132488,0.7712736775722169,0.9417475728155339
0.033,44.7,7.356918242356021,55.625,7.53955882930103,23.47599553183456,0.027,5.648974238161206,295.75,0.046,0.1,0.12,62.0,60.0,0.9,1,0.389,0.556,0.055,14.209472423408966,0.849,20.350025877585416,19.93800336967164,Upper-Middle,0.6338518793595331,0.8615103413905741,0.7985611510791366
0.044,45.14999999999999,6.021023349349527,27.0,9.57073837671504,20.688437618806574,0.041,3.258096538021482,295.75,0.054,0.1,0.22649999999999998,59.0,56.0,0.7,1,0.46,0.514,0.025,14.271659274639354,0.548,18.197537205138154,15.894952224644102,Low,0.8482259423710696,0.5695934507860385,0.9435797665369651
0.033,37.55,9.051344640485725,13.0,9.100413892597578,24.074152476866804,0.056,4.248495242049359,224.0,0.056,0.0,0.12,61.0,59.0,0.5,1,0.394,0.571,0.035,16.95578204021577,0.494,20.69280663049263,20.58400377076233,Upper-Middle,1.348152538704541,0.8961360135072586,0.7513134851138356
0.039,45.14999999999999,7.102499355774649,40.0,9.57073837671504,22.230853652541928,0.06,3.295836866004329,295.75,0.077,0.0,0.12,55.0,54.0,0.3,1,0.432,0.536,0.032,16.14907858427471,0.34,14.690979711984754,17.216707972959764,Lower-Middle,1.3338512191525156,0.6719019147631028,0.8656716417910446
0.039,45.14999999999999,5.429345628954441,55.625,9.57073837671504,20.552348156472622,0.06,3.5553480614894135,208.0,0.089,0.0,0.12,55.0,52.0,0.3,1,0.423,0.548,0.029,14.232193180507933,0.435,17.458346099754813,17.64632352965885,Low,1.2331408893883573,0.5136202822798139,0.8248175182481752
0.038,45.14999999999999,9.234349824436535,30.0,9.787346917401315,24.1398603978851,0.042,3.5263605246161616,295.75,0.056,0.1,0.14,59.0,56.0,0.4,1,0.426,0.547,0.026,17.473241855982693,0.228,21.058308481473336,19.39900687050537,Upper-Middle,1.0138741367111743,0.856035306470064,0.8263254113345521
0.028,37.55,2.9444389791664403,40.0,9.57073837671504,21.21225533478663,0.089,4.30406509320417,295.75,0.082,0.0,0.162,46.0,46.0,0.3,1,0.385,0.571,0.044,14.494660228880365,0.238,17.216707972959764,19.328939308161516,Low,1.88789072479601,0.2785461974588622,0.7513134851138354
0.038,42.9,6.3578422665081,31.0,9.57073837671504,20.56079450631579,0.118,3.332204510175204,189.75,0.067,0.0,0.144,59.0,57.0,0.2,1,0.434,0.535,0.031,15.116441728543267,0.471,18.878105597320356,17.87595358575207,Low,2.4261737517452633,0.6014567800214408,0.8691588785046728
0.022,41.0,11.008628483166937,26.0,9.78352088448894,25.257666952053228,0.022,5.765191102784844,239.0,0.016,0.1,0.06,76.0,73.0,1.3,1,0.297,0.658,0.044,15.586523975010808,0.773,18.410630418199872,21.015188904402272,High,0.555668672945171,1.0208751483944165,0.5182370820668692
0.036,42.6,7.573017256052546,7.0,9.57073837671504,22.965357840385774,0.043,3.044522437723423,238.0,0.047,0.0,0.22649999999999998,64.0,61.0,0.2,1,0.44,0.531,0.029,16.807575414758983,0.307,20.245230037616313,18.778355195217188,Lower-Middle,0.9875103871365882,0.716413270877482,0.8832391713747646
0.042,37.55,7.052721049232323,39.0,9.57073837671504,22.17646382162726,0.084,3.258096538021482,292.0,0.059,0.0,0.22649999999999998,52.0,52.0,0.1,1,0.46,0.509,0.03,16.46439147772817,0.153,17.57671069691365,18.26985786584569,Lower-Middle,1.8628229610166898,0.6671928485873685,0.962671905697446
0.048,45.14999999999999,6.38856140554563,25.0,9.57073837671504,22.890911386794336,0.067,3.828641396489095,270.0,0.088,0.0,0.12,53.0,53.0,0.3,1,0.465,0.505,0.03,16.391042186699654,0.344,19.47150237228063,19.24485619130468,Lower-Middle,1.5336910629152205,0.6043628342574625,0.9801980198019802
0.036,45.14999999999999,7.611842399580417,19.0,9.57073837671504,22.05569539808523,0.043,3.8501476017100584,295.75,0.072,0.0,0.203,62.0,59.0,0.6,1,0.409,0.559,0.031,15.04599928724563,0.553,20.350025877585416,19.93800336967164,Low,0.9483949021176649,0.720086159387654,0.7871198568872986
0.013,37.55,8.282483003730562,6.0,9.57073837671504,22.989298671588692,0.046,5.8944028342648505,189.75,0.014,0.2,0.115,76.0,69.0,0.8,1,0.224,0.704,0.072,14.053397686624605,0.41,21.323749333191483,20.007873049484136,Lower-Middle,1.0575077388930798,0.7835292775739309,0.42045454545454547
0.021,45.14999999999999,10.818477438677235,12.0,9.611395771595648,25.21058637216813,0.054,5.056245805348308,295.75,0.031,0.3,0.12,71.0,68.0,0.7,1,0.289,0.66,0.05,17.248050005277154,0.567,22.907630298665573,21.37036907952851,Upper-Middle,1.361371664097079,1.0195150262546893,0.5136363636363636
0.042,37.55,7.75833346749091,26.0,9.13399913871946,23.014891434057507,0.055,3.2188758248682006,230.0,0.078,0.0,0.183,50.0,47.0,0.2,1,0.452,0.516,0.032,16.940626145246892,0.305,19.176802728368536,19.275096076363752,Lower-Middle,1.2658190288731628,0.7655747115517576,0.937984496124031
0.028,37.55,8.183118079394745,55.625,7.283448228756631,22.862527894177052,0.069,5.662960480135946,295.75,0.041,0.1,0.137,63.0,57.0,0.5,1,0.387,0.579,0.034,14.562573790474252,0.396,19.997595466747022,18.5517090151307,Lower-Middle,1.5775144246982167,0.987887876329862,0.7271157167530226
0.05,42.3,6.822197390620491,19.0,9.57073837671504,22.410287643725525,0.071,3.295836866004329,270.0,0.072,0.0,0.12,56.0,56.0,0.1,1,0.496,0.479,0.026,16.505932693695772,0.172,18.26985786584569,18.400478046838927,Lower-Middle,1.5911304227045122,0.6453851327593404,1.0897703549060545
0.042,37.55,11.436281973409896,25.0,11.619319446418272,26.061115043795542,0.065,4.48863636973214,295.75,0.088,0.2,0.155,51.0,50.0,0.4,1,0.438,0.535,0.027,18.83416746604873,0.417,20.681401633890466,23.121978957125513,High,1.6939724778467102,0.9062518800612377,0.8691588785046729
0.038,37.55,6.298949246855942,14.0,9.57073837671504,22.26529257385274,0.101,3.871201010907891,189.75,0.05,0.0,0.165,61.0,59.0,0.1,1,0.447,0.53,0.023,16.14014692462376,0.22,19.2271566142836,18.799117186521926,Lower-Middle,2.248794549959127,0.5958854549584834,0.8867924528301887
0.037,45.14999999999999,4.442651256490317,55.625,9.57073837671504,19.027534400713506,0.063,4.330733340286331,295.75,0.043,0.2,0.22649999999999998,67.0,64.0,0.3,1,0.416,0.546,0.038,12.03323002136999,0.604,15.856731016694035,12.611541086966115,Low,1.1987346672449508,0.420278233947827,0.8315018315018313
0.039,45.14999999999999,8.6020856584342,9.0,8.01862546504575,23.317501109830026,0.049,4.007333185232471,295.75,0.051,0.1,0.12,64.0,61.0,0.4,1,0.438,0.531,0.031,16.32012113736754,0.417,20.272280215106296,19.435911427304614,Lower-Middle,1.1425575543816713,0.9538133822913516,0.8832391713747645
0.018,45.14999999999999,6.5638555265321274,39.0,9.57073837671504,20.689928239322192,0.027,5.66988092298052,189.75,0.012,0.4,0.118,79.0,68.0,1.0,1,0.229,0.696,0.075,11.373169022579944,0.518,17.6441519761925,15.76142084987672,Low,0.5586280624616992,0.6209457932466501,0.4367816091954023
0.04,45.14999999999999,6.499787040655854,17.0,9.57073837671504,21.64180221227481,0.118,4.174387269895637,295.75,0.1075,0.0,0.22649999999999998,44.0,44.0,0.2,1,0.424,0.551,0.025,15.526085278749527,0.376,17.341871111992198,16.993564429978885,Low,2.5537326610484277,0.6148848650888403,0.8148820326678765
0.046,41.0,6.413458957167357,26.0,9.57073837671504,23.436618790804065,0.061,5.267858159063328,239.0,0.102,0.0,0.12,55.0,52.0,0.1,1,0.478,0.493,0.029,16.02819938941524,0.364,20.350025877585416,19.93800336967164,Lower-Middle,1.429633746239048,0.6067181618357678,1.028397565922921
0.022,37.55,13.049844296140819,22.0,11.896615201200552,26.333256728857204,0.08,6.082218910376446,200.0,0.046,0.1,0.151,54.0,51.0,0.9,1,0.3,0.65,0.049,17.7187199775997,0.612,22.94007515302801,22.65551162395249,High,2.1066605383085766,1.0118813419296253,0.5369230769230768
0.038,41.0,9.051344640485725,26.0,9.57073837671504,23.51948763584949,0.02,3.5553480614894135,239.0,0.076,0.1,0.12,53.0,51.0,0.5,1,0.434,0.533,0.033,16.02580348237314,0.176,20.350025877585416,19.93800336967164,Upper-Middle,0.4703897527169898,0.8562641811686308,0.8761726078799249
0.036,37.55,9.440658127038393,39.0,9.651172623921639,24.713774450286458,0.075,4.77912349311153,189.75,0.058,0.1,0.12,63.0,59.0,0.3,1,0.426,0.543,0.031,17.343048800562986,0.329,19.617628936362486,20.895537058728614,Upper-Middle,1.8535330837714843,0.8863491805433205,0.8416206261510127
0.031,37.55,6.9975959829819265,55.625,9.57073837671504,21.82844673200639,0.082,5.3706380281276624,189.75,0.074,0.1,0.148,47.0,48.0,0.5,1,0.399,0.568,0.033,13.95868406563152,0.217,17.073607134447293,17.893048018819147,Low,1.7899326320245241,0.66197797482114,0.7605633802816903
0.041,44.4,8.785539527561276,26.0,9.84808054526439,23.75412806984102,0.054,3.295836866004329,189.75,0.047,0.0,0.15,58.0,56.0,0.3,1,0.448,0.522,0.031,17.56156849099463,0.268,20.98023093750953,20.430236159508517,Upper-Middle,1.282722915771415,0.8098704181724118,0.9176245210727969
0.038,45.14999999999999,7.284134806195205,55.625,7.849323818040561,21.87491846940549,0.065,3.5553480614894135,270.0,0.064,0.0,0.12,56.0,54.0,0.3,1,0.423,0.549,0.028,15.605183184583504,0.366,17.599700214609808,18.035018277846262,Low,1.421869700511357,0.8231289707520362,0.8214936247723132
0.018,45.14999999999999,10.127190947108852,11.0,9.151439264056021,24.526736266776524,0.056,5.5093883366279774,228.0,0.017,0.3,0.12,76.0,72.0,0.8,1,0.241,0.69,0.069,16.1504564462783,0.656,22.086547424013048,20.13447867351251,Upper-Middle,1.3734972309394853,0.9976113419667468,0.44927536231884063
0.046,37.55,8.058960017769417,25.0,9.57073837671504,23.37925239572103,0.088,3.6888794541139363,222.0,0.057,0.1,0.205,56.0,55.0,0.3,1,0.491,0.484,0.025,17.2743099587627,0.139,20.09964472090075,19.56808319996451,Lower-Middle,2.0573742108234505,0.7623838307758608,1.0661157024793388
0.043,37.55,7.520776415062797,18.0,8.941414628006845,23.4070774492755,0.066,4.3694478524670215,189.75,0.067,0.1,0.191,52.0,51.0,0.3,1,0.47,0.504,0.027,16.337755380807593,0.379,18.812722838485147,18.488339401771974,Lower-Middle,1.5448671116521833,0.7565096816176793,0.986111111111111
0.032,45.14999999999999,9.00565049932022,55.625,9.068661593644245,22.208432843384703,0.061,5.267858159063328,256.0,0.058,0.1,0.12,49.0,49.0,0.1,1,0.416,0.545,0.039,16.36370823233949,0.336,19.499090328704316,19.93800336967164,Lower-Middle,1.3547144034464669,0.894423793625655,0.8348623853211008
0.041,37.55,8.275885669474356,9.0,9.57073837671504,23.044725149634935,0.097,3.58351893845611,275.0,0.079,0.0,0.149,60.0,57.0,0.3,1,0.492,0.487,0.021,17.1125392320017,0.239,17.57671069691365,17.87595358575207,Lower-Middle,2.235338339514589,0.7829051646670464,1.053388090349076
0.014,38.6,8.622813673279921,17.0,8.008032846969307,23.179605020993925,0.038,5.0106352940962555,295.75,0.018,0.1,0.17,77.0,71.0,0.5,1,0.208,0.681,0.111,14.906590885830292,0.64,19.747755748064804,19.763545549755886,Lower-Middle,0.8808249907977691,0.957236038074729,0.4684287812041116
0.017,40.9,10.729919220241946,10.0,9.497247143960212,24.612071042413707,0.044,5.488937726156687,295.75,0.037,0.2,0.198,73.0,67.0,0.7,1,0.237,0.701,0.062,15.986094629575279,0.53,19.760931169188652,19.93800336967164,Upper-Middle,1.082931125866203,1.0221650565229958,0.42653352353780316
0.022,37.55,10.745830299457927,55.625,10.235449633679455,25.09970628135978,0.035,2.995732273553991,295.75,0.043,0.0,0.164,69.0,68.0,0.3,1,0.327,0.628,0.045,18.812519892218642,0.29,18.132998684833918,20.415381058537655,Upper-Middle,0.8784897198475924,0.9564219189987874,0.5923566878980892
0.021,40.8,6.0473721790462776,46.0,9.57073837671504,20.952942814872348,0.052,4.564348191467836,274.0,0.038,0.1,0.138,66.0,66.0,0.4,1,0.312,0.645,0.043,13.44757242174683,0.332,17.6441519761925,18.005165315142214,Low,1.089553026373362,0.572086070389111,0.5503875968992248
0.018,37.55,9.267098705794792,55.625,8.172729104865471,23.390014697410372,0.022,6.71174039505618,189.75,0.008,0.5,0.055,80.0,76.0,1.0,1,0.275,0.691,0.034,12.868807009281923,0.747,19.30444828825319,19.94456077020347,Lower-Middle,0.5145803233430282,1.010288061475539,0.4471780028943561
0.026,37.55,8.288031567776464,55.625,8.164794804244766,23.060429062493668,0.055,3.7376696182833684,189.75,0.042,0.0,0.12,72.0,67.0,0.3,1,0.332,0.62,0.048,16.450310193593552,0.195,20.970125915659185,19.00846741441004,Lower-Middle,1.2683235984371517,0.9043335660868022,0.6129032258064516
0.012,45.14999999999999,15.766471501682911,41.0,14.567311006734657,29.139937291581763,0.046,5.049856007249537,295.75,0.016,0.2,0.053,76.0,73.0,0.5,1,0.187,0.732,0.081,21.00441788587695,0.465,24.510405660250527,24.436520780226058,High,1.340437115412761,1.0127935065254425,0.366120218579235
0.014,38.6,8.738575192110787,3.0,8.00836557031292,23.27265922926587,0.09,5.568344503761097,295.75,0.017,0.1,0.18,77.0,70.0,0.6,1,0.174,0.682,0.145,15.293426714243958,0.526,20.040068989219833,19.635593491283995,Lower-Middle,2.0945393306339284,0.9700511290204266,0.4677419354838709
0.011,37.55,10.560333753369742,11.0,9.556762939450564,26.113613822463215,0.061,5.267858159063328,189.75,0.02,0.7,0.05,86.0,79.0,1.7,1,0.128,0.747,0.125,15.755374034112569,1.0,23.73072903342552,23.501774501759314,High,1.592930443170256,1.00033824894427,0.3386880856760375
0.022,45.14999999999999,14.409549856569175,30.0,13.358157768329201,27.833224601989393,0.039,3.784189633918261,271.0,0.05,0.0,0.133,67.0,63.0,0.3,1,0.31,0.641,0.049,20.884246568774493,0.302,23.245949851148687,23.215065343074343,High,1.0854957594775863,1.003579295413046,0.5600624024960998
0.021,37.55,12.929719932738445,55.625,12.136754721219276,26.95815595550434,0.028,4.127134385045092,266.0,0.03,0.1,0.136,72.0,68.0,0.6,1,0.3,0.65,0.049,19.271871687874864,0.483,22.821283764321883,22.89813118845171,High,0.7548283667541215,0.9842400354673277,0.5369230769230768
0.009,45.14999999999999,14.003579732180828,22.0,13.113025918706649,29.209831750041015,0.086,8.089482474360754,295.75,0.003,0.8,0.020500000000000018,86.0,79.0,0.9,1,0.135,0.649,0.216,18.66522596498134,0.889,23.346556668911983,24.3862119090595,High,2.512045530503527,0.9922450233453656,0.5408320493066255
0.023,41.5,12.347741464312515,21.0,11.156021923476494,25.6169298576781,0.039,5.808142489980444,271.0,0.023,0.1,0.12,72.0,62.0,1.0,1,0.245,0.684,0.071,16.56751391039487,0.541,20.950401410326972,21.031485561350493,High,0.999060264449446,1.0157715691895683,0.4619883040935672
0.015,41.0,11.26551483551302,26.0,9.911703707307469,23.436618790804065,0.061,5.267858159063328,239.0,0.026,0.1,0.12,72.0,65.0,0.5,1,0.235,0.682,0.083,17.003675391075447,0.6,20.350025877585416,19.93800336967164,Lower-Middle,1.429633746239048,1.0324249207727851,0.4662756598240469
0.009,37.55,13.13834105182721,17.0,12.332471789026588,27.633234716011103,0.066,7.134093721192866,250.0,0.004,0.8,0.072,83.0,77.0,1.0,1,0.174,0.722,0.104,17.70628334844663,0.817,23.324398755776734,23.78927016353234,High,1.8237934912567328,0.985439253855451,0.3850415512465374
0.024,45.14999999999999,8.644882552557126,15.0,7.954021087278037,22.36031070353929,0.061,4.110873864173311,202.0,0.03,0.2,0.199,73.0,65.0,0.7,1,0.302,0.649,0.049,15.486739658570432,0.353,20.159390993848074,19.926977899684246,Lower-Middle,1.3639789529158968,0.9654748931560886,0.5408320493066255
0.029,37.55,7.463363045520021,55.625,9.57073837671504,22.4177670866055,0.041,3.6109179126442243,295.75,0.063,0.0,0.22649999999999998,67.0,65.0,0.3,1,0.381,0.581,0.037,15.63019327049362,0.308,19.450300164704952,17.747336210296442,Lower-Middle,0.9191284505508256,0.706039898022652,0.7194492254733219
0.009,41.0,7.084226422097916,26.0,9.57073837671504,23.75489710409675,0.061,5.267858159063328,239.0,0.02,0.5,0.054,82.0,77.0,1.8,1,0.141,0.788,0.071,13.137309131122631,1.0,23.57379891306601,20.620125079135544,Upper-Middle,1.4490487233499016,0.6701732811496758,0.2690355329949238
0.018,37.55,12.270089155443591,20.0,11.198310605944295,26.165629948217937,0.034,5.666426688112432,189.75,0.007,0.6,0.061,77.0,72.0,1.0,1,0.287,0.667,0.046,17.122483300409662,0.692,23.64389733804505,22.767598201642144,High,0.8896314182394099,1.0058843024922088,0.4992503748125936
0.022,37.55,6.9167150203536085,9.0,9.57073837671504,21.36070659536901,0.079,6.16541785423142,239.0,0.014,0.2,0.13,77.0,75.0,1.4,1,0.313,0.637,0.049,12.656651326150161,0.376,21.167310427663487,19.167368696179675,Low,1.6874958210341517,0.654326573400925,0.5682888540031397
0.022,37.55,9.21333588095598,13.0,8.057377488557991,22.450173261938108,0.064,4.919980925828125,204.0,0.032,0.1,0.206,70.0,62.0,0.7,1,0.273,0.689,0.038,14.783571770354568,0.656,19.421312627936743,19.332963458445047,Lower-Middle,1.4368110887640388,1.0172189347959726,0.45137880986937595
0.018,41.0,9.10819689830748,26.0,9.618069581737414,23.436618790804065,0.02,2.3978952727983707,239.0,0.046,0.0,0.17,66.0,62.0,0.0,1,0.268,0.681,0.05,17.750742519811524,0.304,18.197537205138154,17.72753358339242,Lower-Middle,0.4687323758160813,0.8578015832532454,0.46696035242290745
0.025,37.55,8.022240916806537,31.0,9.173157580848466,23.252622978768205,0.061,3.332204510175204,295.75,0.04,0.0,0.08,67.0,65.0,0.2,1,0.383,0.57,0.047,17.083154184847114,0.162,19.681978617730433,20.11629635446238,Lower-Middle,1.4184100017048604,0.7885694144666402,0.7543859649122807
0.027,37.55,11.961941640289844,24.0,11.315047532778493,25.85952189931141,0.033,3.4011973816621555,295.75,0.076,0.1,0.129,67.0,65.0,0.5,1,0.365,0.593,0.043,18.933552776395068,0.358,20.709166913581107,21.494761984379654,High,0.8533642226772766,0.9713272813971038,0.688026981450253
0.026,45.14999999999999,11.23776467307212,41.0,10.59688470185128,25.880034232078856,0.038,4.31748811353631,195.0,0.026,0.1,0.088,71.0,65.0,0.8,1,0.36,0.604,0.036,18.319437164294,0.458,21.829846295594386,21.660534975597454,High,0.9834413008189965,0.969033060342332,0.6556291390728476
0.01,37.55,9.885221743729236,4.0,10.133129940590168,25.981964666570182,0.04,7.363913501405819,189.75,0.002,0.7,0.054,83.0,78.0,1.3,1,0.181,0.733,0.086,15.392301510703295,1.0,23.094817134498516,23.516881926439467,High,1.0392785866628074,0.8879103896639887,0.36425648021828105
0.019,45.14999999999999,9.383705270727246,40.0,9.09862638234618,24.42986831802515,0.034,4.23410650459726,256.0,0.01,0.1,0.189,77.0,71.0,0.5,1,0.252,0.674,0.074,16.822034442059785,0.183,20.503865273156364,20.470950909618924,Upper-Middle,0.8306155228128551,0.9292061034292033,0.4836795252225519
0.031,45.14999999999999,8.017637159908478,55.625,7.813591552952433,22.364461330786888,0.056,3.713572066704308,224.0,0.048,0.1,0.22649999999999998,70.0,63.0,0.5,1,0.365,0.6,0.035,15.79998914704944,0.265,16.980985648299452,16.195056784687036,Lower-Middle,1.2524098345240657,0.9096901202804978,0.6666666666666667
0.012,37.55,12.475485090041586,33.0,11.58670552622419,26.331189912166028,0.039,5.093750200806762,264.0,0.013,0.2,0.07,77.0,70.0,0.9,1,0.205,0.711,0.084,18.00796956134156,0.414,23.836647803978224,22.625373363492585,High,1.0269164065744751,0.9911636578808586,0.40646976090014064
0.037,37.55,5.2574953720277815,55.625,9.57073837671504,20.35769429394126,0.086,4.02535169073515,295.75,0.056,0.0,0.131,66.0,63.0,0.1,1,0.477,0.494,0.03,13.847186534884719,0.282,16.454567959008102,17.747336210296442,Low,1.7507617092789483,0.4973631154857509,1.0263157894736843
0.022,41.0,10.916796096289781,26.0,10.028797743501574,23.681894360358882,0.019,4.406719247264253,239.0,0.054,0.0,0.12,69.0,61.0,0.2,1,0.304,0.653,0.043,15.408319776841315,0.478,20.350025877585416,19.93800336967164,Upper-Middle,0.44995599284681875,0.9898446186232959,0.5313935681470138
0.024,45.14999999999999,11.695580299554303,15.0,10.829986007877704,24.05311152936858,0.052,3.9889840465642745,205.0,0.043,0.1,0.12,71.0,64.0,0.5,1,0.31,0.645,0.046,17.122499855624692,0.363,17.974393656948944,19.93800336967164,Upper-Middle,1.250761799527166,0.9886385572870586,0.551937984496124
0.017,39.9,11.753240734792758,39.0,10.799269407778743,25.319701024675407,0.06,4.1588830833596715,295.75,0.022,0.2,0.158,80.0,70.0,0.9,1,0.247,0.688,0.066,18.259599615617052,0.291,22.091905263082033,20.985630102183134,High,1.5191820614805243,0.996099023473806,0.4549418604651163
0.013,45.14999999999999,8.326032685955079,9.0,7.631431664576906,23.279046574546037,0.061,5.529429087511423,295.75,0.016,0.2,0.13,80.0,74.0,0.6,1,0.243,0.662,0.095,14.884542977502267,0.5,21.337369810707028,21.22039813418867,Lower-Middle,1.4200218410473082,0.9646178072781167,0.5105740181268882
0.01,41.0,6.29156913955832,26.0,9.57073837671504,22.034845883508787,0.062,8.041091003708633,239.0,0.003,0.7,0.12,75.0,69.0,0.8,1,0.2995,0.6425000000000001,0.052,11.289406843325935,0.889,20.350025877585416,19.93800336967164,Low,1.3661604447775448,0.5951872911183984,0.5470817120622568
0.009,45.14999999999999,11.131225710412325,25.0,10.4206729102547,26.74954536021938,0.105,8.558718938244736,189.75,0.004,0.7,0.12,83.0,78.0,1.3,1,0.152,0.677,0.171,15.93620524120712,0.658,23.91563340197489,23.361823041591453,High,2.8087022628230347,0.9746558541587792,0.4771048744460857
0.011,45.14999999999999,11.047981016460426,31.0,10.243489267499987,24.83025483934755,0.059,5.937536205082426,295.75,0.006,0.2,0.086,77.0,65.0,0.9,1,0.148,0.708,0.143,16.069745494971087,0.737,20.187122406905534,20.57244294837462,Upper-Middle,1.4649850355215053,0.982611425475836,0.4110169491525424
0.012,45.14999999999999,11.551020544836,4.0,10.978507040265917,26.952524637648693,0.099,8.458716261657262,189.75,0.004,0.7,0.092,83.0,77.0,1.1,1,0.168,0.661,0.171,16.186686014783263,0.975,23.296335977640016,23.788757354961884,High,2.6682999391272206,0.9643122056869929,0.5128593040847201
0.008,42.8,10.341677965256997,55.625,8.691986481789401,23.643373802921747,0.088,6.054439346269371,295.75,0.007,0.3,0.07,78.0,73.0,0.8,1,0.181,0.674,0.144,15.16648909193015,0.392,20.632246439654534,19.659054977894186,Upper-Middle,2.0806168946571137,1.067033882547022,0.48219584569732926
0.01,37.55,10.83551382879634,49.0,9.894244971169195,24.67113642443157,0.07,6.163314804034641,295.75,0.012,0.4,0.109,77.0,70.0,1.4,1,0.133,0.688,0.179,15.829421353080326,0.716,22.302656828234316,21.679546217421045,Upper-Middle,1.72697954971021,0.994608975424338,0.4534883720930233
0.01,37.55,10.059080049588058,22.0,9.114379980830272,24.965965920885935,0.078,7.110696122978827,196.0,0.005,0.4,0.101,80.0,72.0,1.0,1,0.156,0.671,0.173,15.304927457337683,0.57,23.18122942720558,20.86823160806165,Upper-Middle,1.947345341829103,0.9945325436312435,0.4903129657228017
0.012,37.55,9.054388070202297,8.0,7.853604813097837,23.954920365483346,0.069,7.688455356549944,189.75,0.003,0.4,0.12,81.0,77.0,0.9,1,0.186,0.703,0.112,13.889773518106738,0.678,21.896057524098275,21.362484676008506,Upper-Middle,1.652889505218351,1.0226781363459352,0.4238975817923186
0.012,45.14999999999999,11.670057410690523,20.0,10.711546985327436,26.14126128254576,0.068,7.301147805856032,295.75,0.004,0.6,0.063,80.0,74.0,1.3,1,0.142,0.711,0.147,16.15583488264427,0.734,22.90605336659759,22.291256559674803,High,1.7776057672131118,0.9964573787998382,0.40646976090014064
0.012,37.55,10.757072748994158,6.0,9.862717639992917,26.563562457327556,0.102,8.763428073953845,189.75,0.004,0.9,0.12,81.0,76.0,1.2,1,0.183,0.657,0.159,15.519098340940554,0.865,22.560795040577865,22.995185515732686,High,2.7094833706474106,0.9902745432128504,0.5205479452054794
0.012,45.14999999999999,9.769556079890267,7.0,8.601718146485926,23.892175896775186,0.06,6.966967138613983,189.75,0.004,0.7,0.085,79.0,69.0,1.2,1,0.151,0.676,0.173,14.106006916595137,0.684,21.219789676610183,20.6603260382375,Upper-Middle,1.433530553806511,1.0174799896064193,0.47928994082840226
0.02,41.0,6.579251212010101,26.0,9.57073837671504,21.604078476022266,0.061,5.267858159063328,239.0,0.02,0.8,0.12,83.0,78.0,1.1,1,0.2995,0.6425000000000001,0.052,10.81178643448073,0.405,20.350025877585416,19.93800336967164,Low,1.3178487870373583,0.622402236962246,0.5470817120622568
0.011,45.14999999999999,10.94365825150499,14.0,10.47121322343493,26.328973538885823,0.083,8.35772841676521,269.0,0.003,0.8,0.12,83.0,76.0,1.3,1,0.168,0.668,0.165,15.485742489630963,0.833,22.306975601012994,22.442275385989046,High,2.1853048037275236,0.9540105338769068,0.49850299401197606
0.013,45.14999999999999,12.828166798223277,7.0,12.486745208671081,28.671931988046595,0.11,8.492490578775866,189.75,0.004,0.7,0.12,85.0,78.0,0.9,1,0.184,0.651,0.165,17.980175332588708,0.779,24.9395182494166,24.635708754219237,High,3.1539125186851256,0.9511684694670155,0.5360983102918586
0.008,45.14999999999999,13.571347639425989,18.0,12.72079566457486,28.918513343405003,0.107,8.459352191726387,196.0,0.004,0.8,0.12,82.0,77.0,1.3,1,0.137,0.66,0.202,18.223571563205144,0.739,24.70103912904638,25.387072787928577,High,3.094280927744335,0.9891079184617023,0.5136363636363637
0.011,45.14999999999999,11.49079232413576,19.0,10.322855565813283,26.556889087975016,0.101,8.034631032923107,224.0,0.004,0.4,0.12,83.0,78.0,1.2,1,0.144,0.668,0.188,16.230212888472963,0.756,23.590368967960085,22.095968244800257,High,2.682245797885477,1.0148316612665733,0.497005988023952
0.01,45.14999999999999,10.908850868984608,5.0,10.183351644059842,25.761733796165704,0.075,7.044905117129371,295.75,0.006,0.6,0.102,78.0,70.0,1.2,1,0.149,0.688,0.163,16.121907277471646,0.679,22.685189932838377,22.06691362360572,High,1.9321300347124277,0.975454516337145,0.4534883720930233
0.015,37.55,7.659642954564682,5.0,8.585785982881848,23.546552217692906,0.093,8.509161019718974,189.75,0.002,0.9,0.201,83.0,80.0,1.1,1,0.213,0.668,0.119,12.667965344936981,0.934,20.596568185035526,20.821299578124396,Upper-Middle,2.1898293562454403,0.7990625879028759,0.497005988023952
0.017,37.55,10.669466891745744,13.0,9.609384912281424,26.299344491246067,0.091,8.593042503699674,189.75,0.004,0.7,0.12,82.0,78.0,1.2,1,0.21,0.679,0.111,15.317261918280671,0.613,23.02254547303206,23.078348498993098,High,2.393240348703392,1.00566309733892,0.4727540500736377
0.02,41.0,9.051344640485725,26.0,9.57073837671504,23.436618790804065,0.061,5.267858159063328,239.0,0.02,0.1,0.12,75.0,69.0,0.5,1,0.2995,0.6425000000000001,0.052,11.321304805228175,0.52,20.350025877585416,19.93800336967164,Lower-Middle,1.429633746239048,0.8562641811686308,0.5470817120622568
0.01,45.14999999999999,13.010734366831514,10.0,12.078267682707667,28.4671045298193,0.089,8.143807976771484,295.75,0.004,0.4,0.068,85.0,79.0,1.5,1,0.14,0.66,0.2,17.890106935408173,0.681,24.610114613846346,24.35576010763893,High,2.5335723031539175,0.9948362185639122,0.5151515151515151
0.019,41.0,9.051344640485725,26.0,7.7039102096163115,22.476193195625413,0.061,5.267858159063328,239.0,0.02,0.1,0.138,72.0,67.0,0.5,1,0.2995,0.6425000000000001,0.052,14.373630370343182,0.56,20.350025877585416,19.93800336967164,Lower-Middle,1.3710477849331502,1.0399170513599232,0.5470817120622568
0.011,37.55,8.934850340289763,16.0,8.430981494597171,24.239854291237993,0.066,6.887552571664617,279.0,0.009,0.6,0.119,78.0,67.0,1.1,1,0.141,0.679,0.18,14.593606698526617,0.678,20.849017043133806,20.94640938906062,Upper-Middle,1.5998303832217076,0.9473934760033585,0.4727540500736376
0.01,41.0,9.051344640485725,26.0,9.57073837671504,22.31848613966204,0.061,5.267858159063328,239.0,0.02,0.7,0.12,86.0,80.0,1.0,1,0.2995,0.6425000000000001,0.052,10.479623274697385,0.146,20.350025877585416,19.93800336967164,Lower-Middle,1.3614276545193844,0.8562641811686308,0.5470817120622568
0.011,45.14999999999999,9.62350906446938,26.0,9.161255164285691,24.582697085496708,0.066,6.840546529288687,189.75,0.007,0.6,0.084,78.0,66.0,1.6,1,0.156,0.69,0.154,14.978108715085588,0.668,20.997862670609415,21.172428800958457,Upper-Middle,1.6224580076427828,0.947078772147524,0.44927536231884063
0.012,37.55,9.286653054825347,26.0,8.344029572407049,24.725911016321923,0.073,9.024733424190698,189.75,0.002,0.8,0.12,83.0,78.0,1.5,1,0.18,0.679,0.141,13.099403812219405,0.878,22.224227273267342,22.058530027216612,Upper-Middle,1.8049915041915003,0.993859553082844,0.4727540500736376
0.011,37.55,9.37999875481674,9.0,8.0106915391303,23.00911509911696,0.069,5.786897381366708,189.75,0.01,0.5,0.097,77.0,72.0,0.9,1,0.182,0.703,0.115,14.556862016810317,0.571,19.383855065542164,19.06253463538792,Lower-Middle,1.5876289418390706,1.0409854464646433,0.422475106685633
0.01,41.0,7.848153086199526,26.0,6.731018100482083,22.869699184249033,0.082,7.3758821482150125,239.0,0.006,0.5,0.059,82.0,77.0,0.9,1,0.162,0.699,0.139,12.922399099037523,0.943,21.012945912809368,19.704388519067237,Lower-Middle,1.8753153331084207,1.0151513014450373,0.430615164520744
0.012,42.0,8.471149252914831,15.0,8.120886021092838,22.524118190647645,0.114,5.267858159063328,234.0,0.016,0.2,0.211,72.0,64.0,0.7,1,0.172,0.715,0.112,15.08810668550261,0.45,19.49568317039431,19.698832949238067,Lower-Middle,2.5677494737338318,0.928763854007666,0.39720279720279716
0.02,41.0,9.051344640485725,26.0,9.57073837671504,22.65757197816817,0.036,8.798454696065095,239.0,0.003,0.7,0.12,75.0,69.0,0.6,1,0.2995,0.6425000000000001,0.052,10.482541755792337,1.0,20.350025877585416,19.93800336967164,Lower-Middle,0.8156725912140541,0.8562641811686308,0.5470817120622568
0.012,37.55,7.919719760924575,21.0,7.071573364211532,22.23582832133405,0.063,6.1463292576688975,295.75,0.007,0.3,0.092,76.0,72.0,1.9,1,0.198,0.676,0.126,13.335294963642122,0.627,20.571279481112676,18.197537205138154,Lower-Middle,1.4008571842440452,0.9811866167307283,0.47928994082840237
0.011,38.2,12.065925128830788,8.0,11.284153604397167,27.492691390455697,0.11,8.671629544720656,189.75,0.004,0.9,0.046,82.0,78.0,1.3,1,0.179,0.674,0.147,16.615568157354307,0.854,23.744812045442107,23.82412359858641,High,3.024196052950127,0.9822349603729912,0.4836795252225518
0.013,40.7,10.826296991397399,7.0,10.302464994508737,26.841110714598177,0.09,9.062652099076578,189.75,0.003,0.9,0.073,83.0,78.0,1.1,1,0.191,0.661,0.148,15.377482159548315,0.785,22.46408282761227,23.43915192388254,High,2.415699964313836,0.9578704288539993,0.51285930408472
0.011,45.1,12.663896147272917,31.0,11.49163032443007,26.995071139573973,0.069,6.863803391452954,295.75,0.006,0.5,0.12,80.0,71.0,1.2,1,0.154,0.713,0.133,17.45640072711939,0.611,23.2755974631271,23.092481012331774,High,1.8626599086306044,1.0137904995880278,0.4025245441795232
0.01,42.5,10.974351732001512,5.0,10.103608096692797,26.252398850640244,0.102,7.793999089503996,295.75,0.003,0.4,0.12,82.0,76.0,1.3,1,0.153,0.67,0.176,16.172411283477228,0.594,23.365674686866374,22.387759955317875,High,2.677744682765305,0.9883590663894393,0.4910447761194029
0.011,45.14999999999999,11.457898894783012,9.0,10.587038839422627,26.04304428707085,0.054,6.248042874508429,202.0,0.014,0.3,0.15,76.0,69.0,1.1,1,0.15,0.702,0.149,16.83778134913329,0.536,21.68834673337095,21.602477560994256,High,1.4063243915018258,0.9888547931504086,0.42592592592592593
0.012,45.14999999999999,14.35529674681121,29.0,13.442247357955619,28.138347268783157,0.051,6.38856140554563,295.75,0.012,0.3,0.122,74.0,62.0,1.4,1,0.147,0.718,0.135,18.77103059660905,0.736,23.484604008476545,23.996667725207054,High,1.435055710707941,0.9939794265401145,0.392757660167131
0.011,41.0,9.051344640485725,26.0,9.57073837671504,21.365019497570078,0.05,8.311398278436641,239.0,0.003,0.5,0.079,86.0,80.0,0.8,1,0.2995,0.6425000000000001,0.052,10.327119964599742,0.941,20.350025877585416,19.93800336967164,Low,1.0682509748785038,0.8562641811686308,0.5470817120622568
0.009,37.55,10.856727188188485,23.0,9.729669736233394,24.589466457694783,0.104,6.513230110912307,279.0,0.007,0.4,0.161,76.0,71.0,1.2,1,0.173,0.689,0.138,15.810241074814519,0.551,20.848134819874893,21.107166767819933,Upper-Middle,2.5573045116002575,1.0118416927154827,0.45137880986937595
0.011,45.14999999999999,10.53364168376815,18.0,9.815857802575154,25.307303201235495,0.08,7.244941546337007,295.75,0.007,0.7,0.058,79.0,71.0,1.0,1,0.156,0.724,0.12,15.498056542818933,0.551,21.82321057118119,21.677237636173462,High,2.02458425609884,0.9739071903534262,0.3812154696132597
0.011,37.55,9.751559401061966,19.0,8.954286157204713,24.722468180419607,0.083,7.725771441587952,260.0,0.003,0.6,0.067,82.0,75.0,1.0,1,0.139,0.698,0.162,14.519259837128654,0.502,21.806426021394124,21.1995000165639,Upper-Middle,2.0519648589748276,0.9796342246002223,0.4312320916905445
0.011,45.14999999999999,12.704684989905264,47.0,11.842329926465428,28.09690418995321,0.089,8.054204897064407,234.0,0.004,0.6,0.12,84.0,78.0,1.1,1,0.147,0.684,0.169,17.643153782532448,0.78,24.97794193808505,24.0249006770192,High,2.5006244729058356,0.9892819342480443,0.4619883040935672
0.012,45.14999999999999,10.801736505909519,16.0,10.81178643448073,26.909800887578307,0.092,8.494333897270154,189.75,0.003,0.9,0.12,83.0,79.0,1.1,1,0.167,0.656,0.177,16.0368463322891,0.847,23.21316002832837,23.460680646743263,High,2.475701681657204,0.9144879621576383,0.5243902439024389
0.01,37.55,10.60641178160999,18.0,10.195186546345843,26.985309284214843,0.103,8.868554040531201,189.75,0.004,0.8,0.033,84.0,80.0,1.2,1,0.155,0.681,0.164,15.849912368799258,0.736,23.589458739202332,23.314482551502756,High,2.779486856274129,0.947408222069508,0.4684287812041116
0.018,44.3,12.56120890630288,6.0,11.497842283549172,27.31677258719436,0.061,6.444131256700441,223.0,0.022,0.3,0.12,77.0,70.0,0.9,1,0.274,0.657,0.069,18.069185391312207,0.696,23.998370755118856,22.229341236607137,High,1.666323127818856,1.00507020502548,0.5220700152207002
0.011,45.14999999999999,12.68683073767377,27.0,11.809787769845286,25.91618049712994,0.066,5.552959584921617,295.75,0.011,0.1,0.175,74.0,63.0,1.2,1,0.139,0.7,0.16,17.649749325122485,0.683,22.62865156639809,22.246055942872943,High,1.7104679128105762,0.990401321678337,0.4271428571428572
0.013,37.55,13.166319016926472,13.0,12.24630246474924,28.619742430219326,0.09,8.262558973010657,189.75,0.005,0.8,0.046,82.0,78.0,1.2,1,0.176,0.661,0.162,17.939527119904337,0.808,24.55808377148719,25.149117951172286,High,2.5757768187197394,0.9939618283641327,0.5113464447806353
0.017,37.55,10.098313930468557,9.0,9.187276432377631,23.970190506391216,0.041,6.590301048196686,189.75,0.008,0.5,0.082,77.0,75.0,1.3,1,0.217,0.763,0.021,13.925296367549347,0.885,21.379230226897583,20.37228891554277,Upper-Middle,0.9827778107620398,0.9912672928334083,0.3119266055045871
0.019,44.2,13.254399903272079,28.0,12.22740841069514,26.59816389092467,0.064,5.749392985908253,295.75,0.018,0.1,0.12,74.0,71.0,0.6,1,0.239,0.71,0.051,18.101313805987356,0.695,21.405352070652494,22.83590034610293,High,1.702282489019179,1.0020405730086261,0.4084507042253521
0.033,37.55,11.45577293346592,32.0,10.268373692146376,25.603122664076785,0.039,4.962844630259907,295.75,0.031,0.0,0.195,72.0,65.0,0.6,1,0.416,0.549,0.034,17.197519343774353,0.689,20.580549535898218,20.516241668742097,High,0.9985217838989946,1.0166305490427738,0.8196721311475408
0.022,37.55,11.169575631808748,20.0,10.037537560656384,26.085151087281588,0.076,7.638679823876112,230.0,0.004,0.6,0.066,83.0,79.0,1.3,1,0.274,0.624,0.103,15.804589796385075,0.917,22.42964895561851,22.269337873971775,High,1.9824714826334007,1.0119626384441958,0.6041666666666666
0.03,37.55,9.94097599694712,13.0,8.863615758890619,23.81302725453776,0.088,5.7899601708972535,189.75,0.019,0.2,0.09,75.0,72.0,0.9,1,0.362,0.605,0.033,15.570951937349173,0.82,21.987110038592302,20.854294100230007,Upper-Middle,2.095546398399323,1.0078429898272114,0.6528925619834711
0.021,37.55,11.289281788614336,35.0,10.26965727803665,25.716432192408814,0.019,6.956545443151569,189.75,0.01,0.4,0.076,75.0,73.0,0.6,1,0.254,0.721,0.025,14.809584955489175,0.982,20.228969516770974,22.844448950325777,High,0.48861221165576746,1.0017413582412955,0.38696255201109575
0.013,37.55,9.720585827477107,11.0,8.599141774063405,24.0846771715802,0.075,6.272877006546167,189.75,0.01,0.2,0.1,81.0,76.0,0.3,1,0.257,0.662,0.081,15.247277443109411,0.869,22.566510249021277,22.18118294197199,Upper-Middle,1.806350787868515,1.0126515532609217,0.5105740181268882
0.022,37.55,10.622984508418856,14.0,9.835208711782833,24.829931245488186,0.021,6.161207321695077,189.75,0.01,0.2,0.071,78.0,73.0,1.2,1,0.311,0.665,0.024,14.768528126634765,0.741,20.823111172821104,20.90308426435767,Upper-Middle,0.521428556155252,0.9804134641972155,0.5037593984962406
0.013,37.55,11.127233571961003,7.0,10.070822367021758,25.470543487412098,0.019,7.372118028337787,189.75,0.008,0.4,0.068,79.0,77.0,1.1,1,0.161,0.827,0.012,14.122344310598008,0.983,20.350025877585416,19.93800336967164,High,0.48394032626082983,1.0050954846053068,0.20918984280532046
0.022,37.55,12.943813100386826,20.0,11.945207756437418,26.976703802922845,0.031,6.340359303727752,189.75,0.016,0.4,0.12,76.0,73.0,1.4,1,0.32,0.65,0.03,17.08759947522799,0.816,22.636505203859777,23.496167010430717,High,0.8362778178906082,0.999892264683825,0.5384615384615384
0.026,39.8,11.12285622984002,16.0,10.045551191799596,23.436618790804065,0.034,4.51085950651685,295.75,0.014,0.1,0.102,77.0,73.0,0.3,1,0.367,0.598,0.036,16.828397691865376,0.549,21.878888380646163,20.631150549135096,Lower-Middle,0.7968450388873383,1.006998748790175,0.6739130434782609
0.016,37.55,11.9762568844479,18.0,10.974180361206104,26.477344150623747,0.027,7.21081845347222,189.75,0.008,0.6,0.12,77.0,75.0,1.4,1,0.149,0.847,0.004,15.73223256179053,0.834,22.692055108662277,23.31012720933266,High,0.7148882920668411,1.0001734167332674,0.1806375442739079
0.033,45.14999999999999,10.00820786330653,13.0,8.883085524404578,24.137616446718948,0.051,4.248495242049359,248.0,0.05,0.1,0.18,63.0,61.0,0.3,1,0.434,0.539,0.027,16.89298741325916,0.306,20.60222750969802,19.320842097961677,Upper-Middle,1.2310184387826661,1.012660250545539,0.8552875695732839
0.02,41.0,9.051344640485725,26.0,9.57073837671504,23.436618790804065,0.061,5.267858159063328,239.0,0.02,0.1,0.12,75.0,69.0,0.5,1,0.2995,0.6425000000000001,0.052,10.9517534667675,0.878,20.350025877585416,19.93800336967164,Lower-Middle,1.429633746239048,0.8562641811686308,0.5470817120622568
0.014,45.14999999999999,12.867822033942703,3.0,11.716029560946712,27.68504153747026,0.088,8.351846738828245,189.75,0.004,0.7,0.089,84.0,79.0,1.0,1,0.192,0.677,0.132,16.8718298526278,0.884,24.066339633293385,23.929623637296142,High,2.4362836552973826,1.0119370965810093,0.47858197932053176
0.022,41.5,6.983789965258135,46.0,9.57073837671504,22.012481026668567,0.036,5.043425116919247,189.75,0.02,0.1,0.08,72.0,66.0,0.7,1,0.294,0.661,0.045,13.645732402751293,0.511,20.659260508036596,18.53400943818794,Low,0.7924493169600684,0.6606719149006519,0.51285930408472
0.017,41.0,6.76849321164863,26.0,9.57073837671504,23.436618790804065,0.061,5.267858159063328,239.0,0.02,0.3,0.12,78.0,73.0,0.7,1,0.251,0.688,0.061,12.47944532520807,0.567,20.073178147762622,18.884414766473814,Lower-Middle,1.429633746239048,0.6403046760251013,0.4534883720930233
0.018,41.0,9.051344640485725,26.0,9.57073837671504,23.436618790804065,0.061,5.267858159063328,239.0,0.02,0.5,0.12,80.0,75.0,0.5,1,0.284,0.647,0.069,11.972316731768231,0.939,20.350025877585416,19.93800336967164,Lower-Middle,1.429633746239048,0.8562641811686308,0.5455950540958269
0.024,37.55,4.02535169073515,31.0,9.57073837671504,18.72111459330281,0.118,5.214935757608986,189.75,0.049,0.1,0.12,70.0,64.0,0.0,1,0.35,0.613,0.037,11.459872728935746,0.436,14.88022163978423,16.357112630168974,Low,2.209091522009732,0.380801373308235,0.631321370309951
0.02,45.14999999999999,4.605170185988092,17.0,9.57073837671504,18.84310630039904,0.118,6.345636360828596,189.75,0.032,0.0,0.12,75.0,69.0,0.5,1,0.2995,0.6425000000000001,0.052,10.863718611872649,0.708,14.914123179965662,19.93800336967164,Low,2.2234865434470867,0.4356526499730848,0.5470817120622568
0.024,45.14999999999999,4.605170185988092,16.0,9.57073837671504,19.38133143348776,0.118,5.780743515792329,189.75,0.034,0.1,0.144,69.0,68.0,0.3,1,0.378,0.583,0.039,11.556932780963226,0.223,17.11134746100564,15.76142084987672,Low,2.2869971091515553,0.4356526499730848,0.7152658662092625
0.016,41.0,8.096512917501594,26.0,9.57073837671504,23.436618790804065,0.061,5.267858159063328,239.0,0.02,0.3,0.12,81.0,72.0,0.8,1,0.248,0.667,0.086,12.404866125580032,0.66,18.839391085389497,18.939474543319914,Lower-Middle,1.429633746239048,0.7659363640421175,0.5007496251874062
0.015,37.55,10.441879704019923,1.0,9.764972332679383,25.594327884615975,0.093,7.944846711001996,189.75,0.005,0.7,0.089,82.0,78.0,1.1,1,0.208,0.666,0.125,15.26686697502847,0.861,22.362650825942563,21.82387612860986,High,2.3802724932692856,0.9699866735673215,0.4999999999999999
0.031,41.5,8.153925132007862,51.0,9.57073837671504,22.804002835534487,0.046,4.04305126783455,194.0,0.053,0.0,0.092,64.0,60.0,0.1,1,0.395,0.578,0.027,15.695109644429627,0.131,15.150511887854474,18.132998684833918,Lower-Middle,1.0489841304345864,0.7713676037966397,0.7301038062283738
0.029,37.55,5.087596335232384,35.0,9.57073837671504,20.16803392949965,0.051,5.0369526024136295,224.0,0.016,0.1,0.127,75.0,69.0,0.5,1,0.388,0.563,0.05,12.119670174029055,0.205,18.53400943818794,16.888203918950687,Low,1.028569730404482,0.48129053562040797,0.7779751332149202
0.034,37.55,5.293304824724492,55.625,9.57073837671504,20.22616649690135,0.056,4.290459441148391,189.75,0.028,0.0,0.144,68.0,65.0,0.1,1,0.41,0.558,0.032,13.129422403749214,0.191,17.5192786492025,17.516812556768127,Low,1.1326653238264757,0.5007507173183334,0.7921146953405016
0.028,37.55,5.087596335232384,25.0,9.57073837671504,19.664403478102503,0.063,5.337538079701318,189.75,0.012,0.1,0.125,75.0,69.0,0.5,1,0.377,0.563,0.059,11.541979285360966,0.233,16.785925074816024,17.038378443942648,Low,1.2388574191204578,0.48129053562040797,0.7744227353463589
0.028,37.55,4.532599493153256,47.0,9.57073837671504,20.22565882115511,0.037,4.605170185988092,189.75,0.017,0.1,0.053,72.0,68.0,0.2,1,0.388,0.574,0.037,12.32562744402074,0.24,19.05195252611337,17.281246492014,Low,0.7483493763827391,0.42878740648217667,0.740418118466899
0.018,45.14999999999999,6.129050210060545,21.0,9.57073837671504,21.02144814447186,0.044,6.555356891810665,207.0,0.009,0.4,0.104,77.0,73.0,1.6,1,0.271,0.656,0.073,11.354515728222587,0.274,19.626651553934988,17.87595358575207,Low,0.9249437183567618,0.5798128750931406,0.524390243902439
0.017,45.14999999999999,12.1550845677172,31.0,11.261832440749064,26.729628193141323,0.083,6.532334292222349,295.75,0.014,0.3,0.195,79.0,72.0,1.2,1,0.254,0.641,0.104,17.496259145994685,0.906,22.39002881618864,22.50867183237002,High,2.21855914003073,0.9912942968722102,0.5585023400936037
0.011,41.0,7.735870319952567,26.0,9.57073837671504,21.750010015659626,0.061,5.267858159063328,239.0,0.02,0.5,0.112,77.0,72.0,1.2,1,0.212,0.693,0.096,11.526285816672065,0.438,21.02559018687416,19.424982356812237,Low,1.3267506109552372,0.7318192962747948,0.4444444444444445
0.016,44.9,6.952728644624869,31.0,9.57073837671504,22.833072894343267,0.073,7.455876687491824,189.75,0.012,0.3,0.055,77.0,71.0,1.0,1,0.236,0.698,0.066,12.76093716404011,0.824,21.49105656096616,19.946737049621326,Lower-Middle,1.6668143212870585,0.657733490021867,0.4326647564469914
0.013,41.0,7.400009517162692,26.0,9.57073837671504,22.23653420064446,0.075,6.904750769961838,239.0,0.014,0.6,0.1,77.0,72.0,1.0,1,0.198,0.698,0.105,12.534062580358928,0.324,20.941597832067256,19.44672234336987,Lower-Middle,1.6677400650483345,0.7000466053973343,0.4340974212034384
0.025,37.55,6.0112671744041615,44.0,9.57073837671504,21.0377115473976,0.051,5.472270673671475,189.75,0.017,0.1,0.141,76.0,70.0,0.5,1,0.365,0.596,0.039,12.589786228473825,0.455,19.443131675252033,17.599700214609808,Low,1.0729232889172775,0.5686705091146359,0.6778523489932886
0.013,41.0,5.966146739123692,26.0,9.57073837671504,22.533180826263433,0.061,5.267858159063328,239.0,0.02,0.8,0.12,82.0,77.0,1.2,1,0.2995,0.6425000000000001,0.052,11.086349073649137,1.0,19.88161865038821,19.94456077020347,Lower-Middle,1.3745240304020694,0.5644020811512819,0.5470817120622568
0.027,45.14999999999999,9.530538036104643,50.0,8.695171998776056,23.537135926278708,0.049,4.442651256490317,295.75,0.038,0.1,0.139,68.0,64.0,0.5,1,0.37,0.585,0.046,16.101366394017443,0.656,19.525937578650403,19.758309935715648,Upper-Middle,1.1533196603876568,0.9830189745275074,0.7111111111111111
0.016,45.14999999999999,12.867925218209258,55.625,12.423580345225753,28.13392054713411,0.083,6.5722825426940075,295.75,0.017,0.3,0.22649999999999998,76.0,69.0,0.8,1,0.264,0.671,0.066,19.071784183964226,0.837,22.533028930777736,23.308696324576076,High,2.3351154054121315,0.958606041553279,0.4918032786885246
0.011,44.1,13.208497035978489,5.0,12.486446830298656,28.064464962288724,0.103,8.439015410352214,189.75,0.005,0.8,0.047,83.0,78.0,0.7,1,0.168,0.695,0.136,17.319438219244173,0.806,23.624192803281463,24.245027568038214,High,2.8906398911157383,0.9793904356115708,0.43741007194244613
0.02,41.0,6.448889394146858,26.0,9.57073837671504,23.436618790804065,0.061,5.267858159063328,239.0,0.02,0.6,0.12,75.0,69.0,1.9,1,0.2995,0.6425000000000001,0.052,10.87640433434749,1.0,20.06548580215426,18.683045016112164,Lower-Middle,1.429633746239048,0.6100699084892982,0.5470817120622568
0.015,37.55,11.173599159366109,27.0,10.319265961919356,25.91543241272371,0.068,6.597145701886651,295.75,0.008,0.4,0.133,82.0,76.0,0.9,1,0.231,0.682,0.087,16.638743973670497,0.882,21.65424811795772,21.304922642031965,High,1.7622494040652124,0.9871310734244336,0.4662756598240469
0.02,45.14999999999999,11.104054563727232,36.0,10.282232159944682,26.22066654463152,0.066,5.883322388488279,256.0,0.017,0.3,0.172,77.0,69.0,0.9,1,0.295,0.651,0.054,17.625568122385317,0.745,21.614443868415663,21.57213389293103,High,1.7305639919456803,0.9842072389850269,0.5360983102918586
0.016,45.14999999999999,9.065083359319043,55.625,8.430981494597171,24.118819579259405,0.09,6.386879319362645,282.0,0.009,0.3,0.158,81.0,77.0,0.4,1,0.26,0.678,0.062,15.326830993821222,0.694,21.65267020836074,20.391980128405255,Upper-Middle,2.170693762133346,0.9612025391537727,0.4749262536873156
0.01,41.0,10.323644209387282,26.0,9.265491216441031,24.830957594420227,0.108,6.371611847231857,239.0,0.005,0.1,0.12,80.0,76.0,0.0,1,0.181,0.7,0.118,16.23999075379929,0.764,21.576403754241372,19.93800336967164,Upper-Middle,2.6817434201973844,1.005664901145024,0.42714285714285716
0.014,41.0,9.051344640485725,26.0,9.57073837671504,23.436618790804065,0.061,5.267858159063328,239.0,0.02,0.1,0.12,79.0,72.0,0.5,1,0.201,0.671,0.128,11.884295899307563,0.902,19.763545549755886,19.249232565885325,Lower-Middle,1.429633746239048,0.8562641811686308,0.4903129657228018
0.02,37.55,4.859812404361672,13.0,9.57073837671504,19.929684260784597,0.049,5.75890177387728,189.75,0.012,0.4,0.091,75.0,69.0,1.3,1,0.2995,0.6425000000000001,0.052,11.168800017095236,0.675,18.1462439114085,16.213405921671733,Low,0.9765545287784453,0.4597420001488965,0.5470817120622568
0.023,37.55,9.953229644430943,19.0,8.868554040531201,24.547466678728057,0.053,5.501258210544727,295.75,0.027,0.2,0.199,76.0,69.0,0.7,1,0.319,0.622,0.059,16.092797945336077,0.713,22.15022218002523,20.092154049185616,Upper-Middle,1.301015733972587,1.0085803455655176,0.6077170418006431
0.022,37.55,10.297925416795092,55.625,9.30328411761892,24.846564406924433,0.063,5.594711379601839,295.75,0.022,0.2,0.12,78.0,72.0,0.8,1,0.316,0.624,0.059,16.49051422107275,0.623,20.428894777686114,20.487543504691164,Upper-Middle,1.5653335576362393,0.9994799036149391,0.6009615384615384
0.021,37.55,8.786762208441091,17.0,8.411832675758411,23.788104308945613,0.062,5.37989735354046,295.75,0.017,0.1,0.12,76.0,67.0,1.1,1,0.336,0.598,0.066,15.632251541136116,0.633,20.382182989173984,19.602407942398468,Upper-Middle,1.474862467154628,0.9335867424707536,0.6722408026755854
0.015,41.0,6.459904454377535,26.0,9.57073837671504,21.276909308910984,0.061,5.267858159063328,239.0,0.02,0.6,0.12,73.0,68.0,1.0,1,0.2995,0.6425000000000001,0.052,10.938964779201447,0.838,20.350025877585416,19.93800336967164,Low,1.29789146784357,0.6111119416792352,0.5470817120622568
0.019,45.14999999999999,5.564520407322694,20.0,9.57073837671504,20.532015632547168,0.06,6.163314804034641,189.75,0.012,0.2,0.095,74.0,70.0,0.6,1,0.282,0.643,0.074,11.551501739748469,0.358,18.65969765229688,16.213405921671733,Low,1.23192093795283,0.526407920527111,0.5536547433903577
0.033,40.9,9.345046074828474,34.0,9.006754319877503,24.390319885226376,0.069,5.298317366548036,295.75,0.03,0.1,0.134,74.0,67.0,1.1,1,0.422,0.534,0.044,16.4291261158681,0.484,20.789053578420745,20.42351118460989,Upper-Middle,1.68293207208062,0.9338738392193154,0.8726591760299625
0.022,39.0,7.351799869057777,39.0,9.57073837671504,21.376943296793264,0.066,5.111987788356544,288.0,0.034,0.2,0.146,68.0,63.0,0.6,1,0.375,0.591,0.034,13.561572691476654,0.282,17.893048018819147,17.76675429577647,Low,1.4108782575883556,0.695485935519144,0.6920473773265652
0.027,40.4,7.795234929002173,55.625,7.982074875081202,22.60250652142559,0.055,3.6109179126442243,189.75,0.061,0.1,0.178,63.0,59.0,0.3,1,0.369,0.587,0.044,16.081250737356953,0.49,19.435911427304614,19.763545549755886,Lower-Middle,1.2431378586784074,0.8678657256162875,0.7035775127768313
0.028,44.1,9.067970030684457,20.0,8.444407421690585,23.347189252113854,0.084,5.075173815233827,224.0,0.023,0.1,0.179,75.0,70.0,0.8,1,0.38,0.578,0.042,15.806444467459128,0.504,20.245230037616313,19.76875389484946,Lower-Middle,1.9611638971775638,0.9601417670587167,0.7301038062283738
0.016,45.14999999999999,9.388319179336001,8.0,8.313607139317558,23.33896955509297,0.054,5.60947179518496,295.75,0.017,0.2,0.168,75.0,70.0,1.0,1,0.3,0.622,0.078,14.798313486995477,0.534,21.521673528613896,19.558513748978886,Lower-Middle,1.2603043559750204,1.0080218157047924,0.6077170418006431
0.02,45.14999999999999,13.063557725259049,26.0,12.111085913411006,27.725488325675247,0.058,6.395261598115449,295.75,0.015,0.2,0.087,79.0,74.0,0.7,1,0.31,0.633,0.057,18.56016473465906,0.772,23.412880475960844,23.050153222561022,High,1.6080783228891644,0.9963749617334638,0.5797788309636651
0.025,45.14999999999999,8.386400901166214,39.0,7.973844375944687,22.862316370041157,0.072,4.663439094112067,240.0,0.024,0.1,0.132,76.0,70.0,0.5,1,0.358,0.598,0.044,15.550344056923516,0.567,19.52262082603541,19.620645529892812,Lower-Middle,1.6460867786429632,0.9345382591709328,0.6722408026755853
0.021,43.8,8.932872621931374,12.0,8.024207485778577,23.937490863639372,0.073,6.161207321695077,295.75,0.018,0.3,0.082,80.0,74.0,1.1,1,0.299,0.636,0.065,15.08343824439365,0.645,21.51535296581416,20.143447343479185,Upper-Middle,1.747436833045674,0.9898789047136671,0.5723270440251572
0.025,37.55,8.378850241794492,35.0,8.37770121259764,23.641259713483468,0.056,5.123963979403259,295.75,0.022,0.1,0.22649999999999998,74.0,70.0,0.9,1,0.344,0.606,0.05,15.645850471314569,0.58,18.667540829696392,19.153048642473284,Upper-Middle,1.3239105439550742,0.8934865860877153,0.6501650165016502
0.021,38.1,10.628133400155445,55.625,9.618800989064146,25.52221458492807,0.057,5.545177444479562,295.75,0.017,0.3,0.22649999999999998,76.0,71.0,0.7,1,0.308,0.635,0.057,17.169812993396384,0.762,21.597066517616977,21.082337906183188,High,1.4547662313409,1.0008788573305885,0.5748031496062992
0.012,45.14999999999999,9.051344640485725,7.0,9.57073837671504,25.262716174982426,0.061,5.267858159063328,218.0,0.02,0.4,0.12,83.0,75.0,0.7,1,0.212,0.662,0.126,15.140160073891801,0.939,21.985979136577832,21.289147667028338,High,1.541025686673928,0.8562641811686308,0.5105740181268882
0.013,41.0,9.051344640485725,26.0,9.57073837671504,23.436618790804065,0.061,5.267858159063328,239.0,0.02,0.1,0.12,77.0,72.0,0.5,1,0.2995,0.6425000000000001,0.052,10.608069110721736,1.0,20.318300605379147,18.292847383806116,Lower-Middle,1.429633746239048,0.8562641811686308,0.5470817120622568
0.02,45.14999999999999,5.521460917862246,19.0,9.57073837671504,20.415129074411713,0.042,6.403574197934815,189.75,0.009,0.6,0.087,75.0,69.0,1.5,1,0.2995,0.6425000000000001,0.052,10.841755017213652,0.318,18.5159909328476,16.52356082573315,Low,0.857435421125292,0.5223344596272275,0.5470817120622568
0.017,37.55,5.983936280687191,20.0,9.57073837671504,20.892226934795815,0.075,6.222576268071369,189.75,0.014,0.3,0.101,77.0,71.0,1.0,1,0.264,0.656,0.08,12.05951390717974,0.201,19.555303473358943,17.622173069956816,Low,1.566917020109686,0.5660849854981235,0.524390243902439
0.017,41.0,9.051344640485725,26.0,9.57073837671504,23.436618790804065,0.061,5.267858159063328,239.0,0.02,0.1,0.12,82.0,75.0,0.5,1,0.2995,0.6425000000000001,0.052,10.287967334235157,0.56,20.350025877585416,19.93800336967164,Lower-Middle,1.429633746239048,0.8562641811686308,0.5470817120622568
0.018,42.6,5.313205979041787,12.0,9.57073837671504,20.360221446798878,0.047,5.703782474656201,189.75,0.019,0.2,0.095,74.0,70.0,1.2,1,0.273,0.659,0.069,11.600560813915529,0.481,18.379858759848776,16.705882371415992,Low,0.9569304079995473,0.5026333818596423,0.5189681335356601
0.019,37.55,7.8009820712577405,55.625,9.57073837671504,21.985404441061974,0.059,6.008813185442595,199.0,0.024,0.2,0.122,73.0,67.0,1.3,1,0.293,0.644,0.063,13.152646189332255,0.665,18.234351177809064,17.370858648025116,Low,1.2971388620226563,0.7379789181464892,0.5527950310559006
0.015,37.55,10.658247102223596,43.0,9.881446421659248,24.061374086385904,0.044,6.829793737512425,210.0,0.022,0.3,0.124,73.0,66.0,1.4,1,0.209,0.712,0.078,14.090449277706186,0.094,20.13807579968689,18.440483381052466,Upper-Middle,1.0587004598009797,0.9794880835886506,0.40308988764044945
0.02,41.0,5.0689042022202315,26.0,9.57073837671504,23.436618790804065,0.061,5.267858159063328,239.0,0.02,0.1,0.12,75.0,69.0,0.5,1,0.2995,0.6425000000000001,0.052,10.291535186607224,0.893,20.350025877585416,19.93800336967164,Lower-Middle,1.429633746239048,0.4795222454266665,0.5470817120622568
0.014,45.14999999999999,15.548375990382793,5.0,14.63838471603007,30.32024860945645,0.118,8.958025443361693,189.75,0.007,0.7,0.051,81.0,76.0,0.9,1,0.201,0.673,0.127,19.532847313582007,0.804,25.862141886233083,25.504211198866813,High,3.577789335915861,0.9942443719551793,0.487369985141159
0.015,43.0,9.027858802380862,44.0,8.331827004436057,24.136594279050495,0.08,6.583409222158765,295.75,0.011,0.4,0.124,80.0,73.0,1.0,1,0.23,0.632,0.137,15.024142193065376,0.94,20.901412023166706,19.959696194235843,Upper-Middle,1.9309275423240397,0.9674267212721905,0.5806962025316456
0.021,45.14999999999999,12.13786339550314,55.625,11.150491110277452,26.477742606570157,0.056,6.452048954437226,295.75,0.014,0.3,0.224,77.0,71.0,1.0,1,0.302,0.645,0.053,17.152002755712502,0.887,20.81584501915108,21.67646692322617,High,1.4827535859679288,0.998960723919741,0.5503875968992248
0.012,41.0,9.051344640485725,26.0,9.57073837671504,23.436618790804065,0.061,5.267858159063328,239.0,0.02,0.3,0.12,82.0,76.0,0.5,1,0.211,0.666,0.123,11.581443557100629,0.942,20.869096286022256,19.93800336967164,Lower-Middle,1.429633746239048,0.8562641811686308,0.5015015015015014
0.024,45.14999999999999,11.732759546023955,25.0,10.617025422743808,25.644791520809555,0.046,5.1647859739235145,295.75,0.024,0.1,0.08,72.0,69.0,0.9,1,0.272,0.681,0.047,17.4096205185767,0.668,19.758309935715648,20.168139956026,High,1.1796604099572394,1.0099624576058484,0.4684287812041116
0.047,45.14999999999999,10.234121350021288,55.625,9.440419814291506,25.047298059681292,0.044,5.1647859739235145,272.0,0.1075,0.1,0.157,52.0,49.0,0.4,1,0.479,0.497,0.024,16.756081592584394,0.393,20.132675246516612,19.413932520666354,Upper-Middle,1.1020811146259768,0.980240405276824,1.012072434607646
0.038,45.14999999999999,8.467372496432281,31.0,8.143226750367445,22.60808062584288,0.044,3.4965075614664802,270.0,0.064,0.0,0.12,60.0,57.0,0.5,1,0.436,0.535,0.029,16.039137288503287,0.415,18.690707888799015,18.292847383806116,Lower-Middle,0.9947555475370867,0.9260814291947859,0.8691588785046729
0.025,37.55,8.388905171114706,55.625,7.6128310304073565,23.036477990869077,0.061,5.765191102784844,189.75,0.041,0.1,0.138,46.0,47.0,1.0,1,0.345,0.621,0.034,14.484219543566937,0.56,17.78580249038432,18.197537205138154,Lower-Middle,1.4052251574430137,0.9740008995297729,0.6103059581320451
0.043,44.9,7.418180822726788,14.0,9.57073837671504,22.84530655981435,0.073,3.7376696182833684,270.0,0.073,0.0,0.12,55.0,54.0,0.3,1,0.461,0.514,0.025,16.529872001213576,0.248,18.410630418199872,18.525040768285617,Lower-Middle,1.6677073788664474,0.7017656249129552,0.9455252918287939
0.045,45.14999999999999,5.198497031265826,13.0,9.57073837671504,21.27702538884208,0.07,2.70805020110221,189.75,0.063,0.0,0.141,54.0,51.0,0.1,1,0.44,0.535,0.026,16.004555999399503,0.104,14.346139397261565,18.078190449090098,Low,1.4893917772189458,0.49178182696460887,0.8710280373831776
0.039,45.14999999999999,8.80612448326845,35.0,8.841448244098858,23.821780727611195,0.051,4.04305126783455,295.75,0.069,0.0,0.12,54.0,52.0,0.4,1,0.436,0.532,0.033,16.816426672169328,0.509,19.417629382534013,19.980928414296535,Upper-Middle,1.2149108171081708,0.8947996539583276,0.8815789473684209
0.035,45.14999999999999,5.4638318050256105,23.0,9.57073837671504,21.40723511915038,0.036,2.8903717578961645,295.75,0.105,0.0,0.12,49.0,46.0,0.2,1,0.409,0.552,0.039,15.266245310407163,0.386,15.607270193858982,17.926384438531027,Low,0.7706604642894136,0.5168827011234337,0.8115942028985506
0.048,45.14999999999999,6.09807428216624,55.625,9.57073837671504,22.94826599765271,0.045,3.367295829986474,295.75,0.095,0.0,0.12,50.0,49.0,0.2,1,0.49,0.485,0.025,16.246605481618115,0.219,20.350025877585416,19.93800336967164,Lower-Middle,1.032671969894372,0.5768825284332953,1.0618556701030928
0.038,45.14999999999999,4.836281906951478,22.0,9.57073837671504,20.09815048195002,0.038,3.4657359027997265,189.75,0.065,0.0,0.105,61.0,59.0,0.2,1,0.421,0.549,0.029,13.409192085844595,0.279,17.281246492014,16.648723960844016,Low,0.7637297183141009,0.45751599695293943,0.8196721311475409
0.044,45.14999999999999,7.909122183211411,55.625,10.040026916674956,23.6281306045748,0.091,2.8903717578961645,295.75,0.095,0.0,0.22649999999999998,50.0,47.0,0.2,1,0.456,0.515,0.028,17.91792707082578,0.394,16.993564429978885,18.61130111182548,Upper-Middle,2.150159885016307,0.716404248187602,0.9398058252427185
0.039,45.14999999999999,7.542213463193403,55.625,7.256297239690681,22.9843554503467,0.023,4.007333185232471,295.75,0.045,0.0,0.12,58.0,55.0,0.7,1,0.422,0.544,0.034,15.20059093250055,0.628,20.350025877585416,19.93800336967164,Lower-Middle,0.5286401753579741,0.9135104083868919,0.838235294117647
0.036,44.4,8.675392806089782,40.0,9.157993891603974,23.860568574730983,0.068,4.442651256490317,270.0,0.079,0.0,0.12,50.0,48.0,0.7,1,0.42,0.55,0.031,16.7387443403779,0.498,18.915376991886035,20.193936743313653,Upper-Middle,1.622518663081707,0.8540458774306188,0.8199999999999998
0.029,37.8,6.278521424165844,37.0,9.57073837671504,20.90475146611687,0.083,4.61512051684126,189.75,0.064,0.0,0.111,61.0,58.0,0.2,1,0.345,0.618,0.036,13.619332643717966,0.769,16.588099342704055,16.677711496036597,Low,1.7350943716877003,0.5939529671830698,0.616504854368932
0.024,43.0,12.195375635981838,8.0,11.176977091108956,25.964928658662952,0.05,4.77912349311153,295.75,0.021,0.3,0.12,73.0,68.0,0.7,1,0.316,0.629,0.055,18.156389936892868,0.43,23.187714644917072,21.80201549685829,High,1.2982464329331478,1.0015109287580344,0.589825119236884
0.037,44.1,8.438366410870266,55.625,9.57073837671504,22.96188958950872,0.056,6.759255270663693,295.75,0.078,0.0,0.12,52.0,50.0,0.3,1,0.395,0.575,0.03,13.425207916474012,0.391,20.350025877585416,19.93800336967164,Lower-Middle,1.2858658170124884,0.7982759680684265,0.7391304347826089
0.039,45.14999999999999,6.2422232654551655,55.625,6.588926477533519,21.342064159188045,0.031,2.3978952727983707,216.0,0.041,0.0,0.12,63.0,58.0,0.0,1,0.43,0.549,0.021,15.530729097796904,0.202,17.073607134447293,19.93800336967164,Low,0.6616039889348294,0.8225436475020316,0.8214936247723132
0.035,37.55,8.803874763534434,15.0,10.385265343493456,24.1840946521925,0.045,2.772588722239781,198.0,0.054,0.0,0.12,62.0,59.0,0.0,1,0.449,0.518,0.033,18.2562545025735,0.169,20.835701267169853,18.749984498289212,Upper-Middle,1.0882842593486624,0.7732691771268857,0.9305019305019304
0.033,44.7,4.406719247264253,55.625,7.563200592358071,23.2107747980333,0.037,5.676753802268282,295.75,0.045,0.1,0.12,63.0,61.0,1.0,1,0.388,0.559,0.054,14.233665475448888,0.853,20.350025877585416,19.93800336967164,Lower-Middle,0.858798667527232,0.5146112367374501,0.7906976744186046
0.043,45.14999999999999,6.07993319509559,27.0,9.57073837671504,20.618604381333608,0.045,3.258096538021482,295.75,0.053,0.1,0.22649999999999998,59.0,57.0,0.8,1,0.46,0.515,0.025,14.303067350082598,0.556,17.974393656948944,16.012735246411598,Low,0.9278371971600123,0.5751663676104515,0.941747572815534
0.033,37.55,8.915297945118109,12.0,9.140025198061156,23.980537547083188,0.051,4.04305126783455,224.0,0.056,0.1,0.12,61.0,59.0,0.6,1,0.392,0.573,0.035,16.98062832709894,0.5,20.559569745453476,20.669865061274148,Upper-Middle,1.2230074149012424,0.8792185197747612,0.7452006980802793
0.039,45.14999999999999,7.113956109566034,40.0,9.57073837671504,22.25147714739725,0.063,3.367295829986474,295.75,0.074,0.0,0.12,56.0,54.0,0.3,1,0.43,0.538,0.032,16.175727469391298,0.344,15.404745967162468,17.147715103853763,Lower-Middle,1.4018430602860268,0.6729857325044086,0.8587360594795538
0.039,45.14999999999999,5.4638318050256105,55.625,9.57073837671504,20.53998000498856,0.068,3.6109179126442243,208.0,0.087,0.0,0.12,55.0,52.0,0.4,1,0.421,0.55,0.03,14.254349834261449,0.443,16.300417291085605,17.073607134447293,Low,1.3967186403392222,0.5168827011234337,0.8199999999999998
0.037,45.14999999999999,9.421492310438014,34.0,9.846811375342572,24.148060719848374,0.046,3.6109179126442243,295.75,0.054,0.1,0.148,60.0,57.0,0.5,1,0.426,0.548,0.026,17.499998759626507,0.232,20.84015958930759,19.240460579850964,Upper-Middle,1.110810793113025,0.8685955701096957,0.8248175182481752
0.028,37.55,3.295836866004329,40.0,9.57073837671504,21.259041279051807,0.098,4.442651256490317,295.75,0.08,0.0,0.13,47.0,46.0,0.3,1,0.381,0.576,0.043,14.503581878113181,0.243,17.216707972959764,19.324898898640836,Low,2.083386045347077,0.31178870846565615,0.7361111111111112
0.038,42.9,6.270988431858299,20.0,9.57073837671504,20.867492779832595,0.118,3.784189633918261,189.75,0.064,0.0,0.142,60.0,58.0,0.3,1,0.434,0.535,0.031,15.156138134582136,0.474,18.627694921466773,17.747336210296442,Low,2.4623641480202463,0.5932403403031785,0.8691588785046728
0.022,41.0,11.122472114482502,26.0,9.91773556580133,24.856197042303418,0.035,5.857933154483459,239.0,0.015,0.1,0.06,77.0,73.0,1.6,1,0.295,0.659,0.045,15.601306614674032,0.775,18.884414766473814,21.243843752749257,Upper-Middle,0.8699668964806196,1.0187526568533578,0.5159332321699545
0.036,38.4,7.508238774678663,7.0,9.57073837671504,22.869239672206092,0.045,2.995732273553991,201.0,0.045,0.0,0.22649999999999998,64.0,61.0,0.3,1,0.437,0.534,0.029,16.83572547084628,0.313,20.06548580215426,18.627694921466773,Lower-Middle,1.029115785249274,0.7102851765982238,0.8726591760299626
0.041,37.55,6.966967138613983,39.0,9.57073837671504,22.33881303662387,0.083,3.4011973816621555,189.75,0.055,0.0,0.22649999999999998,53.0,53.0,0.2,1,0.459,0.51,0.031,16.494704321442487,0.154,17.6441519761925,18.326370075470134,Lower-Middle,1.854121482039781,0.6590804625304743,0.9607843137254901
0.048,45.14999999999999,6.418364935936212,8.0,9.57073837671504,22.91653600267073,0.068,3.828641396489095,270.0,0.085,0.0,0.12,53.0,54.0,0.3,1,0.467,0.504,0.029,16.422582995474777,0.352,19.48539148439307,19.25792827281507,Lower-Middle,1.5583244481816096,0.6071822712095899,0.9841269841269842
0.036,45.14999999999999,7.701652362642226,19.0,9.57073837671504,21.830848724211492,0.054,3.8501476017100584,295.75,0.071,0.0,0.195,62.0,59.0,0.6,1,0.407,0.561,0.031,15.072856721841479,0.56,20.350025877585416,19.93800336967164,Low,1.1788658311074205,0.728582251132734,0.7807486631016041
0.012,37.55,8.259975659768276,6.0,9.57073837671504,22.901948576843456,0.05,5.8805329864007,189.75,0.014,0.2,0.093,77.0,69.0,0.9,1,0.217,0.708,0.075,14.058482618592663,0.408,21.052569584808435,19.766153113156168,Lower-Middle,1.145097428842173,0.781400065482951,0.4124293785310734
0.021,45.14999999999999,10.810576073645484,12.0,9.619465440915834,25.233118272053517,0.057,5.111987788356544,295.75,0.03,0.4,0.12,72.0,68.0,0.8,1,0.285,0.665,0.05,17.258379653033316,0.572,22.800204248533444,21.261512056872164,Upper-Middle,1.4382877415070505,1.0179962573250927,0.5037593984962405
0.041,37.55,7.853604813097837,26.0,9.164819856674374,22.992711609210186,0.06,3.258096538021482,230.0,0.074,0.0,0.157,50.0,48.0,0.3,1,0.453,0.515,0.032,16.96657963619267,0.307,19.19540791611303,19.324898898640836,Lower-Middle,1.379562696552611,0.772626069505899,0.9417475728155339
0.027,37.55,8.065893546964274,55.625,7.311886164077165,22.88935595595787,0.079,5.7899601708972535,295.75,0.039,0.1,0.111,64.0,59.0,0.8,1,0.382,0.584,0.034,14.577950098493352,0.406,20.051880150124926,18.603002309079653,Lower-Middle,1.808259120520672,0.9704047177431233,0.7123287671232877
0.05,45.14999999999999,6.990256500493881,17.0,9.57073837671504,22.409131678622927,0.077,3.332204510175204,270.0,0.069,0.0,0.12,57.0,56.0,0.2,1,0.497,0.477,0.026,16.543556112887753,0.174,18.049617077054286,18.24632736871235,Lower-Middle,1.7255031392539653,0.6612836541193606,1.0964360587002098
0.042,37.55,11.18052492771907,25.0,11.60144903135826,25.856008256870695,0.068,4.31748811353631,295.75,0.085,0.2,0.184,51.0,51.0,0.5,1,0.439,0.534,0.027,18.861390858452218,0.426,20.488808526996152,22.5536047883023,High,1.7582085614672074,0.8872412132840222,0.8726591760299626
0.037,37.55,6.3578422665081,3.0,9.57073837671504,22.373593794577268,0.1,3.9318256327243257,189.75,0.047,0.1,0.161,63.0,60.0,0.2,1,0.448,0.529,0.023,16.169707449618,0.23,19.222682333908697,18.812722838485147,Lower-Middle,2.2373593794577267,0.6014567800214408,0.890359168241966
0.037,45.14999999999999,4.532599493153256,55.625,9.57073837671504,19.096039850640043,0.075,4.553876891600541,295.75,0.041,0.2,0.22649999999999998,68.0,64.0,0.5,1,0.416,0.547,0.037,12.062438967650856,0.612,15.931766193248746,12.899222326086994,Low,1.4322029887980032,0.42878740648217667,0.8281535648994515
0.039,45.14999999999999,8.674196940225903,9.0,8.092851027538384,23.273725701568043,0.048,3.912023005428146,295.75,0.049,0.1,0.12,64.0,61.0,0.5,1,0.437,0.532,0.031,16.348161428287927,0.42,19.976717881769055,19.36847014676186,Lower-Middle,1.1171388336752661,0.9539578855911578,0.8796992481203006
0.018,44.1,6.628041376179533,39.0,9.57073837671504,20.557712724261002,0.027,5.5254529391317835,189.75,0.012,0.1,0.153,78.0,68.0,1.2,1,0.225,0.699,0.076,11.377094287008365,0.52,17.11134746100564,15.424948670398354,Low,0.5550582435550471,0.6270178241076914,0.43061516452074394
0.039,45.14999999999999,6.483107351457199,12.0,9.57073837671504,21.62097409841412,0.118,4.31748811353631,295.75,0.1075,0.0,0.222,45.0,44.0,0.2,1,0.423,0.551,0.025,15.545604353252465,0.379,17.034386422832473,16.906553056777135,Low,2.551274943612866,0.6133069536313591,0.8130671506352086
0.046,41.0,6.38856140554563,26.0,9.57073837671504,23.436618790804065,0.061,5.267858159063328,239.0,0.1,0.0,0.12,55.0,52.0,0.1,1,0.478,0.494,0.028,16.0541814682143,0.368,20.350025877585416,19.93800336967164,Lower-Middle,1.429633746239048,0.6043628342574625,1.0242914979757085
0.022,37.55,13.130216461066288,22.0,11.868934187032442,26.372884589550175,0.087,6.184148890937483,200.0,0.04,0.1,0.117,55.0,52.0,0.9,1,0.299,0.651,0.051,17.73198358733244,0.617,22.88474808907761,22.582683954804043,High,2.2944409592908652,1.020303334389349,0.5376344086021505
0.038,41.0,9.051344640485725,26.0,9.57073837671504,23.31095369829552,0.024,3.4339872044851463,239.0,0.073,0.1,0.12,54.0,52.0,0.5,1,0.431,0.535,0.034,16.068965488996188,0.177,20.350025877585416,19.93800336967164,Lower-Middle,0.5594628887590926,0.8562641811686308,0.8691588785046728
0.035,37.55,9.550875771331766,36.0,9.698797679880165,24.690534141203095,0.074,4.727387818712341,189.75,0.056,0.1,0.12,63.0,60.0,0.4,1,0.423,0.546,0.031,17.366654910522755,0.33,19.51595413469944,20.5817022737767,Upper-Middle,1.8270995264490288,0.8927055223497546,0.8315018315018313
0.031,37.55,6.931471805599453,55.625,9.57073837671504,21.86897821161243,0.084,5.429345628954441,189.75,0.068,0.1,0.114,48.0,48.0,0.6,1,0.393,0.574,0.033,13.97565381779217,0.216,17.50439003707821,18.400478046838927,Low,1.8369941697754442,0.6557225766619981,0.7421602787456447
0.041,44.4,8.771525284186465,26.0,9.870240958742492,23.785168053317523,0.056,3.367295829986474,189.75,0.044,0.0,0.15,59.0,57.0,0.4,1,0.448,0.521,0.031,17.591479058968122,0.274,20.898898406428497,20.5075943017116,Upper-Middle,1.3319694109857814,0.8069301607460582,0.9193857965451055
0.038,45.14999999999999,7.315883504509785,55.625,7.874358824729881,21.87478696843399,0.072,3.6375861597263857,270.0,0.062,0.0,0.12,56.0,54.0,0.4,1,0.422,0.551,0.027,15.631061095302192,0.371,18.105970012811294,18.358805350872576,Low,1.5749846617272472,0.8243844596550294,0.8148820326678765
0.018,45.14999999999999,10.118921460780285,11.0,9.126306376366173,24.49499028268908,0.062,5.560681631015528,228.0,0.016,0.3,0.12,77.0,73.0,0.9,1,0.238,0.693,0.069,16.16111692129762,0.658,21.983429921205698,19.98512129254778,Upper-Middle,1.518689397526723,0.9992707197164088,0.443001443001443
0.045,37.55,8.121777419161074,25.0,9.57073837671504,23.419546519050996,0.093,3.7612001156935624,189.75,0.054,0.1,0.21,57.0,56.0,0.3,1,0.49,0.486,0.025,17.307898402614548,0.142,20.342005418999193,19.676296784279142,Lower-Middle,2.1780178262717427,0.7683264053768962,1.0596707818930042
0.043,37.55,7.676473646389156,18.0,8.967376693212666,23.273103862179,0.064,4.174387269895637,189.75,0.065,0.1,0.221,54.0,52.0,0.3,1,0.47,0.504,0.027,16.3669094441447,0.383,18.400478046838927,18.234351177809064,Lower-Middle,1.4894786471794559,0.7701598808457283,0.986111111111111
0.032,38.2,9.075207697984686,55.625,9.076580381796658,22.822151782822115,0.061,5.267858159063328,270.0,0.059,0.1,0.12,51.0,51.0,0.3,1,0.415,0.546,0.04,16.371878507938586,0.334,20.07509202394124,19.93800336967164,Lower-Middle,1.392151258752149,0.9006237586690667,0.8333333333333331
0.039,37.55,8.783396232190894,7.0,9.57073837671504,23.247949973546365,0.087,3.58351893845611,275.0,0.077,0.0,0.15,60.0,58.0,0.4,1,0.49,0.489,0.021,17.137238523145644,0.243,18.379858759848776,17.926384438531027,Lower-Middle,2.0225716476985336,0.8309160551677961,1.0449897750511248
0.014,38.6,8.378850241794492,14.0,7.8674885686991285,22.88058660331115,0.045,4.890349128221754,295.75,0.017,0.2,0.188,78.0,71.0,0.7,1,0.206,0.686,0.108,14.903451105625473,0.638,19.739766358052602,19.753046765685223,Lower-Middle,1.0296263971490018,0.9448955222080065,0.45772594752186585
0.017,40.9,10.660313509759256,10.0,9.387481868728596,24.514058405749054,0.059,5.666426688112432,295.75,0.035,0.3,0.2,73.0,67.0,0.9,1,0.231,0.708,0.061,16.006856109869055,0.532,20.11629635446238,20.005825965866602,Upper-Middle,1.4463294459391942,1.0262654264506603,0.41242937853107353
0.021,37.55,10.865305989686245,43.0,10.279592505337806,25.21590150611221,0.037,3.1354942159291497,295.75,0.041,0.0,0.146,70.0,68.0,0.3,1,0.322,0.632,0.046,18.82282769305481,0.297,18.15931599280497,20.294020201708943,Upper-Middle,0.9329883557261518,0.9632711451716444,0.5822784810126582
0.021,40.8,5.966146739123692,46.0,9.57073837671504,20.9581467938194,0.046,4.418840607796598,274.0,0.036,0.1,0.138,67.0,66.0,0.5,1,0.305,0.651,0.044,13.465304644654124,0.34,17.747336210296442,17.341871111992198,Low,0.9640747525156923,0.5644020811512819,0.5360983102918586
0.017,37.55,9.115480090952223,55.625,8.020927718981577,23.09652989928517,0.028,6.642486801367256,189.75,0.008,0.5,0.055,80.0,76.0,1.0,1,0.271,0.694,0.035,12.88512343720436,0.751,19.352844828919817,19.98302705094905,Lower-Middle,0.6467028371799848,1.0104814465780156,0.44092219020172924
0.026,37.55,8.307212626628308,55.625,8.498621805830801,23.065257734719925,0.063,3.8501476017100584,189.75,0.039,0.0,0.12,73.0,68.0,0.4,1,0.324,0.627,0.049,16.464817042238693,0.197,20.912231937286847,18.909260764906005,Lower-Middle,1.4531112372873554,0.8745703109822588,0.594896331738437
0.012,45.14999999999999,15.855718946413452,38.0,14.64237448896892,29.238503821942306,0.051,5.247024072160486,295.75,0.015,0.3,0.053,76.0,73.0,0.6,1,0.184,0.734,0.082,21.009391699882055,0.479,24.47587098196435,24.57570867494694,High,1.4911636949190574,1.0136388792887538,0.36239782016348776
0.014,37.55,8.70930004894499,3.0,8.038189179973203,23.099736531757443,0.102,5.521460917862246,295.75,0.016,0.2,0.179,77.0,70.0,0.6,1,0.173,0.684,0.143,15.299589534944934,0.527,20.101508654335337,19.555303473358943,Lower-Middle,2.356173126239259,0.9636111698395331,0.4619883040935671
0.012,37.55,10.518592107258032,6.0,9.611395771595648,26.089458721099984,0.061,5.267858159063328,189.75,0.02,0.7,0.05,86.0,80.0,1.8,1,0.124,0.749,0.127,15.757527567146838,1.0,23.73344327498118,23.474950075132504,High,1.591456981987099,0.9912543395482402,0.33511348464619495
0.022,45.14999999999999,14.499750183791,30.0,13.456491440023912,27.942448352289986,0.039,3.8066624897703196,271.0,0.048,0.1,0.122,67.0,64.0,0.4,1,0.306,0.644,0.05,20.897335162549528,0.306,23.133448940628274,22.9543549283428,High,1.0897554857393095,1.002992340426898,0.5527950310559006
0.02,37.8,13.02388357966412,55.625,12.204987056491564,27.01405681415011,0.028,4.174387269895637,266.0,0.029,0.1,0.145,72.0,68.0,0.7,1,0.3,0.651,0.05,19.28562300096919,0.491,22.52381985402117,22.655945997375603,High,0.756393590796203,0.9862852211779781,0.5376344086021505
0.009,45.14999999999999,13.9114123808951,22.0,13.065104958564048,29.247462875047493,0.095,8.228710798793687,295.75,0.002,0.8,0.020500000000000018,86.0,80.0,0.9,1,0.134,0.643,0.223,18.664081399664546,0.897,23.251950109160063,24.272538336702674,High,2.778508973129512,0.9890727742081039,0.5552099533437014
0.022,37.55,12.274142424431561,20.0,11.05750301180195,25.470878379734962,0.045,5.796057750765372,271.0,0.021,0.2,0.12,74.0,64.0,1.1,1,0.247,0.685,0.068,16.593876435261382,0.539,20.893008612377386,21.00013971143974,High,1.1461895270880733,1.0179671871047897,0.45985401459854014
0.014,41.0,11.22106132652489,26.0,9.87091270660395,23.436618790804065,0.061,5.267858159063328,239.0,0.025,0.1,0.12,72.0,65.0,0.0,1,0.231,0.684,0.085,17.008939992222817,0.601,20.350025877585416,19.93800336967164,Lower-Middle,1.429633746239048,1.0322096800306593,0.4619883040935672
0.009,37.55,13.140943689349925,14.0,12.342258636588426,27.527808240623788,0.071,7.094234845924755,250.0,0.004,0.8,0.056,84.0,77.0,1.0,1,0.168,0.725,0.107,17.711039053835947,0.818,23.3113305789122,23.518105168182135,High,1.9544743850842887,0.9849114791789123,0.37931034482758624
0.025,45.14999999999999,8.776630098427717,11.0,7.818027938530729,22.268711693516924,0.068,4.127134385045092,202.0,0.029,0.2,0.22649999999999998,73.0,65.0,0.9,1,0.301,0.653,0.046,15.498812312754842,0.353,20.042047229228025,19.789320172378066,Lower-Middle,1.514272395159151,0.9953053176524739,0.5313935681470138
0.029,37.55,7.502186486602924,55.625,9.57073837671504,22.486777213026677,0.036,3.5553480614894135,295.75,0.061,0.1,0.22649999999999998,68.0,65.0,0.5,1,0.374,0.588,0.037,15.650962936689597,0.32,19.417629382534013,18.326370075470134,Lower-Middle,0.8095239796689603,0.7097126254802175,0.6989795918367347
0.009,41.0,7.172424577124845,26.0,9.57073837671504,23.78259543575831,0.061,5.267858159063328,239.0,0.02,0.5,0.053,82.0,77.0,2.0,1,0.133,0.796,0.071,13.164690798201605,1.0,23.638059168049267,20.706119679128733,Upper-Middle,1.4507383215812568,0.6785168946120248,0.2562814070351759
0.018,37.55,12.225301578883684,18.0,11.1542342039154,26.0327772407874,0.039,5.655991810819852,189.75,0.007,0.6,0.051,77.0,72.0,1.1,1,0.282,0.671,0.047,17.140198496504567,0.701,23.56997592416541,22.696791153173663,High,1.0152783123907085,1.005847128973818,0.4903129657228017
0.022,37.55,6.97354301952014,9.0,9.57073837671504,21.40870319405093,0.076,6.16541785423142,239.0,0.012,0.2,0.13,77.0,75.0,1.4,1,0.306,0.644,0.05,12.675016338241596,0.388,21.11056697510579,19.17209683735327,Low,1.6270614427478707,0.6597025459339044,0.5527950310559006
0.023,37.55,9.310457163310955,13.0,8.087332926473351,22.245801696160274,0.064,4.718498871295094,192.0,0.03,0.1,0.217,71.0,63.0,0.8,1,0.271,0.691,0.038,14.79842164246027,0.666,19.348900050644364,19.30444828825319,Lower-Middle,1.4237313085542576,1.0245533247920955,0.44717800289435605
0.018,41.0,9.248887781588422,26.0,9.564301637217232,23.436618790804065,0.021,2.6390573296152584,239.0,0.045,0.0,0.17,66.0,62.0,0.0,1,0.265,0.685,0.051,17.757878289724413,0.309,18.132998684833918,17.76675429577647,Lower-Middle,0.4921689946068854,0.8754850154036963,0.46131386861313867
0.024,37.55,8.162516250140179,31.0,9.209039526243135,23.280466162291003,0.06,3.4011973816621555,295.75,0.038,0.0,0.08,68.0,66.0,0.2,1,0.377,0.574,0.048,17.09434985437252,0.165,19.90000997331735,20.164649551092324,Lower-Middle,1.3968279697374602,0.7995381180724976,0.740418118466899
0.027,37.55,11.969660200519217,21.0,11.328978588058833,25.84648533459546,0.03,3.367295829986474,295.75,0.075,0.1,0.145,67.0,65.0,0.6,1,0.36,0.597,0.043,18.951861783375364,0.362,20.671972543611492,20.8167561809445,High,0.7753945600378638,0.970855786229718,0.6750418760469011
0.025,45.14999999999999,11.222385980669468,42.0,10.548048298172429,25.849213207568745,0.043,4.3694478524670215,195.0,0.026,0.1,0.086,72.0,65.0,0.8,1,0.357,0.607,0.037,18.33606360031544,0.455,21.771636909528283,21.902228478575775,High,1.111516167925456,0.9717993630530192,0.6490939044481054
0.01,37.55,10.117307776389454,3.0,10.249308807716778,25.982875853915935,0.045,7.4413203897176174,189.75,0.002,0.7,0.054,84.0,79.0,1.4,1,0.177,0.735,0.088,15.422465590601782,1.0,22.9642946243477,23.475970678652807,High,1.1692294134262171,0.8993715035584412,0.36054421768707484
0.019,45.14999999999999,9.459697330106296,40.0,9.114159813502214,24.462552589724577,0.033,4.23410650459726,256.0,0.01,0.1,0.157,77.0,71.0,0.8,1,0.251,0.673,0.076,16.83349348935284,0.183,20.44090292729849,20.415381058537655,Upper-Middle,0.8072642354609111,0.9352924518236084,0.48588410104011887
0.032,45.14999999999999,7.970394907191429,38.0,7.755338812846501,22.32859170269301,0.059,3.713572066704308,224.0,0.046,0.1,0.226,70.0,64.0,0.7,1,0.362,0.604,0.034,15.823375133329593,0.265,16.785925074816024,15.573368647930426,Lower-Middle,1.3173869104588876,0.9103468269550754,0.6556291390728477
0.011,37.55,12.530284313323746,32.0,11.583393248239855,26.298120572134437,0.041,5.10594547390058,264.0,0.013,0.2,0.06,77.0,70.0,1.0,1,0.199,0.715,0.086,18.009358556594776,0.427,23.70965459554772,22.472291763761508,High,1.078222943457512,0.9957794424867443,0.39860139860139865
0.037,37.55,5.214935757608986,55.625,9.57073837671504,20.532952431432534,0.068,3.9318256327243257,276.0,0.054,0.0,0.112,67.0,64.0,0.3,1,0.476,0.494,0.03,13.863497542528448,0.289,16.588099342704055,18.049617077054286,Low,1.3962407653374125,0.4933369431501887,1.0242914979757085
0.022,41.0,10.789855015758926,26.0,9.897167623791308,23.729660364410854,0.021,4.465908118654584,239.0,0.052,0.0,0.12,69.0,61.0,0.4,1,0.297,0.661,0.042,15.420732194385621,0.481,20.350025877585416,19.93800336967164,Upper-Middle,0.49832286765262795,0.99015224765396,0.51285930408472
0.023,45.14999999999999,11.666573161179576,15.0,10.710677449136734,24.21420728094906,0.054,4.174387269895637,205.0,0.041,0.2,0.12,71.0,65.0,0.6,1,0.303,0.652,0.045,17.139373264697888,0.362,18.410630418199872,19.93800336967164,Upper-Middle,1.3075671931712494,0.9962338397459313,0.5337423312883435
0.017,39.9,11.849811901513094,39.0,10.88652062535208,25.386842666525343,0.065,4.290459441148391,295.75,0.021,0.3,0.101,80.0,71.0,1.1,1,0.24,0.694,0.065,18.270148521272347,0.298,21.8384074278936,20.818576017659826,High,1.6501447733241474,0.9969117351497551,0.4394812680115274
0.013,37.55,8.263848131368906,6.0,7.634820677745543,23.211850124676346,0.06,5.442417710521793,295.75,0.015,0.4,0.127,80.0,74.0,0.8,1,0.236,0.666,0.098,14.874794180985775,0.511,21.423388631739307,21.249767940688077,Lower-Middle,1.3927110074805806,0.9570376085130823,0.5015015015015014
0.01,41.0,6.249975242259483,26.0,9.57073837671504,23.436618790804065,0.062,7.924072324923417,239.0,0.003,0.8,0.12,75.0,69.0,0.8,1,0.2995,0.6425000000000001,0.052,11.2728900459858,0.884,20.350025877585416,19.93800336967164,Lower-Middle,1.453070365029852,0.5912524763669086,0.5470817120622568
0.009,45.14999999999999,11.039122627865256,25.0,10.372365548494354,26.6732142724849,0.112,8.542080906924017,189.75,0.004,0.7,0.12,83.0,77.0,1.4,1,0.15,0.675,0.175,15.939599886479193,0.658,23.778209970179372,23.27012955386295,High,2.987399998518309,0.9706971325175862,0.4814814814814814
0.011,45.14999999999999,11.006987875277014,10.0,10.193841053543068,24.619335399783512,0.061,5.752572638825633,295.75,0.005,0.3,0.117,76.0,65.0,1.0,1,0.148,0.711,0.141,16.067539032526813,0.742,20.148790187880163,20.438246883243902,Upper-Middle,1.5017794593867941,0.9833075012078262,0.40646976090014064
0.012,45.14999999999999,11.55401942250519,4.0,10.952506854859305,26.882898814828817,0.106,8.447843113281444,189.75,0.004,0.7,0.095,83.0,77.0,1.1,1,0.168,0.661,0.171,16.194732009761214,0.976,23.165612872402573,23.82749370669856,High,2.8495872743718547,0.9666607652107634,0.5128593040847201
0.009,37.55,10.328461127032336,55.625,8.726156679156613,23.561343180261623,0.099,6.089044875446846,295.75,0.007,0.4,0.079,78.0,73.0,0.8,1,0.178,0.674,0.148,15.164478630375227,0.392,20.43957578709219,19.467999741741696,Upper-Middle,2.3325729748459008,1.0619262538888024,0.4836795252225518
0.011,37.55,10.664433558660509,18.0,9.770698741272664,24.606245415971866,0.072,6.139884552226255,295.75,0.012,0.5,0.113,77.0,70.0,1.4,1,0.133,0.686,0.181,15.822978540317527,0.72,22.175581993842325,21.39365603089525,Upper-Middle,1.7716496699499742,0.9901338636271616,0.45772594752186585
0.01,37.55,9.978409479053388,22.0,9.07371849443322,24.853662945788866,0.078,6.999422467507961,196.0,0.005,0.5,0.116,80.0,73.0,1.1,1,0.154,0.672,0.174,15.303702219729775,0.573,22.95414008249389,20.763447627539858,Upper-Middle,1.9385857097715316,0.9905388446746354,0.488095238095238
0.012,37.55,9.004791129062925,8.0,7.8343923029104365,23.88207953808896,0.074,7.65728279297819,189.75,0.003,0.5,0.12,81.0,77.0,0.9,1,0.181,0.705,0.114,13.902196381967281,0.677,21.62910211132091,21.21674182298779,Upper-Middle,1.7672738858185828,1.0192881208248303,0.41843971631205673
0.011,45.14999999999999,11.591015498184522,20.0,10.646495752266999,26.007419210375303,0.08,7.312553498102598,295.75,0.004,0.6,0.06,80.0,74.0,1.2,1,0.142,0.708,0.15,16.16153217661138,0.733,22.79467520705499,22.14830002662273,High,2.0805935368300243,0.9952363135433525,0.4124293785310734
0.011,37.55,10.70333435175513,6.0,9.817875196460205,26.46159445172929,0.115,8.774158291205957,189.75,0.004,0.9,0.12,81.0,77.0,1.2,1,0.181,0.656,0.163,15.524449130589948,0.867,22.449063550674737,22.916928522827778,High,3.0430833619488684,0.9894118907248481,0.5243902439024389
0.012,45.14999999999999,9.598727138549595,7.0,8.465899897028686,23.68887992851968,0.068,6.876264611890766,189.75,0.004,0.7,0.094,80.0,70.0,1.2,1,0.153,0.674,0.174,14.104079237264022,0.682,21.091375159202848,20.360860219735475,Upper-Middle,1.6108438351393384,1.0140321832013672,0.4851632047477744
0.02,41.0,6.504288173536645,26.0,9.57073837671504,21.510876644995452,0.061,5.267858159063328,239.0,0.02,0.8,0.12,84.0,78.0,1.1,1,0.2995,0.6425000000000001,0.052,10.811766273800105,0.407,20.350025877585416,19.93800336967164,Low,1.3121634753447227,0.6153106757295337,0.5470817120622568
0.011,45.14999999999999,10.88123079872325,14.0,10.41211075274692,26.201329090471933,0.092,8.324093761450404,243.0,0.003,0.8,0.12,83.0,77.0,1.4,1,0.166,0.666,0.167,15.490524952667865,0.834,22.135227945058546,22.376912004236182,High,2.4105222763234178,0.9534810022855863,0.5
0.013,45.14999999999999,12.785280954657422,7.0,12.443000751815001,28.594075275959618,0.117,8.471568013389962,189.75,0.004,0.7,0.12,85.0,78.0,0.9,1,0.184,0.65,0.166,17.985316920738825,0.781,24.798376610070203,24.54768092387487,High,3.3455068072872756,0.9510734389367064,0.5384615384615384
0.008,43.9,13.50387726468998,18.0,12.654756872758314,28.824403301060283,0.118,8.461257559085935,196.0,0.004,0.8,0.12,83.0,77.0,1.3,1,0.136,0.659,0.206,18.22103772913441,0.741,24.58327950223479,25.257068906596825,High,3.4012795895251133,0.9889503995219904,0.5189681335356601
0.011,45.14999999999999,11.460610596321757,19.0,10.29000766547652,26.494756785237,0.1,7.959275960116396,224.0,0.004,0.4,0.12,83.0,78.0,1.2,1,0.145,0.667,0.189,16.23027063529393,0.759,23.417622710984205,21.9473353432655,High,2.6494756785237,1.0151109667858704,0.5007496251874062
0.01,45.14999999999999,10.792961918250924,4.0,10.121015365064702,25.56454858417543,0.077,6.885509670034818,295.75,0.006,0.6,0.11,78.0,70.0,1.2,1,0.147,0.687,0.165,16.120358189486577,0.684,22.631325762018996,21.896676335999018,High,1.968470240981508,0.9705014842579647,0.4541484716157205
0.016,37.55,7.628031126930335,5.0,8.591372589590488,23.217746634463342,0.097,8.215276958936633,189.75,0.002,0.9,0.19,84.0,80.0,1.1,1,0.211,0.669,0.12,12.671377753994355,0.935,20.125428838008972,20.09590639879713,Lower-Middle,2.252121423542944,0.7953013039248452,0.49476831091180856
0.017,37.55,10.612114303944459,13.0,9.57254997141339,26.141332540073485,0.1,8.525359754082631,189.75,0.004,0.7,0.12,83.0,78.0,1.1,1,0.212,0.676,0.112,15.327418548789069,0.616,22.85837857611494,22.79442315916459,High,2.6141332540073488,1.0037421750323285,0.47928994082840237
0.02,41.0,9.051344640485725,26.0,9.57073837671504,23.436618790804065,0.061,5.267858159063328,239.0,0.02,0.1,0.12,75.0,69.0,0.5,1,0.2995,0.6425000000000001,0.052,11.33013179674921,0.52,20.350025877585416,19.93800336967164,Lower-Middle,1.429633746239048,0.8562641811686308,0.5470817120622568
0.01,45.14999999999999,12.903194416928862,10.0,12.012845842096063,28.37825249560633,0.094,8.103796712981794,295.75,0.004,0.5,0.048,85.0,79.0,1.5,1,0.14,0.658,0.201,17.894663069826677,0.682,24.45945817413481,24.261293331164858,High,2.667555734586995,0.9915736014629112,0.5182370820668694
0.019,37.55,9.051344640485725,52.0,7.798112628829788,22.44969943711541,0.061,5.267858159063328,189.75,0.02,0.1,0.141,72.0,68.0,0.5,1,0.2995,0.6425000000000001,0.052,14.381662084213099,0.56,20.350025877585416,19.93800336967164,Lower-Middle,1.36943166566404,1.0287825380668738,0.5470817120622568
0.01,37.7,8.82834762005316,16.0,8.390268497842571,23.9765732813515,0.068,6.665683717782408,279.0,0.009,0.7,0.162,78.0,68.0,1.1,1,0.141,0.677,0.182,14.57709645649647,0.678,20.736182063200125,20.624549865111007,Upper-Middle,1.6304069831319021,0.9401592320902737,0.47710487444608557
0.011,41.0,9.051344640485725,26.0,9.57073837671504,22.297318548054584,0.061,5.267858159063328,239.0,0.02,0.8,0.12,84.0,80.0,1.0,1,0.2995,0.6425000000000001,0.052,10.487154632477253,0.145,20.350025877585416,19.93800336967164,Lower-Middle,1.3601364314313296,0.8562641811686308,0.5470817120622568
0.012,43.6,9.439784035838873,26.0,9.078749951588586,24.335536394462054,0.075,6.729824070489475,189.75,0.006,0.6,0.084,79.0,68.0,1.6,1,0.154,0.692,0.155,14.96700526103296,0.668,20.784360937246955,20.880269586610776,Upper-Middle,1.8251652295846539,0.9366026621536532,0.44653179190751446
0.011,37.55,9.235032984566555,24.0,8.283241441385425,24.623636249349897,0.08,9.003070169818264,189.75,0.002,0.9,0.12,83.0,78.0,1.4,1,0.178,0.682,0.14,13.117921526976824,0.882,22.145892127554774,22.007527472778005,Upper-Middle,1.9698908999479918,0.9948069370894576,0.4662756598240469
0.011,37.55,9.34215779659637,4.0,7.941651252930556,22.9547387392107,0.069,5.726847747587197,189.75,0.01,0.5,0.101,77.0,72.0,0.9,1,0.178,0.707,0.115,14.557714057747443,0.57,19.26224793394093,18.826145858727198,Lower-Middle,1.5838769730055384,1.0447911165775507,0.4144271570014144
0.01,41.0,7.823245690685523,26.0,6.656726524178391,22.815055940581335,0.083,7.4205789054108005,239.0,0.006,0.6,0.045,83.0,78.0,1.0,1,0.159,0.699,0.141,12.929938150001266,0.945,20.833912357928728,19.707154772552474,Lower-Middle,1.8936496430682508,1.0217480885573356,0.4291845493562232
0.012,37.55,8.422442854870427,10.0,8.06211758275474,22.41693864805231,0.118,5.25227342804663,228.0,0.016,0.3,0.205,72.0,65.0,0.6,1,0.169,0.719,0.112,15.086844302902035,0.449,19.29614948547293,19.5423583088088,Lower-Middle,2.6451987604701723,0.9294122237939599,0.3908205841446454
0.02,41.0,9.051344640485725,26.0,9.57073837671504,22.43842857778839,0.043,8.773229786032473,239.0,0.003,0.7,0.12,75.0,69.0,0.6,1,0.2995,0.6425000000000001,0.052,10.499986158040269,1.0,20.350025877585416,19.93800336967164,Lower-Middle,0.9648524288449006,0.8562641811686308,0.5470817120622568
0.012,37.55,7.508238774678663,12.0,6.902742737158593,22.148332499880937,0.063,6.052089168924417,295.75,0.007,0.4,0.094,77.0,72.0,2.1,1,0.196,0.679,0.125,13.336521076606184,0.629,20.490071951041326,18.1462439114085,Lower-Middle,1.395344947492499,0.9500801208389364,0.4727540500736377
0.011,38.5,12.041498664683656,8.0,11.266717974057467,27.403283238243606,0.118,8.655388690167637,189.75,0.004,0.9,0.020500000000000018,83.0,79.0,1.2,1,0.177,0.673,0.15,16.62071100249067,0.862,23.60627724049225,23.77159056066701,High,3.233587422112745,0.9816398070086781,0.48588410104011875
0.013,40.7,10.759561079588272,7.0,10.301457978882032,26.660404051564093,0.101,8.980298078970817,189.75,0.003,0.9,0.043,83.0,79.0,1.1,1,0.189,0.662,0.149,15.390093429813826,0.788,22.32245137311822,23.30507231155001,High,2.6927008092079734,0.9520507088283342,0.5105740181268882
0.011,42.2,12.607489570791769,32.0,11.45108197563649,26.789182053293217,0.072,6.70196036600254,295.75,0.005,0.6,0.12,80.0,72.0,1.2,1,0.152,0.715,0.134,17.457078359371835,0.61,23.01002637969508,22.78860845437352,High,1.9288211078371116,1.0125617673597627,0.4000000000000001
0.009,42.3,10.95800861969127,5.0,10.09216387496809,26.17909651199071,0.108,7.776115477098742,295.75,0.003,0.5,0.12,82.0,76.0,1.1,1,0.153,0.669,0.178,16.173364591979354,0.6,23.234083868600113,22.25019132802325,High,2.8273424232949966,0.9879054026978837,0.49476831091180856
0.011,45.1,11.293624521373468,9.0,10.45975488349865,25.825229888195132,0.056,6.068425588244111,202.0,0.013,0.4,0.173,77.0,70.0,1.1,1,0.15,0.702,0.148,16.82945046199283,0.537,21.246217641103012,21.293680252689352,High,1.4462128737389275,0.9855031487310082,0.42450142450142453
0.012,45.14999999999999,14.269365115045625,29.0,13.379971735069851,27.83203659494029,0.062,6.26530121273771,295.75,0.011,0.3,0.153,75.0,63.0,1.6,1,0.148,0.72,0.133,18.770698291523154,0.736,23.238459179420133,23.8923209668727,High,1.725586268886298,0.9923082866877632,0.39027777777777783
0.011,41.0,9.051344640485725,26.0,9.57073837671504,23.436618790804065,0.051,8.174421152646497,239.0,0.003,0.5,0.057,86.0,80.0,1.0,1,0.2995,0.6425000000000001,0.052,10.331985359754865,0.941,20.350025877585416,19.93800336967164,Lower-Middle,1.1952675583310073,0.8562641811686308,0.5470817120622568
0.01,37.55,10.739175419878183,13.0,9.627602289963859,24.418362734712677,0.105,6.359573868672378,279.0,0.007,0.4,0.118,76.0,71.0,1.2,1,0.171,0.692,0.137,15.806231262359454,0.552,20.71220489059811,20.824919491576253,Upper-Middle,2.563928087144831,1.0104984291724661,0.44508670520231225
0.011,45.14999999999999,10.430904771395038,18.0,9.72531736686465,25.19192587998357,0.092,7.297091005160418,257.0,0.007,0.7,0.12,79.0,71.0,1.0,1,0.153,0.726,0.121,15.49938911578165,0.55,21.65503614006281,21.533751510368234,Upper-Middle,2.3176571809584887,0.9725497544362478,0.37741046831955927
0.011,37.55,9.636326803305096,6.0,8.867568333206442,24.619329675936868,0.092,7.71244383427499,260.0,0.003,0.6,0.059,82.0,76.0,1.0,1,0.14,0.696,0.165,14.528298588029196,0.501,21.729397273185988,21.098958787407717,Upper-Middle,2.264978330186192,0.9765655000205906,0.4382183908045978
0.011,45.14999999999999,12.571541806735675,47.0,11.757697426803988,28.005570447543672,0.096,8.025843344150903,213.0,0.004,0.6,0.12,85.0,79.0,1.1,1,0.148,0.682,0.17,17.652011142146286,0.782,24.813317866099894,23.849456034900264,High,2.6885347629641925,0.9854083684664602,0.4662756598240469
0.012,45.14999999999999,10.686132599540365,16.0,10.723443579959769,26.729084466562195,0.099,8.379768515504566,189.75,0.003,0.9,0.12,83.0,79.0,1.1,1,0.166,0.655,0.179,16.04536537549838,0.849,23.035801260892637,23.27200763564185,High,2.6461793621896574,0.9115182349499596,0.5267175572519084
0.01,37.55,10.635831407498888,18.0,10.202443337211285,26.95662967924606,0.11,8.892611378172106,189.75,0.004,0.8,0.028,84.0,80.0,1.2,1,0.152,0.681,0.167,15.862407213488352,0.736,23.53657654876612,23.292666809787434,High,2.9652292647170664,0.9494206832691332,0.4684287812041116
0.018,43.3,12.534822282347466,6.0,11.489267816619554,27.14416251120611,0.067,6.364750756851911,223.0,0.021,0.4,0.12,77.0,70.0,0.9,1,0.271,0.66,0.069,18.081580190330126,0.701,23.99401278926248,22.34482992937594,High,1.8186588882508095,1.003647488899813,0.5151515151515151
0.011,45.14999999999999,12.47538960696398,27.0,11.647639907515146,25.487384629648897,0.078,5.293304824724492,295.75,0.011,0.2,0.209,75.0,64.0,1.2,1,0.139,0.702,0.159,17.6453100010498,0.685,22.19321177079185,22.045288308312756,High,1.988016001112614,0.9863808345421966,0.4245014245014246
0.013,37.55,13.07129953037593,12.0,12.18834646093394,28.423109137696713,0.099,8.164225652265827,189.75,0.005,0.8,0.020500000000000018,82.0,78.0,1.2,1,0.176,0.66,0.164,17.947091028378356,0.81,24.375585035774478,24.836317655539453,High,2.8138878046319746,0.9911249730279136,0.515151515151515
0.017,37.55,10.09286747369753,9.0,9.14216859187285,23.85608102068874,0.045,6.593044534142437,189.75,0.007,0.5,0.079,77.0,75.0,1.2,1,0.205,0.775,0.02,13.990757146086265,0.885,21.350807260942265,20.20742767303192,Upper-Middle,1.0735236459309934,0.9951389963863521,0.29032258064516125
0.019,44.2,13.266436015366573,9.0,12.271036076380826,26.616734657417858,0.072,5.8805329864007,295.75,0.017,0.1,0.12,75.0,71.0,0.7,1,0.237,0.712,0.051,18.11338021524388,0.7,21.538188074874952,22.863684879467673,High,1.9164048953340855,0.9996533758941067,0.4044943820224719
0.033,37.55,11.577326476653807,32.0,10.399615695541534,25.43872427733014,0.046,4.969813299576001,295.75,0.031,0.0,0.156,72.0,65.0,0.7,1,0.415,0.551,0.034,17.222133196271493,0.69,21.082337906183188,20.92293603289398,High,1.1701813167571864,1.015589190535763,0.8148820326678764
0.022,37.55,11.112895559352003,20.0,9.97413239210546,26.050124361845057,0.076,7.587817219993427,230.0,0.004,0.6,0.042,83.0,80.0,1.2,1,0.272,0.624,0.104,15.828491866533657,0.918,22.34601476363754,22.16806492767466,High,1.9798094515002242,1.0126445683620844,0.6025641025641025
0.029,37.55,9.96434744079289,12.0,8.917176635955164,23.893720991971744,0.095,5.910796644040527,189.75,0.018,0.3,0.092,75.0,72.0,1.0,1,0.356,0.61,0.034,15.593002224456317,0.822,21.967996634032534,20.907252673891374,Upper-Middle,2.2699034942373157,1.0047564752115745,0.639344262295082
0.021,37.55,11.312887902370495,35.0,10.335789314597852,25.385868152840235,0.039,7.288927694521257,189.75,0.01,0.5,0.062,75.0,73.0,0.9,1,0.253,0.724,0.023,14.862865691942664,0.982,20.307750394499898,22.640041379637815,High,0.9900488579607691,0.9979797249585554,0.3812154696132597
0.013,37.55,9.948365311314214,9.0,8.802823159741887,24.282595537152886,0.074,6.405228458030842,189.75,0.009,0.3,0.096,81.0,77.0,0.6,1,0.247,0.67,0.083,15.261705749615107,0.871,22.691356735842596,22.31819906338055,Upper-Middle,1.7969120697493135,1.0148469628800443,0.4925373134328358
0.022,37.55,10.603237884229646,12.0,9.813562845008141,24.599514778586652,0.03,6.238324625039508,189.75,0.01,0.3,0.074,78.0,74.0,1.5,1,0.292,0.683,0.024,14.795048352402256,0.746,20.811276715184874,20.981776532870114,Upper-Middle,0.7379854433575995,0.9805498924089032,0.4626647144948755
0.012,37.55,11.099241675837533,7.0,10.124348500692786,25.306173530726053,0.026,7.4073177104694174,189.75,0.008,0.5,0.07,79.0,77.0,1.2,1,0.146,0.843,0.011,14.26281026773299,0.985,20.350025877585416,19.93800336967164,High,0.6579605117988774,0.9977430745851148,0.18623962040332148
0.021,37.55,12.973928332172953,21.0,12.076396668373784,26.784950857288557,0.041,6.368187186350492,189.75,0.015,0.4,0.12,77.0,73.0,1.7,1,0.313,0.657,0.03,17.103777212456915,0.819,22.631919057794246,23.78253613135131,High,1.098182985148831,0.9921638706136333,0.5220700152207001
0.025,39.7,11.036710585787613,15.0,9.963358949573518,23.436618790804065,0.035,4.564348191467836,295.75,0.014,0.2,0.1,77.0,73.0,0.5,1,0.361,0.602,0.036,16.86153410655206,0.553,22.053254362119688,20.7030631306493,Lower-Middle,0.8202816576781423,1.0066906170409524,0.6594684385382059
0.016,37.55,11.999066926110146,15.0,11.013254067546377,26.263758254215077,0.034,7.198183577101943,189.75,0.008,0.6,0.12,77.0,75.0,1.4,1,0.141,0.855,0.004,15.859107281738725,0.837,22.718238222135813,23.059962459665872,High,0.8929677806433127,0.9988190425877567,0.1695906432748538
0.033,45.14999999999999,10.045811427748324,12.0,8.957381735582787,24.049693630907335,0.053,4.189654742026425,248.0,0.048,0.1,0.18,64.0,61.0,0.4,1,0.427,0.547,0.027,16.916936461687293,0.312,20.61679359354824,19.43952806776172,Upper-Middle,1.2746337624380888,1.0088808177203383,0.829981718464351
0.02,41.0,9.051344640485725,26.0,9.57073837671504,23.436618790804065,0.061,5.267858159063328,239.0,0.02,0.1,0.12,75.0,69.0,0.5,1,0.2995,0.6425000000000001,0.052,10.937490206427041,0.877,20.350025877585416,19.93800336967164,Lower-Middle,1.429633746239048,0.8562641811686308,0.5470817120622568
0.014,45.14999999999999,12.886881521295361,3.0,11.712669367456051,27.554906852616462,0.09,8.323365694436081,189.75,0.004,0.7,0.06,84.0,79.0,1.0,1,0.19,0.677,0.133,16.89244030296463,0.886,24.056255752931136,23.809341430443684,High,2.4799416167354815,1.0137038216604048,0.4771048744460857
0.022,41.2,6.742880635791903,46.0,9.57073837671504,21.796731182348264,0.042,4.969813299576001,189.75,0.02,0.2,0.079,72.0,66.0,0.8,1,0.292,0.662,0.047,13.655905027454052,0.514,20.400301951731205,18.5159909328476,Low,0.9154627096586272,0.6378817066029137,0.512084592145015
0.017,41.0,6.773080375655535,26.0,9.57073837671504,23.436618790804065,0.061,5.267858159063328,239.0,0.02,0.4,0.12,78.0,73.0,0.8,1,0.244,0.692,0.065,12.489042382348304,0.566,19.902285287149308,18.915376991886035,Lower-Middle,1.429633746239048,0.6407386252766513,0.44653179190751446
0.018,41.0,9.051344640485725,26.0,9.57073837671504,23.436618790804065,0.061,5.267858159063328,239.0,0.02,0.5,0.12,81.0,75.0,0.5,1,0.279,0.65,0.071,11.974279292308294,0.94,20.350025877585416,19.93800336967164,Lower-Middle,1.429633746239048,0.8562641811686308,0.5384615384615385
0.024,37.55,3.713572066704308,31.0,9.57073837671504,18.660683410364435,0.115,4.969813299576001,189.75,0.049,0.1,0.12,70.0,65.0,0.1,1,0.343,0.619,0.038,11.47494318464235,0.437,14.80876270134486,16.204273438942487,Low,2.14597859219191,0.3513067805068823,0.6155088852988692
0.02,45.14999999999999,4.6443908991413725,17.0,9.57073837671504,18.836497283980062,0.118,6.313548046277095,189.75,0.032,0.1,0.12,75.0,69.0,0.5,1,0.2995,0.6425000000000001,0.052,10.865554387046867,0.711,15.068273812173887,19.93800336967164,Low,2.2227066795096473,0.4393629596747869,0.5470817120622568
0.024,45.14999999999999,4.605170185988092,16.0,9.57073837671504,19.441370856141717,0.118,5.8805329864007,189.75,0.033,0.2,0.154,69.0,68.0,0.3,1,0.374,0.588,0.039,11.55199232013413,0.223,17.11134746100564,15.894952224644102,Low,2.2940817610247226,0.4356526499730848,0.7023809523809523
0.016,41.0,7.955074273262696,26.0,9.57073837671504,23.436618790804065,0.061,5.267858159063328,239.0,0.02,0.3,0.12,81.0,72.0,0.9,1,0.241,0.668,0.091,12.411382110699046,0.666,18.76427045543464,18.951309000896888,Lower-Middle,1.429633746239048,0.7525561592542992,0.497005988023952
0.014,37.55,10.383627138969754,1.0,9.768240403128102,25.50199288724958,0.1,7.902117546276448,189.75,0.005,0.8,0.067,83.0,79.0,1.1,1,0.207,0.666,0.127,15.277793496790228,0.861,22.247363702431315,21.671055236267534,High,2.550199288724958,0.9642826265239565,0.5015015015015014
0.031,42.1,8.111928063310739,51.0,9.57073837671504,22.791974259729447,0.042,3.9318256327243257,194.0,0.052,0.0,0.101,64.0,60.0,0.2,1,0.393,0.579,0.027,15.718338720163219,0.13,14.557448378884015,18.6983124881264,Lower-Middle,0.9572629189086368,0.7673946487200451,0.7253886010362696
0.028,37.55,5.087596335232384,9.0,9.57073837671504,20.032248243205935,0.057,5.081404364984463,224.0,0.016,0.1,0.121,75.0,69.0,0.5,1,0.385,0.565,0.05,12.126515236746746,0.203,18.560442695023177,16.811242881518265,Low,1.1418381498627383,0.48129053562040797,0.7699115044247788
0.033,37.55,5.293304824724492,55.625,9.57073837671504,20.208708867025507,0.078,4.5217885770490405,189.75,0.028,0.0,0.153,68.0,66.0,0.1,1,0.409,0.559,0.032,13.15185421617136,0.196,17.72753358339242,17.445170678943438,Low,1.5762792916279895,0.5007507173183334,0.7889087656529515
0.028,37.55,5.153291594497779,25.0,9.57073837671504,19.579203036805602,0.046,4.983606621708336,189.75,0.012,0.1,0.125,75.0,69.0,0.5,1,0.376,0.565,0.059,11.547887121203127,0.233,16.636889503897294,16.765198945372877,Low,0.9006433396930577,0.48750535779499776,0.7699115044247788
0.028,37.55,4.770684624465665,47.0,9.57073837671504,20.22909378281992,0.039,4.6443908991413725,189.75,0.016,0.1,0.055,73.0,69.0,0.6,1,0.385,0.576,0.039,12.349454116457993,0.243,19.181486577659022,17.147715103853763,Low,0.7889346575299768,0.45131044345723387,0.7361111111111112
0.017,41.0,6.214608098422191,21.0,9.57073837671504,20.910820590813582,0.046,6.459904454377535,207.0,0.009,0.4,0.101,78.0,73.0,1.6,1,0.267,0.661,0.073,11.3655964644899,0.268,19.535822337850373,17.804494623047066,Low,0.9618977471774248,0.5879067172934273,0.5143721633888049
0.017,45.14999999999999,12.098710127201674,26.0,11.239488119601551,26.659471926001288,0.094,6.588926477533519,295.75,0.013,0.3,0.157,79.0,72.0,1.3,1,0.251,0.643,0.105,17.504980887476954,0.908,22.221995627619503,22.47524443633605,High,2.505990361044121,0.9884980490177182,0.5536547433903577
0.011,41.0,7.739359202689098,26.0,9.57073837671504,21.63912966250903,0.061,5.267858159063328,239.0,0.02,0.6,0.108,77.0,72.0,1.3,1,0.21,0.69,0.099,11.527015729312232,0.434,20.925390021853538,19.39524038772408,Low,1.319986909413051,0.7321493472714419,0.44782608695652176
0.016,44.9,7.404887575616125,31.0,9.57073837671504,22.780004098629153,0.074,7.403061091090091,189.75,0.012,0.3,0.055,78.0,71.0,1.0,1,0.23,0.702,0.068,12.778443878638065,0.825,21.42883553799874,19.77134793001978,Lower-Middle,1.6857203032985573,0.7005080734877922,0.4245014245014246
0.013,41.0,7.393263094763838,26.0,9.57073837671504,22.247723036686732,0.08,6.933423025730715,239.0,0.014,0.6,0.092,77.0,72.0,1.2,1,0.195,0.701,0.104,12.538992150094499,0.322,20.83837864493818,19.49568317039431,Lower-Middle,1.7798178429349387,0.6994083886372152,0.42653352353780316
0.025,37.55,6.028278520230698,44.0,9.57073837671504,21.014815421671788,0.058,5.560681631015528,189.75,0.016,0.1,0.141,76.0,70.0,0.5,1,0.36,0.601,0.039,12.614922020541483,0.452,19.360688006350088,17.57671069691365,Low,1.2188592944569638,0.570279795544807,0.6638935108153078
0.012,41.0,6.1463292576688975,26.0,9.57073837671504,22.482222805665558,0.061,5.267858159063328,239.0,0.02,0.8,0.12,82.0,77.0,1.3,1,0.2995,0.6425000000000001,0.052,11.091894840320453,1.0,19.71814389409788,19.82432374586387,Lower-Middle,1.371415591145599,0.5814474863182575,0.5470817120622568
0.027,45.14999999999999,9.575608290332934,50.0,8.73294952429643,23.576281356510933,0.058,4.61512051684126,295.75,0.036,0.2,0.124,68.0,64.0,0.6,1,0.365,0.589,0.046,16.1174361335245,0.66,19.53909566318463,19.776515900164867,Upper-Middle,1.3674243186776343,0.9838341672716246,0.6977928692699491
0.016,45.14999999999999,12.813520315500082,55.625,12.390329827791884,28.113563342644234,0.088,6.598509028614515,295.75,0.016,0.4,0.22649999999999998,77.0,69.0,0.9,1,0.259,0.673,0.067,19.080741159773098,0.84,22.45226298461561,23.280260563206202,High,2.4739935741526926,0.9569234275996231,0.48439821693907875
0.011,42.3,13.149857914593722,5.0,12.434510159065493,27.946444189456958,0.114,8.418256443556213,189.75,0.005,0.8,0.024,83.0,79.0,0.7,1,0.166,0.695,0.139,17.33088662072749,0.808,23.468483362454293,24.126627541471205,High,3.185894637598093,0.9788118627995015,0.43884892086330946
0.016,41.0,6.376726947898627,26.0,9.57073837671504,23.436618790804065,0.061,5.267858159063328,239.0,0.02,0.6,0.12,75.0,69.0,2.0,1,0.2995,0.6425000000000001,0.052,10.901837419265844,1.0,19.942379744261864,18.603002309079653,Lower-Middle,1.429633746239048,0.6032432854402227,0.5470817120622568
0.014,37.55,11.11643991964264,27.0,10.291636938434605,25.872638656423895,0.075,6.634633357861686,295.75,0.008,0.4,0.073,82.0,76.0,1.0,1,0.226,0.685,0.089,16.64823731306705,0.884,21.57768116552801,21.131394063138952,High,1.940447899231792,0.9844843560108077,0.45985401459854014
0.02,45.14999999999999,11.16833435934526,20.0,10.335789314597852,26.177824570076588,0.07,5.883322388488279,208.0,0.016,0.3,0.13,77.0,70.0,0.9,1,0.291,0.654,0.055,17.639850586384522,0.747,21.68223284348429,21.556609648434232,High,1.8324477199053613,0.9852277639778513,0.529051987767584
0.016,45.14999999999999,8.964311948124514,55.625,8.425516402844334,24.103671652369428,0.097,6.429719478039138,282.0,0.009,0.3,0.197,81.0,77.0,0.4,1,0.255,0.682,0.064,15.341876596095293,0.706,21.41691289304776,19.951075451210514,Upper-Middle,2.3380561502798347,0.951068521340577,0.46774193548387094
0.01,41.0,10.305680646773872,26.0,9.421168397567744,24.851667322122896,0.117,6.480044561926653,239.0,0.005,0.1,0.12,81.0,77.0,0.1,1,0.177,0.701,0.121,16.239324033473945,0.765,21.456594807619496,19.93800336967164,Upper-Middle,2.9076450766883792,0.9889179652042831,0.42510699001426533
0.013,41.0,9.051344640485725,26.0,9.57073837671504,23.436618790804065,0.061,5.267858159063328,239.0,0.02,0.1,0.12,80.0,72.0,1.4,1,0.2,0.67,0.13,11.890615046521852,0.9,19.750404756229365,19.36847014676186,Lower-Middle,1.429633746239048,0.8562641811686308,0.4925373134328358
0.02,37.55,4.859812404361672,13.0,9.57073837671504,19.994683364995183,0.05,5.8377304471659395,189.75,0.011,0.4,0.1,75.0,69.0,1.4,1,0.2995,0.6425000000000001,0.052,11.17039290160962,0.678,18.184958423089522,16.380459992348886,Low,0.9997341682497591,0.4597420001488965,0.5470817120622568
0.022,38.4,9.919557732713622,13.0,8.845345196421732,24.562394719564466,0.054,5.54907608489522,295.75,0.026,0.3,0.181,76.0,70.0,0.9,1,0.315,0.625,0.059,16.106454757909816,0.725,22.121735774243408,20.07509202394124,Upper-Middle,1.3263693148564812,1.0075378297877116,0.5984
0.022,37.55,10.3246291400293,55.625,9.447702360527948,24.858747320110236,0.071,5.713732805509369,295.75,0.022,0.2,0.12,78.0,73.0,0.9,1,0.313,0.627,0.061,16.507189139127256,0.625,20.32874067036026,20.5075943017116,Upper-Middle,1.7649710597278265,0.9882200682741856,0.5964912280701754
0.021,37.55,8.776012719182917,17.0,8.346404870435956,23.751513702225484,0.068,5.43372200355424,295.75,0.016,0.1,0.12,76.0,67.0,1.2,1,0.328,0.604,0.068,15.637392586350682,0.638,20.1236090012953,19.348900050644364,Upper-Middle,1.615102931751333,0.9389720262325386,0.6556291390728477
0.016,41.0,6.324358962381311,26.0,9.57073837671504,20.960479393471566,0.061,5.267858159063328,239.0,0.02,0.6,0.12,73.0,68.0,0.9,1,0.2995,0.6425000000000001,0.052,10.938876011037202,0.841,20.350025877585416,19.93800336967164,Low,1.2785892430017656,0.5982892336369285,0.5470817120622568
0.019,45.14999999999999,5.537334267018537,20.0,9.57073837671504,20.463823210036374,0.062,6.137727054086234,189.75,0.012,0.2,0.11,75.0,70.0,1.1,1,0.279,0.648,0.073,11.55499787739207,0.357,18.53400943818794,16.118095750958314,Low,1.2687570390222551,0.5238360906950492,0.54320987654321
0.033,40.9,9.379661116592885,37.0,9.139810605785655,24.353816944330433,0.071,5.25227342804663,295.75,0.029,0.1,0.138,74.0,67.0,1.2,1,0.419,0.537,0.044,16.45378107812614,0.489,20.88793245934982,20.57476582978806,Upper-Middle,1.7291210030474606,0.9250331669154611,0.8621973929236498
0.022,38.8,7.349873704738337,30.0,9.57073837671504,21.429114555365935,0.064,5.111987788356544,288.0,0.033,0.2,0.145,68.0,63.0,0.6,1,0.376,0.591,0.033,13.568402129196231,0.282,17.370858648025116,17.76675429577647,Low,1.37146333154342,0.695303718889539,0.6920473773265652
0.027,40.4,7.724888439323074,55.625,7.913155185928068,22.608006931544445,0.065,3.784189633918261,189.75,0.06,0.1,0.173,63.0,60.0,0.4,1,0.365,0.59,0.044,16.09433089277788,0.505,19.558513748978886,19.88624828827623,Lower-Middle,1.469520450550389,0.8666839383116531,0.6932203389830508
0.027,44.1,8.970432074329242,14.0,8.401557847817314,23.403429850496906,0.091,5.159055299214529,224.0,0.022,0.1,0.194,75.0,70.0,1.1,1,0.374,0.584,0.043,15.826384807228395,0.511,20.23875752312117,19.704388519067237,Lower-Middle,2.1297121163952184,0.9541431557975083,0.714041095890411
0.016,45.14999999999999,9.058703197313223,8.0,8.014004994779459,23.218537185685655,0.052,5.438079308923196,295.75,0.016,0.2,0.164,75.0,70.0,1.1,1,0.296,0.626,0.078,14.801844755924225,0.536,21.45081444470678,19.372338623524815,Lower-Middle,1.207363933655654,1.004958750584191,0.597444089456869
0.02,45.14999999999999,13.008607720958121,11.0,12.076834879228507,27.52043937359528,0.064,6.267200548541362,295.75,0.015,0.3,0.071,79.0,74.0,0.7,1,0.305,0.636,0.058,18.572738546667942,0.775,23.252348849146973,22.890832718376824,High,1.761308119910098,0.9947825938844912,0.570754716981132
0.024,45.14999999999999,8.411165786770708,39.0,7.973844375944687,22.84920169399339,0.077,4.700480365792417,240.0,0.023,0.1,0.14,77.0,70.0,0.6,1,0.351,0.604,0.045,15.563549739452782,0.57,19.626651553934988,19.519293035953808,Lower-Middle,1.759388530437491,0.9372979332378109,0.6556291390728476
0.021,43.8,9.063810579280286,12.0,8.122074375362217,23.978477448373752,0.081,6.295266001439646,295.75,0.017,0.4,0.082,80.0,74.0,1.7,1,0.296,0.638,0.066,15.100836687652126,0.648,21.547441280351357,20.036100730052084,Upper-Middle,1.942256673318274,0.9936128786409267,0.567398119122257
0.025,37.55,8.41604600941128,35.0,8.406708458240965,23.49146387805012,0.075,5.236441962829949,295.75,0.021,0.2,0.22649999999999998,74.0,70.0,0.9,1,0.34,0.61,0.051,15.6635533174826,0.583,19.23161096461314,19.249232565885325,Upper-Middle,1.761859790853759,0.8946855371113589,0.6409836065573771
0.021,37.55,10.765469922956939,41.0,9.75272280064639,25.520736946933994,0.053,5.459585514144159,295.75,0.016,0.3,0.21,76.0,71.0,0.9,1,0.304,0.637,0.059,17.18053843878683,0.766,21.61526387666136,21.06259114326228,High,1.3525990581875016,1.0011854785570946,0.5698587127158555
0.012,45.14999999999999,9.051344640485725,7.0,9.57073837671504,25.291623044071667,0.061,5.267858159063328,218.0,0.02,0.4,0.12,82.0,74.0,0.7,1,0.208,0.664,0.128,15.134706056401045,0.939,21.878888380646163,21.049687738435622,High,1.5427890056883717,0.8562641811686308,0.5060240963855421
0.02,41.0,9.051344640485725,26.0,9.57073837671504,23.436618790804065,0.061,5.267858159063328,239.0,0.02,0.1,0.12,78.0,73.0,0.5,1,0.2995,0.6425000000000001,0.052,10.574746933338044,1.0,20.24361583226438,18.459901466721032,Lower-Middle,1.429633746239048,0.8562641811686308,0.5470817120622568
0.02,45.14999999999999,5.564520407322694,19.0,9.57073837671504,20.37920935853429,0.05,6.532334292222349,189.75,0.009,0.7,0.088,75.0,69.0,1.5,1,0.2995,0.6425000000000001,0.052,10.853831824535135,0.318,18.234351177809064,16.213405921671733,Low,1.0189604679267146,0.526407920527111,0.5470817120622568
0.017,37.55,5.955837369464831,14.0,9.57073837671504,20.888780276271444,0.081,6.2878585601617845,189.75,0.014,0.4,0.106,77.0,72.0,1.1,1,0.258,0.66,0.083,12.073689165230697,0.192,19.505870015666712,17.665658180950928,Low,1.691991202377987,0.5634268068334944,0.5166666666666667
0.017,41.0,9.051344640485725,26.0,9.57073837671504,23.436618790804065,0.061,5.267858159063328,239.0,0.02,0.1,0.12,82.0,75.0,0.5,1,0.2995,0.6425000000000001,0.052,10.302968122297036,0.56,20.350025877585416,19.93800336967164,Lower-Middle,1.429633746239048,0.8562641811686308,0.5470817120622568
0.017,41.0,5.313205979041787,11.0,9.57073837671504,20.329948864530206,0.051,5.762051382780177,189.75,0.019,0.3,0.092,74.0,70.0,1.1,1,0.269,0.663,0.068,11.601394112957836,0.484,18.292847383806116,16.454567959008102,Low,1.0368273920910405,0.5026333818596423,0.5082956259426847
0.019,37.55,7.81156848934518,55.625,9.57073837671504,22.077917258546158,0.061,6.126869184114185,199.0,0.023,0.3,0.117,73.0,67.0,1.5,1,0.29,0.647,0.064,13.161918649970984,0.664,18.064005814299346,17.370858648025116,Low,1.3467529527713156,0.7389804014592121,0.5471406491499227
0.015,37.55,10.782657764306842,43.0,9.917291833512525,23.685041591607156,0.061,6.78897174299217,210.0,0.021,0.4,0.119,73.0,66.0,1.4,1,0.208,0.711,0.081,14.095048809341069,0.092,20.121785846737108,18.72816545105327,Upper-Middle,1.4447875370880365,0.9876678143940056,0.40646976090014064
0.02,41.0,5.087596335232384,26.0,9.57073837671504,23.436618790804065,0.061,5.267858159063328,239.0,0.02,0.1,0.12,75.0,69.0,0.5,1,0.2995,0.6425000000000001,0.052,10.317185345570769,0.898,20.350025877585416,19.93800336967164,Lower-Middle,1.429633746239048,0.48129053562040797,0.5470817120622568
0.014,45.14999999999999,15.485449037461514,5.0,14.587681003665828,30.299491606112227,0.118,8.988446040062405,189.75,0.006,0.7,0.033,81.0,76.0,0.9,1,0.2,0.672,0.128,19.541613826541333,0.806,25.730629117178935,25.38939000228091,High,3.5753400095212426,0.9934414897135583,0.4880952380952381
0.015,41.9,8.973604867142505,55.625,8.327242607457793,24.139723602906155,0.089,6.6895992691789665,295.75,0.011,0.4,0.153,80.0,73.0,1.2,1,0.228,0.634,0.138,15.02758009510336,0.942,21.101702273351588,19.906820442304415,Upper-Middle,2.1484354006586477,0.9620854999490923,0.5772870662460567
0.021,45.14999999999999,12.129958046061201,55.625,11.150491110277452,26.52059690911942,0.058,6.501289670540389,295.75,0.014,0.3,0.199,77.0,71.0,1.0,1,0.298,0.647,0.055,17.168324127884667,0.887,20.77680660482231,21.545245889788884,High,1.5381946207289263,0.9983101041735768,0.5455950540958269
0.012,41.0,9.051344640485725,26.0,9.57073837671504,23.436618790804065,0.061,5.267858159063328,239.0,0.02,0.3,0.12,82.0,76.0,0.5,1,0.208,0.662,0.13,11.577851411049064,0.944,20.74404837710837,19.93800336967164,Lower-Middle,1.429633746239048,0.8562641811686308,0.5105740181268882
0.025,45.14999999999999,11.723802084181457,25.0,10.599281228036979,25.80595698212743,0.042,5.204006687076795,295.75,0.024,0.1,0.08,72.0,69.0,0.9,1,0.271,0.681,0.047,17.428124895730242,0.675,19.593162884282904,20.418098451510463,High,1.083850193249352,1.0107352217518009,0.46696035242290745
0.046,45.14999999999999,10.322822692163156,55.625,9.50144159247362,25.135711278575535,0.034,4.976733742420574,282.0,0.1075,0.1,0.225,52.0,49.0,0.5,1,0.478,0.498,0.024,16.788441086360773,0.401,20.40306057416648,19.432281659267208,Upper-Middle,0.8546141834715683,0.9829910114018555,1.0080321285140563
0.038,45.14999999999999,8.554488976159934,31.0,8.203577736937952,22.604014996580485,0.043,3.4339872044851463,270.0,0.062,0.0,0.12,60.0,57.0,0.7,1,0.434,0.537,0.029,16.067833298651525,0.419,18.819456870621142,18.326370075470134,Lower-Middle,0.9719726448529608,0.9294743001764474,0.8621973929236499
0.024,37.55,8.562931083090092,55.625,7.724888439323074,23.34406555662126,0.056,5.978885764901122,189.75,0.04,0.1,0.115,46.0,47.0,1.2,1,0.343,0.623,0.035,14.493210034768072,0.562,18.197537205138154,18.30414693893237,Lower-Middle,1.3072676711707907,0.9814373149457086,0.6067415730337079
0.043,44.8,7.428927194802272,14.0,9.57073837671504,22.943478418647597,0.074,3.7376696182833684,270.0,0.07,0.0,0.12,56.0,54.0,0.4,1,0.46,0.515,0.025,16.558946242503943,0.257,18.46947091764561,18.5159909328476,Lower-Middle,1.697817402979922,0.7027822399962644,0.941747572815534
0.045,45.14999999999999,5.733341276897746,13.0,9.57073837671504,21.429755812687212,0.088,2.995732273553991,211.0,0.061,0.0,0.124,54.0,51.0,0.2,1,0.439,0.535,0.025,16.03826793683868,0.106,14.557448378884015,17.370858648025116,Low,1.8858185115164745,0.542378504942191,0.8672897196261682
0.039,45.14999999999999,8.886823846515187,19.0,8.845777255188445,23.83648339961246,0.053,4.060443010546419,295.75,0.066,0.0,0.12,55.0,53.0,0.4,1,0.434,0.533,0.032,16.84198268361859,0.515,18.95717412031489,19.39524038772408,Upper-Middle,1.2633336201794605,0.902602569221448,0.8742964352720449
0.035,45.14999999999999,5.579729825986222,23.0,9.57073837671504,21.409395834565945,0.039,2.9444389791664403,295.75,0.103,0.0,0.12,50.0,46.0,0.2,1,0.406,0.555,0.039,15.285668471869622,0.388,15.789591722875162,17.926384438531027,Low,0.8349664375480719,0.5278467432584569,0.8018018018018017
0.047,45.14999999999999,6.152732694704104,55.625,9.57073837671504,23.08954894854847,0.04,3.4011973816621555,295.75,0.094,0.0,0.12,51.0,49.0,0.2,1,0.488,0.487,0.025,16.27687406343671,0.22,20.350025877585416,19.93800336967164,Lower-Middle,0.9235819579419388,0.5820532563985493,1.053388090349076
0.037,45.14999999999999,4.941642422609304,22.0,9.57073837671504,20.11331246857281,0.034,3.332204510175204,189.75,0.063,0.1,0.105,62.0,59.0,0.2,1,0.422,0.549,0.029,13.434370189911627,0.279,17.370858648025116,16.759949589762293,Low,0.6838526239314756,0.4674831829623776,0.8214936247723132
0.044,45.14999999999999,8.019941687677365,55.625,10.076053342881366,23.74482599247733,0.07,2.772588722239781,295.75,0.092,0.0,0.22649999999999998,51.0,47.0,0.2,1,0.455,0.517,0.028,17.945723457581508,0.399,16.185754392890075,18.826145858727198,Upper-Middle,1.6621378194734133,0.7240793664858811,0.9342359767891684
0.039,45.14999999999999,7.615298339825815,55.625,7.321188556739478,23.20882894355281,0.023,4.219507705176107,295.75,0.042,0.1,0.12,59.0,56.0,0.9,1,0.422,0.544,0.034,15.229351017584102,0.632,20.350025877585416,19.93800336967164,Lower-Middle,0.5338030657017147,0.9151695443384766,0.838235294117647
0.037,44.2,8.666647144584575,40.0,9.19023970026918,23.855309742132466,0.069,4.430816798843313,270.0,0.077,0.0,0.12,50.0,49.0,0.8,1,0.418,0.551,0.031,16.758716619505304,0.506,19.176802728368536,20.159390993848074,Upper-Middle,1.6460163722071404,0.8504851111947486,0.8148820326678764
0.028,37.8,6.29156913955832,37.0,9.57073837671504,20.84425413115778,0.088,4.718498871295094,189.75,0.062,0.1,0.103,62.0,59.0,0.2,1,0.341,0.622,0.037,13.634033044865202,0.77,16.705882371415992,16.835935492889124,Low,1.8342943635418845,0.5951872911183984,0.6077170418006431
0.024,42.6,12.229676861153346,8.0,11.206074164582533,26.11182516405044,0.048,4.844187086458591,295.75,0.02,0.3,0.11,73.0,68.0,0.9,1,0.315,0.63,0.055,18.173189503679787,0.43,23.335759161223756,21.715035030367392,High,1.2533676078744211,1.0019336845125273,0.5873015873015873
0.037,44.1,8.451053388911692,55.625,9.57073837671504,23.173098479725656,0.043,6.630683385642372,295.75,0.076,0.1,0.12,53.0,50.0,0.6,1,0.393,0.578,0.029,13.453346289499603,0.392,20.350025877585416,19.93800336967164,Lower-Middle,0.9964432346282032,0.7994761659722336,0.7301038062283738
0.038,45.14999999999999,6.2422232654551655,55.625,6.61472560020376,21.473284493072345,0.032,2.5649493574615367,216.0,0.039,0.0,0.12,64.0,59.0,0.0,1,0.43,0.549,0.021,15.56317183847053,0.206,20.350025877585416,19.93800336967164,Low,0.6871451037783151,0.8197568229232228,0.8214936247723132
0.035,37.55,8.7787879291047,15.0,10.41184012081972,24.103770999254678,0.047,2.70805020110221,198.0,0.051,0.0,0.12,63.0,60.0,0.1,1,0.444,0.523,0.033,18.282513272732192,0.173,21.08373357982119,18.778355195217188,Upper-Middle,1.1328772369649698,0.7692701471595901,0.9120458891013383
0.033,43.5,7.853604813097837,55.625,7.59337419312129,23.402198001307692,0.035,5.777652323222656,295.75,0.043,0.1,0.12,63.0,61.0,1.0,1,0.386,0.56,0.053,14.257772289647061,0.857,20.350025877585416,19.93800336967164,Lower-Middle,0.8190769300457693,0.913913980306407,0.7839285714285713
0.043,45.14999999999999,6.161207321695077,27.0,9.57073837671504,20.673871582451152,0.047,3.332204510175204,295.75,0.052,0.1,0.22649999999999998,59.0,57.0,0.9,1,0.46,0.515,0.025,14.334685826227707,0.563,18.197537205138154,16.213405921671733,Low,0.9716719643752042,0.5828549626454507,0.941747572815534
0.032,37.55,9.104979856318357,12.0,9.211539652551664,24.19443106158076,0.053,4.2626798770413155,224.0,0.055,0.1,0.12,62.0,60.0,0.7,1,0.39,0.575,0.035,17.00445907510112,0.507,20.375125796873945,20.59770261510485,Upper-Middle,1.2823048462637803,0.8916363414446714,0.7391304347826089
0.038,45.14999999999999,7.1204443723924875,40.0,9.57073837671504,22.278449544663253,0.062,3.332204510175204,295.75,0.071,0.0,0.12,56.0,55.0,0.4,1,0.428,0.54,0.032,16.20207221087893,0.349,14.508658238524095,16.648723960844016,Lower-Middle,1.3812638717691217,0.6735995271699492,0.8518518518518517
0.039,45.14999999999999,5.476463551931511,55.625,9.57073837671504,20.543410309800358,0.071,3.6635616461296463,208.0,0.085,0.0,0.12,55.0,52.0,0.4,1,0.419,0.551,0.03,14.277119676690479,0.452,16.42558042423569,17.19990085520835,Low,1.4585821319958252,0.5180776741192393,0.8148820326678764
0.037,45.14999999999999,9.427707270512938,33.0,9.889388628156626,24.20266217413833,0.044,3.58351893845611,295.75,0.052,0.1,0.144,61.0,58.0,0.6,1,0.426,0.548,0.026,17.526865412371475,0.236,21.205691986807988,19.17209683735327,Upper-Middle,1.0649171356620863,0.8657701173540425,0.8248175182481752
0.028,37.55,2.9444389791664403,40.0,9.57073837671504,21.500609707896253,0.108,4.77912349311153,295.75,0.077,0.0,0.112,48.0,47.0,0.5,1,0.376,0.581,0.043,14.51310881775714,0.248,17.034386422832473,19.443131675252033,Low,2.3220658484527954,0.2785461974588622,0.7211703958691911
0.037,42.9,6.684611727667927,20.0,9.57073837671504,20.979996165946833,0.118,3.784189633918261,189.75,0.06,0.0,0.142,60.0,59.0,0.4,1,0.433,0.536,0.031,15.191247131266367,0.478,16.300417291085605,18.71335036537787,Low,2.4756395475817263,0.6323694229716842,0.8656716417910446
0.022,41.0,10.985902706301667,26.0,9.981003994963956,25.03748580147006,0.033,5.966146739123692,239.0,0.014,0.1,0.06,77.0,73.0,1.8,1,0.294,0.66,0.046,15.614016054827454,0.776,18.951309000896888,21.504423895286944,Upper-Middle,0.826237031448512,1.000446107782126,0.515151515151515
0.035,37.7,7.607878073278507,7.0,9.57073837671504,22.88716152090573,0.045,2.995732273553991,201.0,0.044,0.0,0.22649999999999998,65.0,62.0,0.4,1,0.434,0.537,0.028,16.86381312769185,0.319,20.26598098168823,18.5159909328476,Lower-Middle,1.0299222684407578,0.7197111310631764,0.8603351955307262
0.041,37.55,7.122866658599083,39.0,9.57073837671504,22.40940864401022,0.085,3.4339872044851463,189.75,0.053,0.0,0.22649999999999998,54.0,53.0,0.2,1,0.458,0.511,0.031,16.524473342535494,0.155,17.665658180950928,18.34811006187022,Lower-Middle,1.904799734740869,0.6738286773125666,0.9569471624266145
0.048,45.14999999999999,6.436150368369428,8.0,9.57073837671504,22.966341582455588,0.069,3.8501476017100584,270.0,0.083,0.0,0.12,54.0,54.0,0.5,1,0.468,0.503,0.029,16.45356467023954,0.36,19.505870015666712,19.275096076363752,Lower-Middle,1.5846775691894357,0.6088647868295388,0.9880715705765408
0.035,45.14999999999999,7.703459047867175,19.0,9.57073837671504,21.983698355111624,0.06,4.07753744390572,295.75,0.07,0.0,0.17,63.0,60.0,0.8,1,0.406,0.563,0.031,15.09905792963393,0.567,20.350025877585416,19.93800336967164,Low,1.3190219013066975,0.728753164947887,0.7761989342806396
0.012,37.55,8.323365694436081,6.0,9.57073837671504,22.997279770311344,0.054,6.059123195581797,189.75,0.013,0.3,0.089,77.0,69.0,1.0,1,0.212,0.711,0.077,14.063093031155502,0.406,21.18385024490657,19.86288273937462,Lower-Middle,1.2418531075968127,0.7873968116333845,0.40646976090014064
0.022,45.14999999999999,10.831884705071992,12.0,9.691778378847582,25.231602068538123,0.059,5.1298987149230735,295.75,0.029,0.5,0.12,72.0,68.0,1.0,1,0.281,0.669,0.05,17.270007318812986,0.577,22.82446887053007,21.354005557909936,Upper-Middle,1.488664522043749,1.0131041180671678,0.4947683109118087
0.041,37.55,7.9665866976384025,13.0,9.19786285046507,22.950529007878384,0.057,3.1354942159291497,230.0,0.072,0.0,0.163,50.0,48.0,0.3,1,0.453,0.514,0.032,16.9921995406646,0.31,19.2271566142836,19.376192192825954,Lower-Middle,1.308180153449068,0.7812015923782589,0.943579766536965
0.027,37.55,8.063692634269517,55.625,7.347943823148687,23.13393530563101,0.082,6.0330862217988015,295.75,0.038,0.1,0.097,65.0,60.0,0.9,1,0.377,0.589,0.034,14.594361928183309,0.416,20.143447343479185,18.7922443072814,Lower-Middle,1.8969826950617428,0.9659495565733269,0.6977928692699492
0.05,45.14999999999999,7.253470382684528,17.0,9.57073837671504,22.466988029938772,0.069,3.2188758248682006,270.0,0.066,0.0,0.12,57.0,57.0,0.2,1,0.498,0.476,0.026,16.58143631939911,0.176,18.26985786584569,19.93800336967164,Lower-Middle,1.5502221740657753,0.6861838903006333,1.1008403361344539
0.042,37.55,11.276075914099845,25.0,11.65389537311305,26.634231581005796,0.056,4.394449154672439,295.75,0.082,0.2,0.176,52.0,51.0,0.5,1,0.44,0.532,0.027,18.88885633460322,0.435,20.41945438391976,22.848994412696907,High,1.4915169685363245,0.8911149951547102,0.8778195488721805
0.037,37.55,6.38856140554563,3.0,9.57073837671504,22.45045283779403,0.108,4.04305126783455,189.75,0.044,0.1,0.167,64.0,61.0,0.3,1,0.447,0.53,0.023,16.198452124786723,0.24,19.2271566142836,18.603002309079653,Lower-Middle,2.424648906481755,0.6043628342574625,0.8867924528301887
0.036,37.55,4.605170185988092,55.625,9.57073837671504,19.119004094997955,0.071,4.465908118654584,295.75,0.04,0.2,0.22649999999999998,68.0,64.0,0.6,1,0.416,0.548,0.036,12.090824519274445,0.619,16.22245575637265,13.304686600863562,Low,1.3574492907448548,0.4356526499730848,0.8248175182481751
0.039,45.14999999999999,8.862200330487287,9.0,8.139440521874608,23.28300377119304,0.048,3.8918202981106265,295.75,0.047,0.2,0.12,64.0,61.0,0.6,1,0.436,0.533,0.031,16.376649974501717,0.422,19.955395112345702,19.19540791611303,Lower-Middle,1.117584181017266,0.9696655182859645,0.8761726078799249
0.017,44.1,6.558197802812269,39.0,9.57073837671504,20.696260183814093,0.037,5.978885764901122,189.75,0.012,0.4,0.127,78.0,69.0,1.3,1,0.223,0.701,0.076,11.405017262267613,0.523,17.182806422433504,15.424948670398354,Low,0.7657616268011214,0.6204105682209016,0.42653352353780316
0.038,45.14999999999999,6.536691597591305,12.0,9.57073837671504,21.670341595252516,0.118,4.248495242049359,295.75,0.1075,0.0,0.213,45.0,45.0,0.3,1,0.422,0.553,0.026,15.565054179765847,0.382,17.073607134447293,16.906553056777135,Low,2.557100308239797,0.6183760646266837,0.810126582278481
0.045,41.0,6.413458957167357,26.0,9.57073837671504,23.436618790804065,0.061,5.267858159063328,239.0,0.097,0.1,0.12,56.0,52.0,0.1,1,0.477,0.495,0.028,16.081034699839048,0.373,20.350025877585416,19.93800336967164,Lower-Middle,1.429633746239048,0.6067181618357678,1.02020202020202
0.022,37.55,13.039253470681322,22.0,11.865636563242488,26.623734076829976,0.087,6.423246963533519,200.0,0.035,0.2,0.098,56.0,53.0,1.0,1,0.297,0.651,0.052,17.745288978932827,0.622,23.05618612983354,22.81993315941418,High,2.3162648646842077,1.0134946224063925,0.5360983102918586
0.037,41.0,9.051344640485725,26.0,9.57073837671504,23.516790792176714,0.021,3.4965075614664802,239.0,0.071,0.1,0.12,54.0,52.0,0.5,1,0.428,0.538,0.034,16.112171135624376,0.179,20.350025877585416,19.93800336967164,Upper-Middle,0.493852606635711,0.8562641811686308,0.8587360594795538
0.035,37.55,9.5591645793702,36.0,9.717519354821976,24.907332837064843,0.065,4.787491742782046,189.75,0.055,0.2,0.12,63.0,60.0,0.4,1,0.421,0.548,0.031,17.389315888379492,0.331,18.358805350872576,20.833016701801586,Upper-Middle,1.618976634409215,0.8919195070144088,0.8248175182481751
0.031,37.55,6.931471805599453,55.625,9.57073837671504,22.082076836449613,0.084,5.568344503761097,189.75,0.063,0.1,0.098,48.0,49.0,0.6,1,0.388,0.578,0.033,13.992106588503423,0.215,17.747336210296442,18.28141868811311,Low,1.8548944542617676,0.6557225766619981,0.7283737024221455
0.041,44.4,8.831565879121063,26.0,9.905685136079615,23.855057742470212,0.072,3.6375861597263857,189.75,0.041,0.0,0.145,60.0,58.0,0.5,1,0.448,0.52,0.031,17.621580227607016,0.281,20.96934436032498,20.573605063553444,Upper-Middle,1.717564157457855,0.8098130258596337,0.9211538461538461
0.037,45.14999999999999,7.340186835320115,55.625,7.898411092811599,21.87792617543214,0.075,3.6375861597263857,270.0,0.061,0.0,0.12,56.0,55.0,0.4,1,0.421,0.552,0.027,15.657014497771279,0.375,18.46947091764561,18.30414693893237,Low,1.6408444631574104,0.8248873600872111,0.8115942028985507
0.019,45.14999999999999,10.161187107991946,11.0,9.177300517897983,24.50868364673419,0.067,5.645446897643238,189.75,0.015,0.4,0.12,77.0,73.0,1.0,1,0.235,0.696,0.069,16.171551200985352,0.659,21.96943569025974,20.23060751877253,Upper-Middle,1.6420818043311909,0.9984167304603319,0.4367816091954023
0.045,37.55,8.23880116587155,24.0,9.57073837671504,23.497789946365604,0.092,3.784189633918261,189.75,0.051,0.1,0.202,58.0,56.0,0.4,1,0.489,0.487,0.024,17.341494953029056,0.145,20.502619167077672,19.955395112345702,Upper-Middle,2.1617966750656357,0.7793969420357405,1.053388090349076
0.043,37.55,7.795234929002173,18.0,8.994048295611075,23.507671762251984,0.061,4.330733340286331,189.75,0.064,0.1,0.209,56.0,53.0,0.4,1,0.469,0.504,0.027,16.397013378497498,0.387,18.643824303266577,18.667540829696392,Upper-Middle,1.433967977497371,0.7799877185329873,0.9841269841269841
0.032,39.1,9.151545325465678,55.625,9.105090961257085,22.97000075842528,0.061,5.267858159063328,242.0,0.059,0.1,0.12,54.0,53.0,0.6,1,0.412,0.548,0.04,16.386363914014442,0.332,20.26755951397879,19.93800336967164,Lower-Middle,1.401170046263942,0.9056371051535013,0.8248175182481751
0.038,37.55,9.016391478941248,7.0,9.57073837671504,23.49189576078652,0.087,3.784189633918261,275.0,0.075,0.0,0.157,61.0,58.0,0.5,1,0.486,0.492,0.022,17.161822693123987,0.247,18.742764250367856,18.26985786584569,Upper-Middle,2.043794931188427,0.8529575851392114,1.032520325203252
0.014,38.6,8.348064228408266,14.0,7.81762544305337,22.94900092367573,0.046,4.969813299576001,295.75,0.016,0.3,0.192,78.0,71.0,1.3,1,0.205,0.689,0.105,14.901880547893,0.636,19.93800336967164,19.959696194235843,Lower-Middle,1.0556540424890835,0.9467474301695328,0.44992743105950656
0.018,40.9,10.73055355066186,8.0,9.357639058997062,24.691720278039895,0.053,5.739792912179234,295.75,0.034,0.5,0.207,74.0,67.0,1.0,1,0.227,0.714,0.059,16.018753985625754,0.534,20.490071951041326,20.56778093527424,Upper-Middle,1.3086611747361143,1.0360038122144128,0.40056022408963593
0.021,37.55,10.935853195385311,19.0,10.333872889604516,25.33203056835843,0.037,3.2188758248682006,295.75,0.039,0.0,0.13,70.0,69.0,0.4,1,0.317,0.637,0.046,18.833621016604774,0.305,18.450239555902648,20.542942284012735,High,0.9372851310292619,0.9648822870967373,0.5698587127158555
0.021,40.8,6.169610732491456,46.0,9.57073837671504,21.18410021744616,0.041,4.51085950651685,274.0,0.034,0.1,0.14,67.0,67.0,0.6,1,0.298,0.657,0.045,13.482747434071854,0.348,17.974393656948944,17.57671069691365,Low,0.8685481089152927,0.5836499317854391,0.5220700152207001
0.017,37.55,9.122710622015209,55.625,8.083637203141548,23.2385164870997,0.027,6.739336627357174,189.75,0.008,0.5,0.055,80.0,76.0,1.1,1,0.266,0.697,0.037,12.900643811741137,0.755,20.350025877585416,19.93800336967164,Lower-Middle,0.627439945151692,1.0043015168923906,0.43472022955523676
0.026,37.55,8.338305731356565,55.625,8.522180732927277,23.14294629231487,0.058,3.8501476017100584,189.75,0.037,0.0,0.12,73.0,68.0,0.6,1,0.318,0.631,0.05,16.480300516656513,0.198,21.00994740981536,19.406497542206473,Lower-Middle,1.3422908849542625,0.875671861858605,0.5832012678288431
0.012,45.14999999999999,15.930185667958272,38.0,14.738471792485036,29.411130025236343,0.05,5.37989735354046,295.75,0.014,0.3,0.058,76.0,74.0,0.6,1,0.181,0.735,0.084,21.014221296765218,0.492,24.638364108911425,24.814940170629345,High,1.4705565012618171,1.0121812255980773,0.36054421768707484
0.014,37.55,8.739055922830724,3.0,8.046549357283078,23.17758757229393,0.101,5.5909869805108565,295.75,0.015,0.3,0.158,77.0,70.0,0.9,1,0.173,0.685,0.142,15.309043894331532,0.529,20.418098451510463,19.611568311769158,Lower-Middle,2.3409363448016873,0.9660098649431674,0.45985401459854003
0.013,37.55,10.499297500207115,6.0,9.53524597222593,26.15540448099329,0.061,5.267858159063328,189.75,0.02,0.7,0.05,86.0,80.0,2.0,1,0.121,0.75,0.129,15.764872030060776,1.0,24.026776884688058,23.585638131812242,High,1.5954796733405907,0.9965877899658361,0.3333333333333333
0.021,45.14999999999999,14.513060034185445,29.0,13.492193017679538,28.16661283846142,0.037,3.970291913552122,258.0,0.046,0.1,0.083,67.0,64.0,0.6,1,0.302,0.648,0.051,20.910263650488922,0.309,23.396724593348015,23.073688259449945,High,1.0421646750230724,1.0014398798360227,0.5447530864197531
0.02,37.55,12.980776771342429,50.0,12.261020005680358,27.287390471583052,0.029,4.465908118654584,266.0,0.027,0.1,0.133,72.0,68.0,0.9,1,0.298,0.652,0.05,19.298964207910686,0.499,22.753779705134093,22.855299828864013,High,0.7913343236759085,0.9788671433858114,0.5337423312883435
0.009,45.14999999999999,13.973126085411186,22.0,13.120547730113904,29.33493016226584,0.096,8.32263709695394,295.75,0.002,0.8,0.020500000000000018,86.0,80.0,1.0,1,0.133,0.638,0.23,18.66323829803842,0.905,23.454772114150085,24.394643015949647,High,2.816153295577521,0.9895597785921348,0.5689655172413793
0.023,37.55,12.424123249778374,19.0,11.217802443863855,25.72079798010091,0.043,5.988961416889864,271.0,0.019,0.3,0.12,73.0,64.0,1.2,1,0.249,0.684,0.067,16.60799883907673,0.537,20.93514619679097,21.121370591319874,High,1.105994313144339,1.0168868998220002,0.4619883040935672
0.014,41.0,11.179199454017041,26.0,9.841346155998279,23.436618790804065,0.061,5.267858159063328,239.0,0.025,0.1,0.12,72.0,66.0,0.0,1,0.227,0.686,0.088,17.014204940594976,0.602,20.350025877585416,19.93800336967164,Lower-Middle,1.429633746239048,1.0311634084141696,0.4591836734693877
0.009,37.55,13.249115844947944,14.0,12.429076187043469,27.721318160194215,0.073,7.312553498102598,250.0,0.004,0.8,0.055,84.0,77.0,1.0,1,0.162,0.727,0.111,17.715670818440575,0.819,23.390355145062976,23.758314972925426,High,2.0236562256941775,0.9865992016435835,0.375515818431912
0.027,37.55,8.764053269347762,10.0,7.939515260662406,22.290705604299607,0.067,4.110873864173311,202.0,0.027,0.2,0.22649999999999998,74.0,65.0,1.0,1,0.3,0.655,0.044,15.510740954840209,0.353,19.632621720903668,19.801962565761276,Lower-Middle,1.4934772754880739,0.9803723148069615,0.5251908396946564
0.028,37.55,7.536363938404511,55.625,9.57073837671504,22.694765917553465,0.026,3.4011973816621555,295.75,0.059,0.1,0.226,68.0,66.0,0.6,1,0.368,0.595,0.037,15.671138636489061,0.331,19.76875389484946,19.186148590743098,Lower-Middle,0.59006391385639,0.7129458387699223,0.680672268907563
0.009,41.0,6.93828448401696,26.0,9.57073837671504,24.06823517621532,0.061,5.267858159063328,239.0,0.02,0.6,0.053,82.0,77.0,2.1,1,0.127,0.801,0.072,13.189324586462124,1.0,24.063084145634164,20.93595493116517,Upper-Middle,1.4681623457491346,0.6563670612925622,0.2484394506866417
0.018,37.55,12.286753611012315,17.0,11.193353608982997,26.234811866424156,0.04,5.846438775057725,189.75,0.007,0.6,0.05,77.0,72.0,1.2,1,0.277,0.675,0.048,17.157518146284453,0.709,23.62204658447904,22.842408745597933,High,1.0493924746569663,1.0076599108846076,0.48148148148148145
0.022,37.55,6.980075940561763,9.0,9.57073837671504,21.481313138102713,0.058,5.940171252720432,239.0,0.011,0.3,0.104,78.0,76.0,1.5,1,0.3,0.65,0.05,12.693716639595982,0.4,21.261512056872164,19.34493964944395,Low,1.2459161620099575,0.6603205653010296,0.5384615384615384
0.023,37.55,9.351145248567203,13.0,8.14757773620177,22.54787271943587,0.063,4.969813299576001,192.0,0.029,0.1,0.201,71.0,63.0,0.9,1,0.27,0.692,0.038,14.81346938354842,0.676,19.478471041572444,19.580701663883914,Lower-Middle,1.4205159813244597,1.022253706744662,0.44508670520231214
0.018,41.0,9.104535313079205,26.0,9.546669741249485,23.436618790804065,0.019,2.772588722239781,239.0,0.044,0.0,0.17,67.0,63.0,0.0,1,0.261,0.688,0.051,17.76543093978326,0.314,18.326370075470134,17.78580249038432,Lower-Middle,0.44529575702527724,0.8632616301115515,0.4534883720930233
0.023,37.55,8.231109840328154,31.0,9.23200401161221,23.495485404056822,0.059,3.6109179126442243,295.75,0.036,0.1,0.08,68.0,66.0,0.3,1,0.371,0.58,0.049,17.10562802527097,0.168,19.750404756229365,20.084606843564476,Upper-Middle,1.3862336388393524,0.804447479788587,0.7241379310344828
0.027,37.55,11.991622447284644,21.0,11.342279482613773,25.900350923341566,0.03,3.4339872044851463,295.75,0.073,0.1,0.14,67.0,65.0,0.6,1,0.354,0.602,0.043,18.96966482649456,0.366,20.721263835277743,21.03807657751637,High,0.7770105277002469,0.971588956819274,0.6594684385382059
0.025,43.8,11.309486496930354,37.0,10.609378189243436,26.019528330813955,0.042,4.51085950651685,195.0,0.025,0.3,0.077,72.0,65.0,0.9,1,0.353,0.61,0.037,18.352876340956875,0.453,21.8951285876639,22.156920769664577,High,1.0928201898941863,0.9741681520384146,0.6393442622950819
0.009,37.55,9.511999311358759,3.0,10.442346543814823,26.188877147729006,0.041,7.546446273746024,189.75,0.002,0.7,0.054,84.0,79.0,1.5,1,0.173,0.736,0.09,15.440172199148193,1.0,23.37495730444977,23.651789360860427,High,1.0737439630568892,0.8312979575418019,0.35733695652173914
0.018,45.14999999999999,9.450223039294668,37.0,9.194718991073225,24.626601651178692,0.034,4.418840607796598,256.0,0.009,0.1,0.102,77.0,71.0,0.8,1,0.251,0.671,0.078,16.843371193688903,0.183,20.76632532736471,20.534523713557263,Upper-Middle,0.8373044561400756,0.9269723910555594,0.4903129657228018
0.033,45.14999999999999,7.95892649305011,27.0,7.771067086065406,22.453536101099033,0.06,3.8066624897703196,224.0,0.045,0.1,0.22649999999999998,70.0,64.0,0.8,1,0.359,0.608,0.033,15.847248014227574,0.265,17.293669011626754,16.694709071442087,Lower-Middle,1.347212166065942,0.9074068656588496,0.6447368421052632
0.011,37.55,12.59568949750055,32.0,11.673597690359127,26.488168277624084,0.038,5.214935757608986,264.0,0.013,0.2,0.059,77.0,71.0,1.1,1,0.193,0.718,0.089,18.011242508416174,0.441,23.893329497445176,22.690518044152512,High,1.0065503945497152,0.9938527169031219,0.392757660167131
0.036,37.55,5.214935757608986,55.625,9.57073837671504,20.655308144833505,0.056,3.8501476017100584,276.0,0.052,0.0,0.11,68.0,64.0,0.4,1,0.473,0.496,0.031,13.879808425147004,0.295,17.249497794707484,18.035018277846262,Low,1.1566972561106763,0.4933369431501887,1.0161290322580645
0.022,41.0,10.87908439030769,26.0,10.029062375444195,23.821016204404913,0.021,4.564348191467836,239.0,0.051,0.0,0.12,69.0,61.0,0.6,1,0.292,0.666,0.041,15.43331259339371,0.484,20.350025877585416,19.93800336967164,Upper-Middle,0.5002413402925032,0.9864015652436218,0.4999999999999999
0.023,45.14999999999999,11.556406321581765,15.0,10.686201176455116,24.39532387425191,0.054,4.330733340286331,205.0,0.04,0.2,0.12,71.0,65.0,0.8,1,0.298,0.658,0.044,17.16760176052954,0.362,18.61130111182548,19.93800336967164,Upper-Middle,1.317347489209603,0.988893323594766,0.519756838905775
0.016,37.55,11.91992938849441,38.0,10.983817058359136,25.476267492020106,0.069,4.430816798843313,295.75,0.021,0.3,0.131,80.0,71.0,1.3,1,0.235,0.7,0.065,18.280642524916324,0.304,22.216169933349278,21.10852823841733,High,1.7578624569493875,0.9946688380210075,0.4285714285714286
0.013,37.55,8.36264243156764,6.0,7.630461261783627,23.202066655695656,0.055,5.337538079701318,295.75,0.015,0.5,0.128,80.0,74.0,0.9,1,0.228,0.671,0.101,14.865168568997074,0.522,21.299879201812203,21.097584216745496,Lower-Middle,1.276113666063261,0.9689681904486485,0.4903129657228018
0.01,41.0,6.249975242259483,26.0,9.57073837671504,23.436618790804065,0.072,7.99260665240021,239.0,0.002,0.8,0.12,75.0,69.0,0.8,1,0.2995,0.6425000000000001,0.052,11.26328392234979,0.878,20.350025877585416,19.93800336967164,Lower-Middle,1.6874365529378925,0.5912524763669086,0.5470817120622568
0.009,45.14999999999999,11.110924350303225,25.0,10.440828516957847,26.657312680219935,0.116,8.57035473953047,189.75,0.004,0.8,0.12,83.0,78.0,1.5,1,0.148,0.674,0.178,15.942523902865554,0.659,23.766835439962225,23.225766795217243,High,3.092248270905513,0.9711643115561404,0.4836795252225518
0.011,45.14999999999999,11.038479985296988,10.0,10.228718267933687,24.734607932385845,0.056,5.780743515792329,295.75,0.005,0.3,0.092,77.0,65.0,1.1,1,0.148,0.712,0.139,16.065749275960183,0.746,20.315297600123888,20.43291353727565,Upper-Middle,1.3851380442136074,0.9830578808642861,0.4030898876404495
0.012,45.14999999999999,11.598625983159758,4.0,11.016873504562854,26.878587309195893,0.105,8.427487278331744,189.75,0.004,0.8,0.12,83.0,78.0,1.1,1,0.168,0.661,0.172,16.206131527968537,0.976,23.17633776330042,23.76186601077548,High,2.8222516674655687,0.9651949801049096,0.5143721633888048
0.009,37.55,10.345798761764955,55.625,8.772145439245099,23.543210318898783,0.098,6.059123195581797,295.75,0.007,0.5,0.079,78.0,73.0,0.8,1,0.174,0.675,0.151,15.162526004237197,0.392,20.310776115411855,19.324898898640836,Upper-Middle,2.3072346112520807,1.0587029047087302,0.4814814814814814
0.01,37.55,10.707281253183137,18.0,9.792444253742804,24.58875422313208,0.076,6.175867270105761,295.75,0.011,0.5,0.111,77.0,70.0,1.4,1,0.133,0.683,0.183,15.816395786738335,0.723,22.118272138916154,21.046797563015478,Upper-Middle,1.8687453209580382,0.9921090164046821,0.4626647144948755
0.01,37.55,9.946786476931276,9.0,9.05543941075822,24.798665309103157,0.078,6.9584483932976555,196.0,0.005,0.6,0.104,80.0,74.0,1.1,1,0.153,0.672,0.175,15.301148318150378,0.575,22.834084914439643,20.571279481112676,Upper-Middle,1.9342958941100463,0.9891946110569074,0.488095238095238
0.012,37.55,8.950143756459262,8.0,7.8013913202914855,23.86450224497611,0.074,7.607381425639791,189.75,0.003,0.5,0.12,81.0,77.0,0.9,1,0.178,0.707,0.116,13.9141660450742,0.676,21.58657764445144,21.09964536484582,Upper-Middle,1.7659731661282319,1.016901013800492,0.4158415841584158
0.011,45.14999999999999,11.62404635775306,20.0,10.692944413233482,26.01402259023312,0.074,7.247792581767846,295.75,0.003,0.7,0.059,81.0,74.0,1.2,1,0.142,0.704,0.154,16.164445793074613,0.733,22.80483012413196,22.15022218002523,High,1.9250376716772508,0.9941077240218088,0.42045454545454547
0.011,37.55,10.74298362943121,6.0,9.868274796780383,26.469307411711785,0.111,8.743053050224676,189.75,0.003,0.9,0.12,81.0,77.0,1.2,1,0.18,0.654,0.167,15.528891101332572,0.868,22.464433520233722,22.929560269732278,High,2.938093122700008,0.9884718439962257,0.5305810397553516
0.012,45.14999999999999,9.816839745810455,7.0,8.624970783589669,23.669465154964755,0.063,6.796823718274855,189.75,0.004,0.7,0.078,81.0,71.0,1.3,1,0.154,0.671,0.175,14.101798659289598,0.681,21.068272976725677,20.398919781506166,Upper-Middle,1.4911763047627795,1.0199344981439236,0.4903129657228017
0.02,41.0,6.568077911411976,26.0,9.57073837671504,23.436618790804065,0.061,5.267858159063328,239.0,0.02,0.8,0.12,84.0,79.0,1.2,1,0.2995,0.6425000000000001,0.052,10.811383143621901,0.409,20.350025877585416,19.93800336967164,Lower-Middle,1.429633746239048,0.6213452341115522,0.5470817120622568
0.011,40.8,11.03238653380911,14.0,10.503147890002609,26.19008654584695,0.09,8.288785810426928,243.0,0.003,0.9,0.12,83.0,77.0,1.6,1,0.165,0.664,0.171,15.495099897167568,0.836,22.229562990682727,22.384726777637525,High,2.3571077891262253,0.9590754321603882,0.5060240963855421
0.013,45.14999999999999,12.797391952188166,7.0,12.472880867130643,28.572994928917918,0.117,8.441391477999955,189.75,0.004,0.8,0.12,85.0,78.0,0.9,1,0.184,0.648,0.168,17.990253810644365,0.783,24.751096595127986,24.555314465721402,High,3.3430404066833965,0.949863067772651,0.5432098765432098
0.008,45.14999999999999,13.52165614240115,15.0,12.7061507207494,28.826287837578302,0.115,8.448700194970938,215.0,0.004,0.8,0.12,83.0,78.0,1.1,1,0.134,0.658,0.208,18.219505744683758,0.743,24.617287791285367,25.23594785751031,High,3.315023101321505,0.986539285747898,0.519756838905775
0.01,45.14999999999999,11.370416753676897,19.0,10.226150593883155,26.407603400867036,0.094,7.8009820712577405,224.0,0.004,0.4,0.12,83.0,78.0,1.1,1,0.145,0.665,0.19,16.227259873342863,0.763,23.255294593882645,21.778970624951192,High,2.482314719681501,1.0128509018819283,0.5037593984962405
0.009,45.14999999999999,10.83139059973845,4.0,10.153000358870406,25.571407925080706,0.08,6.934397209928558,277.0,0.006,0.7,0.076,78.0,71.0,1.2,1,0.146,0.686,0.167,16.11809805095544,0.689,22.569829098372917,21.780708848923794,High,2.0457126340064566,0.9711638349517161,0.456268221574344
0.015,37.55,7.5822291942764615,5.0,8.58858318750291,23.254157568749644,0.094,8.224431573221159,189.75,0.002,0.9,0.103,84.0,80.0,1.1,1,0.209,0.669,0.121,12.669938728512815,0.936,20.147012409637323,20.210772157749172,Lower-Middle,2.1858908114624667,0.7907559486117416,0.4932735426008968
0.017,37.55,10.596659732783579,13.0,9.562404703357231,26.06745096280984,0.093,8.371242135931933,189.75,0.004,0.7,0.12,83.0,79.0,1.1,1,0.213,0.673,0.113,15.332867391431718,0.618,22.825813367462867,22.694286629811142,High,2.424272939541315,1.0032431089688751,0.48439821693907875
0.02,41.0,9.051344640485725,26.0,9.57073837671504,23.436618790804065,0.061,5.267858159063328,239.0,0.02,0.1,0.12,75.0,69.0,0.5,1,0.2995,0.6425000000000001,0.052,11.338488741019702,0.52,20.350025877585416,19.93800336967164,Lower-Middle,1.429633746239048,0.8562641811686308,0.5470817120622568
0.009,45.14999999999999,12.914866771666297,6.0,12.044964485135417,28.351469821347713,0.094,8.072779333169498,285.0,0.003,0.5,0.04,85.0,80.0,1.5,1,0.14,0.657,0.203,17.897738981998117,0.683,24.413594240850415,24.221378170713116,High,2.665038163206685,0.9900269783319561,0.5220700152207002
0.019,37.55,9.051344640485725,55.625,7.822845290279774,22.47080138460802,0.061,5.267858159063328,189.75,0.02,0.1,0.143,72.0,68.0,0.5,1,0.275,0.659,0.067,14.38969456928405,0.56,20.350025877585416,19.93800336967164,Lower-Middle,1.3707188844610891,1.0258986010394733,0.5189681335356601
0.009,37.6,8.938137870372788,16.0,8.443546651247939,23.901722938511256,0.065,6.610696044717759,293.0,0.008,0.7,0.096,78.0,69.0,1.1,1,0.142,0.675,0.184,14.556283415417637,0.677,20.68556397080082,20.46319893282462,Upper-Middle,1.5536119910032318,0.946481041547207,0.48296296296296287
0.009,41.0,9.051344640485725,26.0,9.57073837671504,23.436618790804065,0.061,5.267858159063328,239.0,0.02,0.8,0.12,84.0,80.0,1.0,1,0.2995,0.6425000000000001,0.052,10.494629692640487,0.145,20.350025877585416,19.93800336967164,Lower-Middle,1.429633746239048,0.8562641811686308,0.5470817120622568
0.012,45.1,9.515027043243787,22.0,8.86120833720818,24.32630172924542,0.07,6.663132695990803,189.75,0.006,0.6,0.06,79.0,68.0,1.6,1,0.152,0.693,0.155,14.946035833534188,0.668,20.756700613999765,20.65712603551024,Upper-Middle,1.7028411210471794,0.9648946374392897,0.443001443001443
0.012,37.55,9.290075339995036,19.0,8.347827345782498,24.675534503858028,0.072,8.934982049213234,189.75,0.002,0.9,0.12,84.0,78.0,1.4,1,0.176,0.684,0.14,13.136175548674087,0.885,22.13790467131846,21.98993171089254,Upper-Middle,1.7766384842777778,0.9938218792826209,0.4619883040935672
0.011,37.55,9.294129897705867,3.0,7.96693349840484,22.957430117546497,0.07,5.736572297479192,189.75,0.009,0.5,0.095,77.0,73.0,1.0,1,0.174,0.709,0.117,14.558503060104938,0.57,19.157844814713773,18.76427045543464,Lower-Middle,1.607020108228255,1.0364892189017831,0.4104372355430183
0.009,41.0,7.859413154693583,26.0,6.744059186311348,22.822980613429145,0.085,7.443078374348516,239.0,0.006,0.6,0.046,84.0,79.0,1.1,1,0.156,0.699,0.145,12.934849966228882,0.947,20.93676301201657,19.71814389409788,Lower-Middle,1.9399533521414776,1.014895801492083,0.43061516452074394
0.012,37.55,8.487970332739334,10.0,8.139440521874608,22.48312245455952,0.117,5.25227342804663,228.0,0.015,0.3,0.164,72.0,65.0,0.7,1,0.167,0.722,0.112,15.085845656841563,0.449,19.26224793394093,19.596254076843024,Lower-Middle,2.630525327183464,0.928718810787594,0.38642659279778396
0.02,41.0,9.051344640485725,26.0,9.57073837671504,22.400548058749116,0.044,8.769040810858803,239.0,0.003,0.8,0.12,75.0,69.0,0.6,1,0.2995,0.6425000000000001,0.052,10.514502343557455,1.0,20.350025877585416,19.93800336967164,Lower-Middle,0.985624114584961,0.8562641811686308,0.5470817120622568
0.012,37.55,7.8567067930958405,10.0,7.069023426578259,22.137875836637864,0.072,6.1675164908883415,295.75,0.006,0.4,0.095,77.0,72.0,1.9,1,0.195,0.681,0.125,13.337602168258957,0.631,20.455386393098,18.09217669086922,Lower-Middle,1.593927060237926,0.9736874436647345,0.4698972099853157
0.011,39.4,12.112195937813633,8.0,11.33172727696122,27.378909129746877,0.118,8.644178203170727,189.75,0.004,0.9,0.020500000000000018,83.0,79.0,1.2,1,0.175,0.671,0.154,16.625840233186707,0.871,23.65125445846739,23.7075326324417,High,3.230711277310131,0.9821978434799051,0.4903129657228017
0.013,40.7,10.954099365149055,7.0,10.384029211193527,26.76576969610291,0.1,9.070503426788383,189.75,0.003,0.9,0.12,83.0,79.0,1.1,1,0.188,0.662,0.15,15.402550089045748,0.791,22.390783960645752,23.408252098518293,High,2.6765769696102915,0.9622339473952038,0.5105740181268882
0.011,40.1,12.667461145893732,32.0,11.528208088501385,26.875571045538155,0.07,6.7580945044277305,295.75,0.005,0.6,0.12,81.0,72.0,1.2,1,0.15,0.715,0.135,17.45791886191605,0.609,23.024449949124968,22.931540250579104,High,1.881289973187671,1.0111151615944307,0.39860139860139865
0.01,42.6,10.865936416391367,5.0,10.066541338972426,26.156722955203296,0.108,7.751475318021456,295.75,0.003,0.5,0.12,82.0,76.0,1.2,1,0.151,0.668,0.18,16.173823692303106,0.606,23.285827731377122,22.268911616505907,High,2.824926079161956,0.9818728438780959,0.4955089820359281
0.011,43.5,11.273982761747044,9.0,10.464017208481234,25.827951443286437,0.059,6.126869184114185,222.0,0.012,0.4,0.141,77.0,70.0,1.1,1,0.15,0.701,0.148,16.823510870449436,0.538,21.21245916119841,21.363012241306667,High,1.5238491351538996,0.9834233983360039,0.42510699001426533
0.013,45.14999999999999,14.3698421232403,29.0,13.462105974846976,28.05296051600277,0.063,6.507277712385012,295.75,0.01,0.4,0.108,75.0,63.0,1.7,1,0.149,0.72,0.131,18.774048894471324,0.737,23.306432855977466,24.13008074409242,High,1.7673365125081746,0.9936203031725017,0.38888888888888895
0.011,41.0,9.051344640485725,26.0,9.57073837671504,23.436618790804065,0.053,8.107720061910534,239.0,0.003,0.1,0.054,86.0,80.0,1.0,1,0.2995,0.6425000000000001,0.052,10.33728093263115,0.941,20.350025877585416,19.93800336967164,Lower-Middle,1.2421407959126154,0.8562641811686308,0.5470817120622568
0.009,37.55,10.735592003983863,13.0,9.650979555092,24.33391347752989,0.107,6.304448802421981,279.0,0.007,0.4,0.173,77.0,71.0,1.3,1,0.169,0.694,0.137,15.80221120390094,0.552,20.67302462156119,20.824015740950713,Upper-Middle,2.603728742095698,1.0079441002073288,0.44092219020172924
0.011,45.14999999999999,10.493909630573262,18.0,9.788581624034771,25.190063717231894,0.09,7.277247726631484,257.0,0.007,0.8,0.12,79.0,72.0,1.1,1,0.151,0.726,0.123,15.500321028340618,0.547,21.571277728495538,21.486871481620902,Upper-Middle,2.2671057345508703,0.9726866789601851,0.37741046831955927
0.011,37.55,9.637501738166108,6.0,8.886132618174951,24.573400825491817,0.089,7.623153068476902,260.0,0.003,0.7,0.12,83.0,76.0,1.0,1,0.14,0.693,0.167,14.532659380742219,0.5,21.724265297115032,21.043173057419146,Upper-Middle,2.1870326734687717,0.9748505417020451,0.4430014430014431
0.01,45.14999999999999,12.504976517403993,47.0,11.75783050806595,27.95660911929381,0.096,7.97349996402463,197.0,0.004,0.7,0.12,85.0,79.0,1.1,1,0.149,0.68,0.171,17.65661522509772,0.784,24.801514892020563,23.847083450307608,High,2.6838344754522057,0.9801804867604963,0.47058823529411764
0.012,45.14999999999999,10.868873164054001,16.0,10.84575787336923,26.861126924490364,0.095,8.454253391642363,189.75,0.003,0.9,0.12,84.0,80.0,1.2,1,0.165,0.653,0.182,16.05389062087309,0.851,23.120342593124157,23.425432094956708,High,2.5518070578265846,0.9175329497902882,0.5313935681470138
0.01,37.55,10.565092465086195,18.0,10.173514689749188,27.031555218116516,0.109,8.948715833843691,189.75,0.004,0.8,0.027,85.0,80.0,1.2,1,0.151,0.68,0.169,15.872822792726904,0.737,23.59195987738645,23.328027448616613,High,2.9464395187747003,0.9455478207567783,0.47058823529411764
0.018,43.3,12.604858832550962,6.0,11.56299100597695,27.317909163482728,0.068,6.523562306149512,226.0,0.02,0.4,0.12,78.0,71.0,0.9,1,0.267,0.662,0.071,18.094085229534677,0.707,23.993518952712357,22.484050502046944,High,1.8576178231168257,1.003332632058249,0.5105740181268882
0.011,45.14999999999999,12.62743078764025,27.0,11.792895375000185,25.638999070652282,0.078,5.44673737166631,295.75,0.01,0.2,0.159,76.0,65.0,1.2,1,0.139,0.703,0.158,17.64133714877618,0.687,22.269976919685153,22.142511298447886,High,1.999841927510878,0.9870659000554882,0.4224751066856331
0.013,37.55,13.109290295836477,12.0,12.215181037894165,28.46198177114708,0.096,8.157657015196472,189.75,0.004,0.9,0.020500000000000018,82.0,79.0,1.2,1,0.176,0.659,0.166,17.95492991471944,0.813,24.430623512330662,24.8401543636197,High,2.7323502500301196,0.9919871894487068,0.5189681335356601
0.016,37.55,10.094231871403661,9.0,9.156200925875535,23.970283844425186,0.043,6.617402977974478,189.75,0.007,0.6,0.072,77.0,76.0,1.3,1,0.199,0.781,0.02,14.039864576367505,0.885,21.494761984379654,20.343468477048813,Upper-Middle,1.030722205310283,0.9938984020772973,0.28040973111395645
0.019,44.1,13.256217467956274,11.0,12.25809092705103,26.769616140405514,0.073,6.0330862217988015,295.75,0.016,0.1,0.12,75.0,71.0,0.7,1,0.236,0.712,0.052,18.125803716443944,0.706,21.690629839384652,23.081285636923166,High,1.9541819782496024,0.9998586931478246,0.4044943820224719
0.032,37.55,11.649796275526798,32.0,10.541280572963995,25.68481385505189,0.031,4.955827057601261,295.75,0.03,0.0,0.133,73.0,65.0,0.8,1,0.412,0.554,0.034,17.248283509413465,0.69,21.274849453760606,21.239079002820457,High,0.7962292295066086,1.0094023970630266,0.8050541516245486
0.022,37.55,11.165592463176269,20.0,10.05173512899633,26.16859877701105,0.076,7.680637427560936,235.0,0.004,0.7,0.05,84.0,80.0,1.2,1,0.272,0.623,0.104,15.846759388214242,0.918,22.4852531480125,22.276133398103756,High,1.9888135070528397,1.0103022134398798,0.6035313001605136
0.029,37.55,9.943765399034698,12.0,8.868694776580972,23.99759072500458,0.085,5.8916442118257715,189.75,0.018,0.3,0.09,75.0,72.0,1.0,1,0.351,0.615,0.034,15.614907619720137,0.825,22.20259506426128,21.274849453760606,Upper-Middle,2.0397952116253895,1.0076069454120593,0.6260162601626017
0.021,37.55,11.447821450638182,35.0,10.391668714817564,25.510213054301392,0.028,7.018401799069201,189.75,0.009,0.6,0.049,75.0,73.0,1.3,1,0.252,0.726,0.021,14.911312568163021,0.983,20.168139956026,22.684205334685974,High,0.714285965520439,1.004929280970713,0.3760330578512397
0.013,37.55,9.923486239042818,9.0,8.761393485256058,24.361113811080624,0.072,6.431331081933479,189.75,0.009,0.4,0.083,81.0,77.0,0.7,1,0.237,0.678,0.084,15.283636717687354,0.872,22.805952108915733,22.305949012277114,Upper-Middle,1.7540001943978047,1.0166054932660578,0.4734513274336283
0.022,37.55,10.954361623545012,12.0,10.050138752861821,24.797628830255235,0.028,6.368187186350492,189.75,0.01,0.4,0.068,78.0,74.0,1.6,1,0.274,0.701,0.025,14.846118415049146,0.752,20.94320425811424,21.293114801727473,Upper-Middle,0.6943336072471465,0.9913324953234632,0.4265335235378032
0.012,37.55,11.163821786527814,10.0,10.274154155101597,25.552557517889912,0.021,7.311218384419629,189.75,0.008,0.7,0.073,79.0,77.0,1.3,1,0.137,0.852,0.011,14.374962903972364,0.987,20.350025877585416,19.93800336967164,High,0.5366037078756882,0.9902136899091577,0.17370892018779346
0.021,37.55,13.048678085139645,21.0,12.165276692337507,26.990108573222535,0.04,6.498282149476434,189.75,0.015,0.4,0.12,77.0,73.0,1.9,1,0.307,0.663,0.03,17.120871848221505,0.821,22.74295737435317,23.817756882568965,High,1.0796043429289015,0.9911434746171552,0.5082956259426847
0.025,39.7,11.03262904623906,13.0,9.982760733430636,23.436618790804065,0.034,4.584967478670572,295.75,0.013,0.2,0.099,78.0,72.0,0.5,1,0.357,0.605,0.037,16.885080852952857,0.557,22.565084506205732,21.192018684916277,Lower-Middle,0.7968450388873383,1.0045405990368732,0.6512396694214876
0.016,37.55,12.029323533784694,15.0,11.052476048529304,26.38421672617523,0.032,7.157735484249907,189.75,0.008,0.7,0.12,78.0,76.0,1.3,1,0.139,0.858,0.003,15.94867507745888,0.841,22.872350039071286,23.19288962995451,High,0.8442949352376073,0.9980790242061975,0.16550116550116553
0.032,45.14999999999999,9.992093490870152,12.0,9.031333316150057,24.18096172937148,0.051,4.204692619390966,248.0,0.046,0.1,0.22649999999999998,64.0,61.0,0.5,1,0.42,0.553,0.027,16.940647364107914,0.317,20.87254754052349,19.34493964944395,Upper-Middle,1.2332290481979453,0.9960882742061087,0.8083182640144665
0.019,41.0,9.051344640485725,26.0,9.57073837671504,23.436618790804065,0.061,5.267858159063328,239.0,0.02,0.1,0.12,75.0,69.0,0.5,1,0.2995,0.6425000000000001,0.052,10.926603726539177,0.876,20.350025877585416,19.93800336967164,Lower-Middle,1.429633746239048,0.8562641811686308,0.5470817120622568
0.014,45.14999999999999,12.82955351360696,3.0,11.71597242578531,27.763621469876664,0.089,8.54461378699223,189.75,0.004,0.8,0.073,84.0,80.0,1.0,1,0.189,0.676,0.134,16.90799746759315,0.887,24.199446997638603,24.03868744162348,High,2.470962310819023,1.00893215902162,0.47781065088757396
0.022,39.3,7.163946684342547,46.0,9.57073837671504,21.894228286603997,0.042,5.043425116919247,189.75,0.02,0.2,0.075,72.0,66.0,0.8,1,0.29,0.661,0.048,13.665338619105887,0.518,20.51130947625886,18.420680753952364,Low,0.919557588037368,0.6777148794187463,0.5113464447806353
0.017,41.0,6.785587645007929,26.0,9.57073837671504,23.436618790804065,0.061,5.267858159063328,239.0,0.02,0.5,0.12,78.0,73.0,0.8,1,0.238,0.695,0.068,12.498988497830561,0.565,19.81939762753995,18.8906843794481,Lower-Middle,1.429633746239048,0.6419218225999286,0.44028776978417267
0.018,41.0,9.051344640485725,26.0,9.57073837671504,23.436618790804065,0.061,5.267858159063328,239.0,0.02,0.5,0.12,81.0,75.0,0.5,1,0.275,0.652,0.073,11.979429226818839,0.941,20.350025877585416,19.93800336967164,Lower-Middle,1.429633746239048,0.8562641811686308,0.5337423312883436
0.023,37.55,4.143134726391533,31.0,9.57073837671504,18.829015829731894,0.112,5.093750200806762,189.75,0.048,0.1,0.12,71.0,65.0,0.1,1,0.336,0.626,0.039,11.490107094889549,0.438,20.350025877585416,19.93800336967164,Low,2.108849772929972,0.3919437392867396,0.5990415335463258
0.02,45.14999999999999,4.6443908991413725,17.0,9.57073837671504,18.910487006621732,0.118,6.297109319933935,189.75,0.032,0.1,0.12,75.0,69.0,0.5,1,0.2995,0.6425000000000001,0.052,10.867215152334905,0.713,15.009433329466965,19.93800336967164,Low,2.2314374667813643,0.4393629596747869,0.5470817120622568
0.024,45.14999999999999,4.6443908991413725,16.0,9.57073837671504,19.499488990723297,0.118,5.976350909297934,189.75,0.033,0.2,0.151,69.0,68.0,0.3,1,0.369,0.593,0.038,11.54848564036878,0.223,17.182806422433504,15.894952224644102,Low,2.300939700905349,0.4393629596747869,0.6863406408094435
0.017,41.0,8.27410200229233,26.0,9.57073837671504,23.436618790804065,0.061,5.267858159063328,239.0,0.02,0.4,0.12,79.0,73.0,0.9,1,0.235,0.67,0.095,12.429220196836383,0.673,18.675322970077882,19.00289636939162,Lower-Middle,1.429633746239048,0.7827364283764999,0.49253731343283574
0.015,37.55,10.359392257402362,1.0,9.814000386034591,25.68936764032248,0.102,8.089789175789319,189.75,0.005,0.8,0.063,83.0,79.0,1.1,1,0.205,0.665,0.13,15.289770236760994,0.862,22.313317035784237,21.834136023339294,High,2.620315499312893,0.9579611510630869,0.5037593984962405
0.03,42.1,8.0507033814703,51.0,9.57073837671504,22.972455212272273,0.041,4.060443010546419,194.0,0.051,0.0,0.104,64.0,60.0,0.3,1,0.391,0.582,0.028,15.741064343582702,0.13,14.731801689838349,18.742764250367856,Lower-Middle,0.9418706637031632,0.76160274661647,0.7199312714776633
0.028,37.55,5.087596335232384,9.0,9.57073837671504,20.166346933147604,0.064,5.308267697401205,224.0,0.016,0.1,0.107,76.0,69.0,0.5,1,0.383,0.567,0.051,12.133663230012033,0.201,18.635792131633828,17.04235459216419,Low,1.2906462037214468,0.48129053562040797,0.7654320987654322
0.033,37.55,5.313205979041787,55.625,9.57073837671504,20.339934616046925,0.074,4.564348191467836,189.75,0.027,0.1,0.144,68.0,66.0,0.2,1,0.408,0.56,0.033,13.173907840246443,0.2,17.996032831717947,17.751250109540987,Low,1.5051551615874723,0.5026333818596423,0.7874999999999999
0.027,37.55,5.0689042022202315,25.0,9.57073837671504,19.726882857421636,0.048,5.153291594497779,189.75,0.012,0.2,0.115,75.0,69.0,0.5,1,0.375,0.567,0.059,11.553097648408986,0.234,20.350025877585416,19.93800336967164,Low,0.9468903771562386,0.4795222454266665,0.7654320987654322
0.027,37.55,4.770684624465665,47.0,9.57073837671504,20.367739214862265,0.047,4.941642422609304,189.75,0.016,0.1,0.055,73.0,69.0,0.7,1,0.382,0.579,0.039,12.372857463174999,0.246,19.30444828825319,17.312018149733785,Low,0.9572837430985265,0.45131044345723387,0.7271157167530224
0.017,41.0,6.2422232654551655,21.0,9.57073837671504,20.850387845657767,0.057,6.602587892189336,207.0,0.009,0.5,0.11,78.0,73.0,1.9,1,0.262,0.665,0.072,11.37634944215948,0.262,19.512604047825384,17.76675429577647,Low,1.1884721072024929,0.5905191333847956,0.5022556390977444
0.017,45.14999999999999,12.103558076322265,25.0,11.266551668784567,26.860352931892102,0.082,6.62273632394984,295.75,0.013,0.5,0.106,79.0,72.0,1.4,1,0.249,0.645,0.106,17.51370214427643,0.91,22.45119764360595,22.575649928147765,High,2.2025489404151526,0.9867123543059716,0.5503875968992248
0.011,41.0,7.7501841622578365,26.0,9.57073837671504,21.626553964965897,0.061,5.267858159063328,239.0,0.02,0.6,0.107,77.0,73.0,1.3,1,0.208,0.689,0.103,11.528779128893396,0.431,20.951197905788597,19.39145966489847,Low,1.3192197918629196,0.7331733967922004,0.45137880986937595
0.016,44.9,7.80994708647679,24.0,9.57073837671504,22.78861948372446,0.074,7.394493107219038,189.75,0.011,0.4,0.055,78.0,72.0,1.2,1,0.225,0.706,0.07,12.79524446177819,0.825,21.49291098894226,19.72630720471483,Lower-Middle,1.68635784179561,0.7388270154978339,0.4178470254957508
0.013,41.0,7.315883504509785,26.0,9.57073837671504,22.212500287078456,0.067,6.88653164253051,239.0,0.014,0.7,0.087,77.0,72.0,1.2,1,0.193,0.703,0.104,12.543961735083911,0.321,20.794655833964182,19.676296784279142,Lower-Middle,1.4882375192342565,0.692088219743006,0.422475106685633
0.024,37.55,6.0473721790462776,44.0,9.57073837671504,21.05866607132134,0.058,5.583496308781699,189.75,0.016,0.1,0.139,76.0,70.0,0.6,1,0.355,0.606,0.039,12.639788257064394,0.45,19.39145966489847,17.479072229734946,Low,1.2214026321366378,0.572086070389111,0.6501650165016502
0.012,41.0,6.169610732491456,26.0,9.57073837671504,22.47149374147804,0.061,5.267858159063328,239.0,0.02,0.8,0.12,82.0,77.0,1.4,1,0.2995,0.6425000000000001,0.052,11.084063779055668,1.0,19.906820442304415,19.848596782161156,Lower-Middle,1.3707611182301602,0.5836499317854391,0.5470817120622568
0.026,45.14999999999999,9.645817254152318,49.0,8.90136656405678,23.701324412184892,0.055,4.672828834461906,295.75,0.035,0.2,0.099,69.0,64.0,0.7,1,0.36,0.593,0.047,16.13363449535523,0.664,19.641510668294575,19.85814339402195,Upper-Middle,1.3035728426701692,0.9741905010534467,0.6863406408094435
0.016,45.14999999999999,12.947426486721135,55.625,12.490830446464708,28.393259503295504,0.09,6.897704943128636,295.75,0.015,0.4,0.22649999999999998,77.0,70.0,1.0,1,0.255,0.676,0.069,19.08958725415566,0.843,22.544584108577823,23.685441327023266,High,2.5553933552965953,0.9597204959398201,0.47928994082840237
0.011,37.55,13.120637889606106,5.0,12.433180329278816,28.109781352538953,0.114,8.570544366913232,189.75,0.005,0.8,0.026,83.0,79.0,0.8,1,0.165,0.694,0.142,17.3420262176052,0.809,23.63767958937705,24.33350784557032,High,3.2045150741894406,0.9767335484217765,0.4423631123919309
0.015,41.0,6.3818160174060985,26.0,9.57073837671504,23.436618790804065,0.061,5.267858159063328,239.0,0.02,0.7,0.12,75.0,69.0,1.8,1,0.2995,0.6425000000000001,0.052,10.924318463684207,1.0,19.95754796570217,18.675322970077882,Lower-Middle,1.429633746239048,0.6037247153390727,0.5470817120622568
0.014,37.55,11.188012165690843,22.0,10.339190843704902,26.105473475183665,0.071,6.796823718274855,295.75,0.008,0.5,0.048,82.0,76.0,1.2,1,0.221,0.687,0.092,16.657553103769605,0.886,21.607859482490195,21.315487099469493,High,1.85348861673804,0.9866675955896811,0.4556040756914119
0.02,45.14999999999999,11.234282417169117,14.0,10.380839119444403,26.3828114118103,0.068,6.037870919922137,208.0,0.016,0.4,0.094,77.0,70.0,1.0,1,0.288,0.656,0.056,17.653775047094964,0.75,21.726467941176566,21.587420814821446,High,1.7940311760031007,0.9871225046995972,0.5243902439024389
0.016,45.14999999999999,8.958154135209242,55.625,8.443977129084978,24.315037507486554,0.097,6.621405651764134,272.0,0.009,0.4,0.171,82.0,77.0,0.7,1,0.249,0.686,0.065,15.356602389697159,0.717,21.50213189336782,20.094031984006293,Upper-Middle,2.358558638226196,0.9485573728911807,0.45772594752186585
0.01,41.0,10.554900864611765,26.0,9.333354147871328,24.887264252174596,0.106,6.369900982828227,239.0,0.005,0.2,0.12,81.0,77.0,0.1,1,0.173,0.702,0.124,16.238698617979374,0.766,21.519871726325444,19.93800336967164,Upper-Middle,2.638050010730507,1.021439961659117,0.4230769230769231
0.014,41.0,9.051344640485725,26.0,9.57073837671504,23.436618790804065,0.061,5.267858159063328,239.0,0.02,0.1,0.12,75.0,69.0,1.4,1,0.198,0.67,0.132,11.913793355381102,0.899,19.897729470623826,19.457417632448486,Lower-Middle,1.429633746239048,0.8562641811686308,0.4925373134328358
0.013,37.55,4.919980925828125,13.0,9.57073837671504,19.979215151284357,0.06,5.993961427306569,189.75,0.011,0.5,0.095,75.0,69.0,1.5,1,0.2995,0.6425000000000001,0.052,11.1727985581702,0.681,18.36938746009113,16.380459992348886,Low,1.1987529090770614,0.4654339886668406,0.5470817120622568
0.022,40.1,9.950609659604863,19.0,8.878915376576483,24.6547025126446,0.055,5.631211781821365,295.75,0.026,0.3,0.121,76.0,70.0,0.9,1,0.312,0.628,0.06,16.11977404167229,0.738,22.160490926972432,20.132675246516612,Upper-Middle,1.356008638195453,1.007257303083937,0.5923566878980892
0.022,37.55,10.393201893089193,55.625,9.42778773074551,24.935596347584855,0.072,5.817111159963204,295.75,0.021,0.3,0.12,79.0,73.0,1.0,1,0.31,0.629,0.062,16.52363228984143,0.627,20.482467351665747,20.57592525020645,Upper-Middle,1.7953629370261095,0.9966833005667786,0.5914149443561209
0.02,37.55,8.740336742730447,17.0,8.345455428161928,23.787511533783764,0.069,5.476463551931511,295.75,0.015,0.2,0.12,76.0,67.0,1.2,1,0.321,0.61,0.069,15.642990390493562,0.643,20.286310063294863,19.450300164704952,Upper-Middle,1.6413382958310798,0.9352499522272617,0.639344262295082
0.015,41.0,6.453624998892692,26.0,9.57073837671504,23.436618790804065,0.061,5.267858159063328,239.0,0.02,0.6,0.12,73.0,69.0,1.0,1,0.2995,0.6425000000000001,0.052,10.949156062709815,0.844,20.350025877585416,19.93800336967164,Lower-Middle,1.429633746239048,0.610517900349192,0.5470817120622568
0.019,45.14999999999999,5.564520407322694,15.0,9.57073837671504,20.46334301712602,0.06,6.0844994130751715,189.75,0.012,0.3,0.106,75.0,70.0,1.2,1,0.275,0.652,0.072,11.558644250615174,0.357,18.53400943818794,16.118095750958314,Low,1.2278005810275612,0.526407920527111,0.5322085889570553
0.032,40.9,9.31641063570325,37.0,9.235228087483963,24.44504820169835,0.069,5.293304824724492,295.75,0.028,0.1,0.133,75.0,68.0,1.3,1,0.415,0.541,0.044,16.478673359195255,0.493,21.04462443648274,20.725263840607088,Upper-Middle,1.6867083259171862,0.9102298997220903,0.8484288354898335
0.022,38.8,7.43955930913332,24.0,9.57073837671504,21.538315732065016,0.066,5.241747015059643,288.0,0.032,0.3,0.145,68.0,63.0,0.7,1,0.376,0.592,0.033,13.574873635967231,0.282,18.197537205138154,18.105970012811294,Low,1.4215288383162912,0.7037880462088624,0.6908783783783785
0.027,40.4,7.659642954564682,55.625,7.787382026484701,22.613745050136515,0.067,3.828641396489095,189.75,0.073,0.1,0.175,64.0,60.0,0.4,1,0.362,0.594,0.045,16.107681713656287,0.52,18.945409278804508,19.88161865038821,Lower-Middle,1.5151209183591465,0.8716638165359065,0.6851851851851851
0.027,44.1,9.000729834944558,14.0,8.426830751335846,23.485762845772108,0.087,5.176149732573829,224.0,0.021,0.1,0.189,75.0,70.0,1.2,1,0.368,0.589,0.043,15.846445051643514,0.517,20.25645710019209,19.82186372002906,Upper-Middle,2.0432613675821734,0.9547991337034553,0.6977928692699491
0.015,45.14999999999999,8.876125585396185,8.0,7.9483852851118995,23.30581661054397,0.053,5.545177444479562,295.75,0.016,0.3,0.205,76.0,70.0,1.2,1,0.29,0.631,0.078,14.805358396007627,0.537,21.46281939079784,19.275096076363752,Lower-Middle,1.2352082803588305,0.9919248336528447,0.5832012678288431
0.02,45.14999999999999,13.002847591402766,7.0,12.094722002606797,27.6813605073569,0.063,6.403574197934815,295.75,0.014,0.3,0.053,79.0,74.0,0.8,1,0.3,0.64,0.06,18.585232049274545,0.778,23.259182407721344,22.920601519332457,High,1.7439257119634848,0.9929838593606078,0.5625
0.024,45.14999999999999,8.422442854870427,39.0,7.990238185720363,22.913601245134988,0.076,4.727387818712341,222.0,0.022,0.1,0.133,77.0,71.0,0.7,1,0.345,0.609,0.046,15.577190472716207,0.573,19.548851838098265,19.611568311769158,Lower-Middle,1.741433694630259,0.9368431270539869,0.6420361247947455
0.02,43.8,9.173053787190167,9.0,8.219056661060598,24.08413068764953,0.085,6.4425401664681985,295.75,0.017,0.4,0.077,80.0,74.0,1.8,1,0.293,0.639,0.068,15.117914756940808,0.651,21.660143202820805,20.169880600500754,Upper-Middle,2.04715110845021,0.9950100237408521,0.5649452269170578
0.024,37.55,8.532278828834277,35.0,8.474285690404962,23.720523433303878,0.087,5.605802066295998,295.75,0.021,0.2,0.22649999999999998,74.0,70.0,0.9,1,0.335,0.613,0.052,15.681096840777066,0.585,19.30857200542005,19.410221941283584,Upper-Middle,2.0636855386974373,0.9005722550118267,0.6313213703099511
0.021,37.55,10.960930564166167,26.0,9.86308213790109,25.72391717378067,0.049,5.552959584921617,295.75,0.015,0.3,0.19,77.0,71.0,1.0,1,0.3,0.64,0.06,17.191828702122713,0.769,21.629506233371107,21.217962079392276,High,1.2604719415152528,1.009007427636369,0.5625
0.011,45.14999999999999,9.051344640485725,7.0,9.57073837671504,25.312116257039246,0.061,5.267858159063328,218.0,0.02,0.5,0.12,82.0,74.0,0.8,1,0.205,0.665,0.13,15.12955917344827,0.938,21.88984825236522,20.888780276271444,High,1.544039091679394,0.8562641811686308,0.5037593984962405
0.02,41.0,9.051344640485725,26.0,9.57073837671504,23.436618790804065,0.061,5.267858159063328,239.0,0.02,0.1,0.12,75.0,69.0,0.5,1,0.2995,0.6425000000000001,0.052,10.54141267859585,1.0,20.339072865582214,18.46947091764561,Lower-Middle,1.429633746239048,0.8562641811686308,0.5470817120622568
0.02,45.14999999999999,5.521460917862246,19.0,9.57073837671504,20.35541759353315,0.054,6.606650186198215,189.75,0.009,0.8,0.086,75.0,69.0,1.5,1,0.2995,0.6425000000000001,0.052,10.86576452124698,0.318,18.31532023940565,16.380459992348886,Low,1.0991925500507902,0.5223344596272275,0.5470817120622568
0.016,37.55,6.0014148779611505,14.0,9.57073837671504,20.948185588282996,0.078,6.26530121273771,189.75,0.014,0.4,0.106,77.0,72.0,1.1,1,0.253,0.663,0.085,12.086151074836906,0.185,19.548851838098265,17.6867115897055,Low,1.6339584758860737,0.5677384742754507,0.5098039215686274
0.017,41.0,9.051344640485725,26.0,9.57073837671504,23.436618790804065,0.061,5.267858159063328,239.0,0.02,0.1,0.12,82.0,76.0,0.5,1,0.2995,0.6425000000000001,0.052,10.316788546412067,0.56,20.350025877585416,19.93800336967164,Lower-Middle,1.429633746239048,0.8562641811686308,0.5470817120622568
0.017,38.7,5.3471075307174685,10.0,9.57073837671504,20.339779636317893,0.047,5.683579767338681,189.75,0.019,0.4,0.092,74.0,70.0,1.2,1,0.265,0.668,0.067,11.602007197294435,0.488,18.26985786584569,16.52356082573315,Low,0.955969642906941,0.5058404947847299,0.49700598802395207
0.018,37.55,7.776954403322442,55.625,9.57073837671504,22.19757881414112,0.058,6.182084906716632,199.0,0.022,0.3,0.116,74.0,67.0,1.0,1,0.286,0.649,0.064,13.171079253100155,0.663,18.049617077054286,17.529082649058825,Lower-Middle,1.287459571220185,0.7357058822355611,0.5392912172573189
0.015,37.55,10.83334582763182,41.0,9.969790141790192,23.75620679410023,0.052,6.692083742506628,210.0,0.021,0.5,0.093,73.0,66.0,1.4,1,0.207,0.71,0.083,14.099256895562407,0.091,20.261230378937153,18.390221546776935,Upper-Middle,1.2353227532932118,0.9875618118127367,0.4084507042253521
0.02,41.0,5.087596335232384,26.0,9.57073837671504,23.436618790804065,0.061,5.267858159063328,239.0,0.02,0.1,0.12,75.0,69.0,0.5,1,0.2995,0.6425000000000001,0.052,10.34154891634728,0.902,20.350025877585416,19.93800336967164,Lower-Middle,1.429633746239048,0.48129053562040797,0.5470817120622568
0.013,45.14999999999999,15.508012700978242,5.0,14.610990926446036,30.33628744565421,0.118,9.018574356354229,189.75,0.006,0.7,0.033,81.0,76.0,0.9,1,0.198,0.671,0.131,19.54990725182358,0.808,25.826820576535958,25.426587616650725,High,3.579681918587197,0.9934034792568265,0.4903129657228018
0.015,41.9,8.801770448914539,55.625,8.336869637284956,24.383774161713053,0.087,6.906754778648554,295.75,0.011,0.5,0.103,80.0,73.0,1.3,1,0.225,0.636,0.139,15.031011556572787,0.944,21.23549048222527,20.1236090012953,Upper-Middle,2.1213883520690353,0.9426896584018263,0.5723270440251572
0.021,45.14999999999999,12.214774672824074,55.625,11.231927669547035,26.69911295660477,0.047,6.461468176353717,295.75,0.014,0.4,0.183,77.0,71.0,1.0,1,0.295,0.649,0.056,17.184297826926645,0.888,20.492594020470857,21.52884844728297,High,1.2548583089604242,0.9985976865473407,0.5408320493066255
0.011,41.0,9.051344640485725,26.0,9.57073837671504,23.436618790804065,0.061,5.267858159063328,239.0,0.02,0.3,0.12,82.0,76.0,0.5,1,0.207,0.656,0.137,11.573719484202817,0.946,20.736182063200125,19.93800336967164,Lower-Middle,1.429633746239048,0.8562641811686308,0.5243902439024389
0.025,45.14999999999999,9.051344640485725,25.0,10.641918757936217,26.016926701994592,0.044,5.455321115357702,295.75,0.023,0.1,0.08,72.0,69.0,0.9,1,0.272,0.681,0.047,17.44683936544268,0.682,19.519293035953808,20.1628997693716,High,1.144744774887762,0.7774787669185103,0.4684287812041116
0.046,45.14999999999999,9.051344640485725,55.625,9.51613246360028,25.368770187182516,0.034,5.187385805840755,282.0,0.107,0.1,0.188,53.0,50.0,0.5,1,0.477,0.499,0.024,16.820226903614554,0.409,20.2970876887721,19.593162884282904,High,0.8625381863642057,0.8607104058279356,1.0040080160320641
0.037,45.14999999999999,9.051344640485725,29.0,8.232706009860976,22.710441370027468,0.045,3.5553480614894135,270.0,0.06,0.0,0.12,60.0,58.0,0.8,1,0.432,0.539,0.029,16.095829182897745,0.423,19.05195252611337,19.93800336967164,Lower-Middle,1.021969861651236,0.9803566398430159,0.8552875695732839
0.024,37.55,9.051344640485725,55.625,7.703459047867175,23.450623428879254,0.052,6.003887067106539,189.75,0.039,0.1,0.11,46.0,47.0,1.5,1,0.34,0.625,0.035,14.501986535450166,0.565,17.399029524198163,18.22222981742365,Upper-Middle,1.219432418301721,1.039970957604931,0.6
0.042,43.5,9.051344640485725,13.0,9.57073837671504,23.064663625346586,0.064,3.6888794541139363,270.0,0.068,0.0,0.12,56.0,55.0,0.5,1,0.458,0.517,0.025,16.5878063623078,0.265,20.350025877585416,19.93800336967164,Lower-Middle,1.4761384720221815,0.8562641811686308,0.9342359767891684
0.045,45.14999999999999,9.051344640485725,13.0,9.57073837671504,21.580083411439436,0.09,3.091042453358316,274.0,0.059,0.0,0.132,55.0,51.0,0.2,1,0.44,0.535,0.025,16.07104209301504,0.109,15.123843647884687,17.707330876483063,Low,1.942207507029549,0.8562641811686308,0.8691588785046729
0.038,45.14999999999999,9.051344640485725,15.0,8.812992231969966,23.96143133639657,0.054,4.174387269895637,295.75,0.064,0.1,0.12,55.0,53.0,0.5,1,0.432,0.535,0.032,16.86744701522542,0.521,19.86288273937462,20.24845065231117,Upper-Middle,1.2939172921654147,0.9223837568114186,0.8672897196261681
0.035,45.14999999999999,9.051344640485725,22.0,9.57073837671504,21.509720963268148,0.039,2.995732273553991,295.75,0.1,0.0,0.12,51.0,47.0,0.2,1,0.404,0.558,0.039,15.305312769617306,0.39,20.350025877585416,19.93800336967164,Low,0.8388791175674578,0.8562641811686308,0.7939068100358422
0.047,45.14999999999999,9.051344640485725,55.0,9.57073837671504,23.221119976977818,0.028,3.258096538021482,295.75,0.092,0.0,0.12,51.0,49.0,0.3,1,0.487,0.488,0.025,16.30706489616136,0.22,20.350025877585416,19.93800336967164,Lower-Middle,0.6501913593553789,0.8562641811686308,1.0491803278688525
0.036,45.14999999999999,9.051344640485725,22.0,9.57073837671504,20.22958030888701,0.036,3.4657359027997265,189.75,0.061,0.1,0.105,62.0,59.0,0.3,1,0.422,0.549,0.029,13.45914556598547,0.28,17.553180200057167,16.811242881518265,Low,0.7282648911199323,0.8562641811686308,0.8214936247723132
0.044,45.14999999999999,9.051344640485725,55.625,10.10634676054763,23.894279584211578,0.061,2.772588722239781,295.75,0.09,0.0,0.22649999999999998,51.0,48.0,0.2,1,0.453,0.519,0.028,17.973322958973107,0.404,16.249124001084017,19.512604047825384,Upper-Middle,1.4575510546369062,0.8149704700953729,0.9267822736030829
0.038,45.14999999999999,9.051344640485725,55.625,7.414572881350589,23.39227071389779,0.025,4.454347296253507,295.75,0.039,0.1,0.12,59.0,56.0,0.9,1,0.423,0.543,0.034,15.256615022244084,0.637,20.350025877585416,19.93800336967164,Lower-Middle,0.5848067678474448,1.0756748759698105,0.8416206261510127
0.037,44.0,9.051344640485725,32.0,9.326700173092378,23.904421255517942,0.068,4.442651256490317,270.0,0.075,0.0,0.12,51.0,49.0,0.9,1,0.417,0.552,0.031,16.780265706432232,0.513,20.350025877585416,19.93800336967164,Upper-Middle,1.62550064537522,0.8764992193798978,0.8115942028985506
0.028,37.8,9.051344640485725,37.0,9.57073837671504,20.937687061525665,0.087,4.787491742782046,189.75,0.061,0.1,0.106,62.0,59.0,0.2,1,0.339,0.623,0.038,13.64903912171037,0.771,16.770420889081343,17.32705602664604,Low,1.8215787743527327,0.8562641811686308,0.6051364365971108
0.024,43.6,9.051344640485725,8.0,11.259966828576832,26.18710075936123,0.049,4.927253685157205,295.75,0.019,0.4,0.11,73.0,68.0,1.1,1,0.314,0.631,0.056,18.18991404766112,0.43,22.956822343637167,21.66911537145046,High,1.2831679372087004,0.7382845946522376,0.5863708399366085
0.036,44.1,9.051344640485725,55.625,9.57073837671504,23.477935094815145,0.045,6.9584483932976555,295.75,0.073,0.1,0.12,54.0,51.0,0.7,1,0.391,0.58,0.029,13.48143125598987,0.393,20.350025877585416,19.93800336967164,Upper-Middle,1.0565070792666815,0.8562641811686308,0.7241379310344829
0.038,45.14999999999999,9.051344640485725,55.625,6.641182169740591,21.681749720666822,0.027,2.5649493574615367,216.0,0.038,0.0,0.12,64.0,59.0,0.0,1,0.431,0.548,0.022,15.596015768260987,0.21,20.350025877585416,19.93800336967164,Low,0.5854072424580042,1.184547683777183,0.8266423357664233
0.034,37.55,9.051344640485725,15.0,10.436025743207768,24.16904156363417,0.041,2.70805020110221,198.0,0.048,0.0,0.12,64.0,61.0,0.2,1,0.439,0.528,0.033,18.30855365324134,0.177,21.415412517673275,18.951309000896888,Upper-Middle,0.9909307041090011,0.7914764135487905,0.8939393939393938
0.032,43.5,9.051344640485725,55.625,7.599901959208498,23.656920124242582,0.034,5.996452088619021,295.75,0.042,0.1,0.12,64.0,62.0,1.5,1,0.385,0.562,0.053,14.281779095431263,0.86,20.350025877585416,19.93800336967164,Upper-Middle,0.8043352842242478,1.0524939334679084,0.7793594306049821
0.043,45.14999999999999,9.051344640485725,27.0,9.57073837671504,20.615995573324685,0.047,3.2188758248682006,295.75,0.051,0.1,0.22649999999999998,60.0,57.0,0.8,1,0.459,0.516,0.025,14.3664989510093,0.57,18.33729914588288,16.213405921671733,Low,0.9689517919462602,0.8562641811686308,0.937984496124031
0.032,37.55,9.051344640485725,12.0,9.263975921142093,24.40120996955587,0.053,4.430816798843313,224.0,0.054,0.1,0.12,62.0,60.0,0.9,1,0.388,0.577,0.035,17.02718882242771,0.514,20.496365238009194,20.748933584669647,Upper-Middle,1.2932641283864612,0.8818555996260136,0.7331022530329291
0.038,45.14999999999999,9.051344640485725,40.0,9.57073837671504,22.34608581716211,0.06,3.332204510175204,295.75,0.069,0.0,0.12,56.0,55.0,0.4,1,0.427,0.542,0.031,16.227983691888177,0.353,14.557448378884015,17.707330876483063,Lower-Middle,1.3407651490297265,0.8562641811686308,0.8450184501845017
0.038,45.14999999999999,9.051344640485725,9.0,9.57073837671504,20.69049731556321,0.063,3.58351893845611,208.0,0.082,0.0,0.12,55.0,52.0,0.5,1,0.417,0.553,0.029,14.300543799615022,0.461,20.350025877585416,19.93800336967164,Low,1.3035013308804821,0.8562641811686308,0.806509945750452
0.036,45.14999999999999,9.051344640485725,33.0,9.9124472939076,24.258799332720383,0.044,3.58351893845611,295.75,0.05,0.3,0.15,62.0,59.0,0.7,1,0.425,0.549,0.026,17.553844051072073,0.24,21.335202962623114,19.098714291778403,Upper-Middle,1.0673871706396967,0.8294513958879851,0.8214936247723132
0.028,37.55,9.051344640485725,40.0,9.57073837671504,21.63448491731038,0.117,4.990432586778736,295.75,0.073,0.0,0.104,48.0,48.0,0.6,1,0.372,0.586,0.042,14.523308391673408,0.253,17.182806422433504,19.519293035953808,Low,2.531234735325315,0.8562641811686308,0.7064846416382252
0.037,42.9,9.051344640485725,6.0,9.57073837671504,21.15358867311833,0.118,4.0943445622221,189.75,0.058,0.0,0.138,61.0,59.0,0.5,1,0.432,0.537,0.031,15.221533524032916,0.482,19.26224793394093,18.6983124881264,Low,2.4961234634279625,0.8562641811686308,0.8621973929236498
0.022,41.0,9.051344640485725,26.0,9.49874718174242,24.269988103718674,0.039,5.356586274672012,239.0,0.014,0.1,0.06,77.0,73.0,1.6,1,0.294,0.659,0.046,15.624329352590719,0.778,20.350025877585416,19.93800336967164,Upper-Middle,0.9465295360450283,0.862135689506481,0.5159332321699545
0.035,37.55,9.051344640485725,8.0,9.57073837671504,23.011141436341457,0.041,2.995732273553991,201.0,0.042,0.0,0.22649999999999998,65.0,62.0,0.4,1,0.431,0.541,0.028,16.89185160971288,0.326,20.350025877585416,19.93800336967164,Lower-Middle,0.9434567988899998,0.8562641811686308,0.8484288354898336
0.04,37.55,9.051344640485725,39.0,9.57073837671504,22.451001859119017,0.083,3.4339872044851463,189.75,0.049,0.0,0.22649999999999998,54.0,54.0,0.3,1,0.456,0.512,0.031,16.553606950605182,0.157,17.479072229734946,18.390221546776935,Lower-Middle,1.8634331543068785,0.8562641811686308,0.951171875
0.048,45.14999999999999,9.051344640485725,8.0,9.57073837671504,23.088595249116143,0.068,3.9512437185814275,270.0,0.081,0.0,0.12,54.0,54.0,0.8,1,0.47,0.502,0.029,16.48390045063869,0.368,19.42863866800198,19.2271566142836,Lower-Middle,1.5700244769398979,0.8562641811686308,0.9940239043824701
0.035,45.14999999999999,9.051344640485725,19.0,9.57073837671504,22.143015248850293,0.059,3.9512437185814275,295.75,0.069,0.0,0.17,63.0,60.0,0.9,1,0.404,0.565,0.031,15.124590125755672,0.573,20.350025877585416,19.93800336967164,Lower-Middle,1.3064378996821673,0.8562641811686308,0.769911504424779
0.011,37.55,9.051344640485725,6.0,9.57073837671504,23.143847797044376,0.049,6.111467339502679,189.75,0.013,0.4,0.089,77.0,70.0,1.0,1,0.206,0.713,0.08,14.067087618420997,0.404,21.315487099469493,19.87229457353482,Lower-Middle,1.1340485420551745,0.8562641811686308,0.4011220196353436
0.022,45.14999999999999,9.051344640485725,12.0,9.757536497051824,25.320518149442854,0.063,5.278114659230517,238.0,0.028,0.5,0.12,72.0,69.0,1.1,1,0.279,0.671,0.05,17.283101769863197,0.582,22.93165013465151,21.538630650673085,High,1.5951926434148997,0.8413956711154369,0.4903129657228018
0.04,37.55,9.051344640485725,13.0,9.230437073675304,23.252818233467362,0.064,3.5263605246161616,230.0,0.068,0.0,0.191,50.0,49.0,0.3,1,0.454,0.514,0.032,17.01749931555755,0.312,19.39900687050537,19.360688006350088,Lower-Middle,1.4881803669419111,0.8847466218013706,0.9455252918287937
0.027,37.55,9.051344640485725,55.625,7.371489295214277,23.245127876925537,0.086,6.18826412308259,295.75,0.036,0.1,0.087,66.0,61.0,1.0,1,0.371,0.594,0.035,14.611944655762086,0.426,20.284760876310433,19.14822935606056,Lower-Middle,1.999080997415596,1.0812108002885579,0.6835016835016836
0.05,43.8,9.051344640485725,17.0,9.57073837671504,22.581412440541964,0.068,3.258096538021482,270.0,0.064,0.0,0.12,58.0,57.0,0.3,1,0.499,0.475,0.026,16.619565424932254,0.178,18.26985786584569,19.93800336967164,Lower-Middle,1.5355360459568537,0.8562641811686308,1.105263157894737
0.042,37.55,9.051344640485725,28.0,11.681198806038124,26.743667152370517,0.057,4.454347296253507,295.75,0.079,0.3,0.16,52.0,51.0,0.6,1,0.441,0.531,0.027,18.916552672446766,0.444,20.349299397351107,22.978130193833934,High,1.5243890276851195,0.7137609605312668,0.8813559322033898
0.036,37.55,9.051344640485725,3.0,9.57073837671504,22.580614372327585,0.11,4.143134726391533,189.75,0.041,0.1,0.12,65.0,61.0,0.4,1,0.442,0.535,0.023,16.226440150105798,0.249,19.512604047825384,18.80594315154573,Lower-Middle,2.4838675809560344,0.8562641811686308,0.8691588785046729
0.036,37.55,9.051344640485725,10.0,9.57073837671504,19.330095002987473,0.076,4.6913478822291435,295.75,0.039,0.2,0.22649999999999998,68.0,64.0,0.6,1,0.416,0.549,0.035,12.118213636674861,0.626,16.58182973008354,14.151983508870947,Low,1.469087220227048,0.8562641811686308,0.8214936247723131
0.038,45.14999999999999,9.051344640485725,6.0,8.165079258805068,23.39331481827493,0.05,4.007333185232471,295.75,0.046,0.2,0.12,65.0,62.0,0.7,1,0.436,0.534,0.031,16.40558305446333,0.425,20.350025877585416,19.93800336967164,Lower-Middle,1.1696657409137465,0.987590438106678,0.8745318352059924
0.019,37.55,9.051344640485725,39.0,9.57073837671504,20.781150731724058,0.036,6.025865973825314,189.75,0.012,0.4,0.112,78.0,68.0,1.4,1,0.222,0.702,0.076,11.378730995415923,0.526,17.249497794707484,15.424948670398354,Low,0.748121426342066,0.8562641811686308,0.42450142450142453
0.038,37.55,9.051344640485725,12.0,9.57073837671504,21.79904406442203,0.118,4.418840607796598,295.75,0.1075,0.0,0.21,45.0,45.0,0.4,1,0.42,0.554,0.026,15.584596924019387,0.386,17.599700214609808,17.182806422433504,Low,2.5722871996017993,0.8562641811686308,0.8050541516245486
0.045,41.0,9.051344640485725,26.0,9.57073837671504,23.436618790804065,0.061,5.267858159063328,239.0,0.095,0.0,0.12,56.0,53.0,0.2,1,0.475,0.496,0.028,16.10884338040436,0.377,20.350025877585416,19.93800336967164,Lower-Middle,1.429633746239048,0.8562641811686308,1.0141129032258065
0.021,37.55,9.051344640485725,19.0,11.859157066545588,26.72441908800306,0.087,6.508769136971682,200.0,0.034,0.3,0.09,57.0,53.0,1.2,1,0.296,0.651,0.053,17.758636803443625,0.627,23.09416357021594,22.851140336266926,High,2.325024460656266,0.7038832011807153,0.5360983102918586
0.037,41.0,9.051344640485725,26.0,9.57073837671504,23.75735869341501,0.017,3.4965075614664802,239.0,0.068,0.1,0.12,55.0,53.0,0.2,1,0.426,0.54,0.034,16.155498462729717,0.18,20.350025877585416,19.93800336967164,Upper-Middle,0.4038750977880552,0.8562641811686308,0.8518518518518517
0.034,37.55,9.051344640485725,36.0,9.718542557535459,24.932735277853908,0.067,4.787491742782046,189.75,0.054,0.2,0.12,63.0,60.0,0.7,1,0.418,0.551,0.032,17.41092853237432,0.332,19.035866388448003,20.65819384126993,Upper-Middle,1.670493263616212,0.8444566592798903,0.8166969147005443
0.031,37.55,9.051344640485725,55.625,9.57073837671504,22.145354914091616,0.083,5.602118820879701,189.75,0.058,0.2,0.09,48.0,49.0,0.6,1,0.384,0.582,0.034,14.007914450099742,0.214,20.350025877585416,19.93800336967164,Lower-Middle,1.8380644578696042,0.8562641811686308,0.7182130584192441
0.04,44.9,9.051344640485725,26.0,9.940205135471292,23.89606275089016,0.074,3.6635616461296463,189.75,0.039,0.0,0.15,61.0,59.0,0.6,1,0.449,0.52,0.031,17.651831262510278,0.288,21.047520890352097,20.64854229182806,Upper-Middle,1.7683086435658717,0.8273468850358813,0.923076923076923
0.037,45.14999999999999,9.051344640485725,55.625,7.9247959139564355,22.04662653485507,0.08,3.784189633918261,270.0,0.059,0.0,0.12,57.0,55.0,0.4,1,0.42,0.553,0.027,15.683042862691648,0.38,20.350025877585416,19.93800336967164,Low,1.7637301227884055,1.0141794532613788,0.8083182640144665
0.019,45.14999999999999,9.051344640485725,11.0,9.15957325492253,24.55084426483668,0.07,5.720311776607412,189.75,0.014,0.4,0.12,77.0,73.0,1.2,1,0.233,0.697,0.07,16.183302792269597,0.661,21.651089805029653,20.334657847379596,Upper-Middle,1.7185590985385677,0.8909177987471232,0.4347202295552368
0.044,37.55,9.051344640485725,33.0,9.57073837671504,23.463674805593538,0.093,3.7376696182833684,213.0,0.049,0.1,0.218,59.0,57.0,0.5,1,0.487,0.489,0.024,17.375080124919023,0.148,20.689709054451694,20.084606843564476,Upper-Middle,2.182121756920199,0.8562641811686308,1.0449897750511248
0.043,37.55,9.051344640485725,18.0,9.043458999670106,23.67826421074552,0.062,4.477336814478207,189.75,0.059,0.1,0.188,57.0,54.0,0.6,1,0.468,0.505,0.026,16.428062341546553,0.392,18.799117186521926,18.757152987716434,Upper-Middle,1.4680523810662223,0.9012178613745555,0.9782178217821783
0.032,37.55,9.051344640485725,55.625,9.139166552521658,23.11717377195955,0.061,5.267858159063328,242.0,0.058,0.2,0.12,56.0,55.0,0.7,1,0.408,0.552,0.04,16.407681335390567,0.33,20.313792708946732,19.93800336967164,Lower-Middle,1.4101476000895325,0.8927109140183336,0.8115942028985506
0.037,37.55,9.051344640485725,7.0,9.57073837671504,23.606398068316512,0.084,3.8918202981106265,275.0,0.074,0.1,0.151,61.0,59.0,0.6,1,0.481,0.497,0.022,17.186437064921453,0.251,18.73549149109167,18.65969765229688,Upper-Middle,1.982937437738587,0.8562641811686308,1.012072434607646
0.014,38.8,9.051344640485725,8.0,7.907283609426348,23.03998485092817,0.037,4.852030263919617,295.75,0.015,0.3,0.178,78.0,71.0,1.1,1,0.204,0.692,0.104,14.902091087776746,0.634,20.001719183922383,20.11812953554068,Lower-Middle,0.8524794394843422,1.0161733966690947,0.44508670520231214
0.019,40.0,9.051344640485725,8.0,9.438431663014326,24.91218738905782,0.05,5.886104031450156,225.0,0.032,0.5,0.19,74.0,68.0,1.1,1,0.224,0.718,0.058,16.031783992744764,0.536,21.12873094572124,21.298754974600552,Upper-Middle,1.2456093694528911,0.8671172962272333,0.392757660167131
0.021,37.55,9.051344640485725,19.0,10.351213619358802,25.440921639029938,0.038,3.332204510175204,295.75,0.037,0.1,0.133,71.0,69.0,0.6,1,0.311,0.642,0.047,18.84504893763544,0.312,18.390221546776935,20.523594643038344,High,0.9667550222831376,0.7973900363437095,0.557632398753894
0.02,40.8,9.051344640485725,36.0,9.57073837671504,21.3334887056215,0.037,4.553876891600541,274.0,0.033,0.2,0.14,68.0,67.0,0.7,1,0.291,0.663,0.046,13.500018686206554,0.356,18.1462439114085,17.87595358575207,Low,0.7893390821079955,0.8562641811686308,0.5082956259426847
0.016,37.55,9.051344640485725,55.625,8.251403065380556,23.538157081184565,0.022,6.822197390620491,189.75,0.008,0.6,0.055,80.0,76.0,1.1,1,0.262,0.7,0.038,12.915371187778446,0.759,20.350025877585416,19.93800336967164,Upper-Middle,0.5178394557860604,0.9783753422609524,0.4285714285714286
0.026,37.55,9.051344640485725,55.625,8.58185670474196,23.275016250476092,0.056,3.912023005428146,189.75,0.036,0.0,0.12,74.0,68.0,0.9,1,0.314,0.634,0.051,16.496933581411234,0.2,21.305481457357732,19.62365305094772,Lower-Middle,1.3034009100266613,0.9446336883754806,0.5757097791798107
0.012,45.14999999999999,9.051344640485725,38.0,14.818979952834974,29.62188987425085,0.051,5.616771097666572,295.75,0.013,0.4,0.066,76.0,74.0,0.7,1,0.18,0.735,0.085,21.019012801304143,0.506,24.699446040836627,25.09284026369371,High,1.5107163835867934,0.5721825722943408,0.36054421768707484
0.014,37.55,9.051344640485725,2.0,8.173011311724972,23.392895322939555,0.094,5.739792912179234,295.75,0.014,0.3,0.15,78.0,70.0,1.0,1,0.174,0.684,0.142,15.315881315856695,0.53,20.789989469924773,19.766153113156168,Lower-Middle,2.198932160356318,0.9867364525012924,0.4619883040935671
0.014,37.55,9.051344640485725,3.0,9.608780865147382,26.2387650313341,0.061,5.267858159063328,189.75,0.02,0.7,0.05,87.0,80.0,2.2,1,0.119,0.749,0.132,15.771597462024708,1.0,24.224881541757224,23.676716718295957,High,1.60056466691138,0.8531936662224552,0.33511348464619495
0.021,45.14999999999999,9.051344640485725,29.0,13.527092214531523,28.26234615794009,0.039,4.143134726391533,254.0,0.045,0.1,0.102,68.0,64.0,0.7,1,0.298,0.651,0.051,20.92306405008835,0.313,23.597282351872778,23.34058867448866,High,1.1022315001596634,0.6230665095821186,0.5360983102918586
0.02,37.55,9.051344640485725,48.0,12.250137376692274,27.463704395817892,0.029,4.605170185988092,266.0,0.026,0.1,0.124,72.0,68.0,1.0,1,0.296,0.653,0.051,19.311865501814086,0.507,22.92470374804614,22.88117191868658,High,0.7964474274787189,0.6831132676712879,0.5313935681470138
0.008,45.14999999999999,9.051344640485725,22.0,13.04217015840453,29.40692739652764,0.1,8.442900586834382,295.75,0.002,0.8,0.020500000000000018,86.0,79.0,1.0,1,0.132,0.631,0.237,18.666112286387758,0.912,23.251710788828678,24.406127218759934,High,2.9406927396527642,0.644583033703541,0.5847860538827259
0.023,37.55,9.051344640485725,19.0,11.265770943694516,25.959968193062576,0.039,6.129050210060545,189.75,0.018,0.5,0.12,74.0,64.0,1.6,1,0.252,0.683,0.066,16.622295432230793,0.536,21.144604294867033,21.328128103184934,High,1.0124387595294404,0.7379352412527126,0.46559297218155193
0.014,41.0,9.051344640485725,26.0,9.854192260811251,23.436618790804065,0.061,5.267858159063328,239.0,0.024,0.1,0.12,73.0,66.0,0.0,1,0.223,0.687,0.09,17.019528225074975,0.603,20.350025877585416,19.93800336967164,Lower-Middle,1.429633746239048,0.8339031060989536,0.4556040756914119
0.009,37.55,9.051344640485725,6.0,12.470131626999393,27.815393614362293,0.074,7.410347097821024,225.0,0.003,0.8,0.058,84.0,78.0,1.1,1,0.157,0.728,0.114,17.72311262543127,0.82,23.583579223449917,23.82376344912051,High,2.05833912746281,0.671956658711731,0.37225274725274726
0.027,37.55,9.051344640485725,10.0,8.038512020976814,22.547454760846847,0.062,4.276666119016055,210.0,0.025,0.2,0.22649999999999998,74.0,66.0,1.2,1,0.301,0.656,0.043,15.522909859911055,0.353,20.35075183042931,20.154104637934243,Lower-Middle,1.3979421951725044,1.0014197712498616,0.5243902439024389
0.028,37.55,9.051344640485725,55.625,9.57073837671504,22.833974437955767,0.028,3.58351893845611,295.75,0.057,0.1,0.12,69.0,66.0,0.8,1,0.362,0.601,0.037,15.690586600683288,0.343,19.838958153346613,19.328939308161516,Lower-Middle,0.6393512842627614,0.8562641811686308,0.6638935108153078
0.01,41.0,9.051344640485725,26.0,9.57073837671504,24.324262883924987,0.061,5.267858159063328,239.0,0.02,0.6,0.053,82.0,78.0,2.5,1,0.124,0.802,0.074,13.210885113227604,1.0,24.3862119090595,21.112601563802198,Upper-Middle,1.4837800359194242,0.8562641811686308,0.24688279301745636
0.018,37.55,9.051344640485725,6.0,11.23727735967387,26.390588100589536,0.038,5.953243334287785,189.75,0.007,0.6,0.049,77.0,72.0,1.3,1,0.272,0.678,0.05,17.174460241773996,0.717,23.701292283432362,23.04369084816702,High,1.0028423478224024,0.7396534682063419,0.4749262536873156
0.022,37.55,9.051344640485725,9.0,9.57073837671504,21.49475741941316,0.081,6.26530121273771,239.0,0.01,0.3,0.102,78.0,76.0,1.6,1,0.294,0.655,0.05,12.712784820654623,0.412,21.348134177288394,19.360688006350088,Low,1.741075350972466,0.8562641811686308,0.5251908396946564
0.023,37.55,9.051344640485725,13.0,8.190908881182514,22.893624556493577,0.06,5.25227342804663,192.0,0.028,0.1,0.166,71.0,63.0,1.1,1,0.27,0.692,0.038,14.828641208086959,0.685,19.36847014676186,19.816925438400673,Lower-Middle,1.3736174733896145,0.9848149685193232,0.44508670520231214
0.018,41.0,9.051344640485725,26.0,9.550875771331766,23.436618790804065,0.018,2.995732273553991,239.0,0.042,0.0,0.163,67.0,63.0,0.0,1,0.257,0.692,0.051,17.773477089252648,0.319,19.49568317039431,18.6983124881264,Lower-Middle,0.42185913823447313,0.8578761457015274,0.44508670520231214
0.022,37.55,9.051344640485725,29.0,9.248791558350435,23.65979741666092,0.061,3.7376696182833684,295.75,0.035,0.1,0.12,69.0,66.0,0.5,1,0.364,0.586,0.05,17.117122125644894,0.172,19.843789080604612,19.85576527162264,Upper-Middle,1.443247642416316,0.8831621356481718,0.7064846416382252
0.026,37.55,9.051344640485725,21.0,11.348593127535832,26.087773103792077,0.03,3.6109179126442243,295.75,0.072,0.1,0.144,67.0,65.0,0.6,1,0.349,0.608,0.043,18.986939299770444,0.37,20.83926951359319,21.33899187107802,High,0.7826331931137623,0.7329858994465004,0.644736842105263
0.025,44.5,9.051344640485725,36.0,10.607896085373092,26.13533688477251,0.044,4.663439094112067,195.0,0.025,0.3,0.067,72.0,65.0,1.0,1,0.349,0.613,0.038,18.36994979668119,0.45,22.116039164412395,22.48232992350853,High,1.1499548229299903,0.7797575524380483,0.631321370309951
0.01,37.55,9.051344640485725,3.0,10.417747273036401,26.336631298765642,0.042,7.6708948313621175,189.75,0.002,0.7,0.054,84.0,80.0,1.5,1,0.169,0.737,0.093,15.461029837881703,1.0,23.618182805316888,23.78838423803206,High,1.106138514548157,0.7927434741755882,0.3554952510176391
0.018,45.14999999999999,9.051344640485725,37.0,9.25167423546916,24.803815923520926,0.033,4.543294782270004,256.0,0.009,0.2,0.094,77.0,71.0,0.9,1,0.251,0.669,0.08,16.85377541015493,0.183,21.074626686765104,20.646384793690366,Upper-Middle,0.8185259254761906,0.8829137985256608,0.4947683109118087
0.033,45.14999999999999,9.051344640485725,24.0,7.78155595923534,22.598559174801423,0.058,3.8918202981106265,224.0,0.043,0.1,0.22649999999999998,71.0,64.0,0.8,1,0.358,0.61,0.032,15.871536455757045,0.265,17.499377495380294,15.943742382861155,Lower-Middle,1.3107164321384825,1.030722195759244,0.639344262295082
0.011,37.55,9.051344640485725,29.0,11.688121696821595,26.568756857005987,0.041,5.3706380281276624,264.0,0.012,0.2,0.069,77.0,71.0,1.2,1,0.189,0.72,0.091,18.0138597119948,0.454,24.154863091031984,22.713876165056245,High,1.0893190311372456,0.7133715183984332,0.38888888888888895
0.036,37.55,9.051344640485725,55.625,9.57073837671504,20.843977912994962,0.046,3.8501476017100584,276.0,0.05,0.0,0.11,68.0,65.0,0.6,1,0.469,0.5,0.032,13.92919007457992,0.302,16.993564429978885,17.958645300228824,Low,0.9588229839977682,0.8562641811686308,1.002
0.022,41.0,9.051344640485725,26.0,10.115003767609359,24.098575447679245,0.021,4.74493212836325,239.0,0.05,0.1,0.12,69.0,61.0,1.0,1,0.289,0.671,0.041,15.446057890527566,0.487,20.350025877585416,19.93800336967164,Upper-Middle,0.5060700844012642,0.8143357240114107,0.4918032786885245
0.022,45.14999999999999,9.051344640485725,14.0,10.77385999246528,24.53710958974614,0.056,4.5217885770490405,205.0,0.039,0.3,0.12,71.0,65.0,0.9,1,0.293,0.664,0.043,17.194441914656117,0.362,20.350025877585416,19.93800336967164,Upper-Middle,1.374078137025784,0.7687661180172146,0.5060240963855421
0.016,40.0,9.051344640485725,38.0,11.022082190911469,25.632528854132836,0.068,4.543294782270004,295.75,0.02,0.4,0.17,80.0,71.0,1.4,1,0.231,0.703,0.065,18.29102754710983,0.31,22.465484860789463,21.259759208045775,High,1.743011962081033,0.7528932589837407,0.42105263157894746
0.013,37.55,9.051344640485725,6.0,7.684324067681155,23.2797849723453,0.06,5.497168225293202,295.75,0.014,0.5,0.124,80.0,74.0,1.0,1,0.221,0.676,0.103,14.855553319993856,0.532,21.32921980634953,21.240868445587374,Lower-Middle,1.396787098340718,1.0422624224918602,0.47928994082840237
0.02,41.0,9.051344640485725,26.0,9.57073837671504,23.436618790804065,0.072,8.024207485778577,239.0,0.002,0.8,0.12,75.0,69.0,0.8,1,0.2995,0.6425000000000001,0.052,11.262744679587612,0.873,20.350025877585416,19.93800336967164,Lower-Middle,1.6874365529378925,0.8562641811686308,0.5470817120622568
0.009,45.14999999999999,9.051344640485725,25.0,10.40486871747412,26.75391315686295,0.113,8.638348312972704,189.75,0.003,0.8,0.12,84.0,78.0,1.5,1,0.146,0.673,0.181,15.944478659274504,0.659,23.83469007254101,23.282042335378268,High,3.0231921867255136,0.7936386524658182,0.48588410104011875
0.012,45.14999999999999,9.051344640485725,10.0,10.292213336639994,24.813177151933512,0.049,5.7430031878094825,295.75,0.004,0.4,0.136,77.0,65.0,1.1,1,0.149,0.712,0.138,16.063956310420846,0.75,20.43157574443578,20.407184291344674,Upper-Middle,1.2158456804447422,0.8015562911051908,0.4030898876404495
0.012,45.14999999999999,9.051344640485725,4.0,10.98690159744634,26.964161372917122,0.105,8.500047032581268,189.75,0.004,0.8,0.12,83.0,78.0,1.1,1,0.168,0.658,0.174,16.21773689270424,0.977,23.288830389828743,23.9102381128429,High,2.8312369441562977,0.7551029402305264,0.519756838905775
0.009,37.55,9.051344640485725,40.0,8.867286523989415,23.62758961342306,0.099,6.156978985585555,295.75,0.006,0.6,0.074,79.0,73.0,0.8,1,0.169,0.678,0.153,15.160806606937538,0.393,20.414019587941187,19.28778123583743,Upper-Middle,2.339131371728883,0.9173083824494235,0.4749262536873156
0.01,37.55,9.051344640485725,18.0,9.863550582932428,24.70374680984986,0.073,6.259581464064923,295.75,0.011,0.5,0.106,78.0,71.0,1.4,1,0.134,0.68,0.186,15.80998349840301,0.726,22.239271804807547,21.127396722708994,Upper-Middle,1.8033735171190397,0.833184746679982,0.47058823529411764
0.01,37.55,9.051344640485725,8.0,9.040737587590003,24.842642816083895,0.068,6.900730664045173,196.0,0.004,0.6,0.097,80.0,74.0,1.2,1,0.151,0.671,0.177,15.269609117712706,0.578,22.988979455268307,20.6387966814081,Upper-Middle,1.689299711493705,0.9014621248216732,0.48882265275707887
0.012,37.55,9.051344640485725,8.0,7.7702232041587855,23.9361744913726,0.074,7.66105638236183,189.75,0.003,0.6,0.12,82.0,77.0,1.0,1,0.174,0.708,0.118,13.925721889368688,0.674,21.735230319252352,21.26617135475687,Upper-Middle,1.7712769123615724,1.032054080014022,0.4124293785310734
0.01,45.14999999999999,9.051344640485725,20.0,10.678905725528868,26.09882754042446,0.075,7.343426229147367,295.75,0.003,0.7,0.057,81.0,75.0,1.2,1,0.143,0.699,0.158,16.16651326955079,0.732,22.863684879467673,22.26228128529856,High,1.9574120655318343,0.7750165001075769,0.43061516452074394
0.011,37.55,9.051344640485725,6.0,9.798015919593894,26.53363880622109,0.109,8.782936356349264,189.75,0.003,0.9,0.12,82.0,78.0,1.3,1,0.178,0.651,0.171,15.533008479143868,0.87,22.574237165963396,23.0097215481122,High,2.892166629878099,0.8382414610133433,0.5360983102918586
0.011,45.14999999999999,9.051344640485725,7.0,8.631235907456897,23.838689002374487,0.058,6.834108738813838,189.75,0.003,0.8,0.061,81.0,71.0,1.4,1,0.155,0.668,0.176,14.09876283333667,0.68,21.243843752749257,20.6603260382375,Upper-Middle,1.3826439621377202,0.9397905655574071,0.4955089820359281
0.012,41.0,9.051344640485725,26.0,9.57073837671504,23.436618790804065,0.061,5.267858159063328,239.0,0.02,0.8,0.12,84.0,79.0,1.2,1,0.2995,0.6425000000000001,0.052,10.810777902212983,0.411,20.350025877585416,19.93800336967164,Lower-Middle,1.429633746239048,0.8562641811686308,0.5470817120622568
0.011,39.0,9.051344640485725,14.0,10.455934850992938,26.293057385747915,0.09,8.392083380373393,189.75,0.002,0.9,0.12,84.0,77.0,1.7,1,0.164,0.659,0.177,15.499735483380253,0.837,22.44442399916978,22.516524182464618,High,2.3663751647173124,0.790100917840084,0.5174506828528073
0.013,45.14999999999999,9.051344640485725,7.0,12.44046469461513,28.654267001555347,0.116,8.51097389160232,189.75,0.004,0.8,0.12,86.0,79.0,0.9,1,0.183,0.646,0.171,17.995169890697273,0.786,24.91229917383459,24.71065602141299,High,3.3238949721804203,0.6734398583787145,0.5479876160990712
0.008,45.14999999999999,9.051344640485725,15.0,12.65002422294159,28.919732971606464,0.113,8.516593011344206,221.0,0.003,0.8,0.12,83.0,78.0,1.1,1,0.133,0.657,0.21,18.219759365960865,0.745,24.701057856164184,25.33008466319001,High,3.2679298257915304,0.6631009947420557,0.5220700152207001
0.01,45.14999999999999,9.051344640485725,11.0,10.193317317045368,26.392756860439796,0.09,7.742835955430749,224.0,0.004,0.5,0.12,84.0,78.0,1.1,1,0.146,0.663,0.192,16.22454483380292,0.766,23.430248802154935,21.885478707336908,High,2.3753481174395814,0.8086382601431471,0.5098039215686274
0.009,45.14999999999999,9.051344640485725,4.0,10.12523012293471,25.64654143953676,0.079,7.00033446027523,277.0,0.006,0.7,0.083,79.0,71.0,1.2,1,0.146,0.685,0.169,16.11526444687973,0.693,22.658981339735977,21.831168172851864,High,2.0260767737234042,0.8135871834081292,0.45985401459854014
0.014,37.55,9.051344640485725,5.0,8.653819788948063,23.365375781516644,0.092,8.306965865368573,189.75,0.002,0.9,0.077,84.0,81.0,1.1,1,0.208,0.669,0.123,12.672993402605059,0.937,20.436916211059966,20.422160745513843,Lower-Middle,2.149614571899531,0.9375920452594251,0.49476831091180856
0.016,37.55,9.051344640485725,13.0,9.489259158757807,26.143957356083867,0.088,8.36799688505411,189.75,0.003,0.7,0.12,83.0,79.0,1.1,1,0.215,0.67,0.115,15.336509529469508,0.621,22.977290739430057,22.645614876024332,High,2.30066824733538,0.8629155313536587,0.4925373134328358
0.02,41.0,9.051344640485725,26.0,9.57073837671504,23.436618790804065,0.061,5.267858159063328,239.0,0.02,0.1,0.12,75.0,69.0,0.5,1,0.2995,0.6425000000000001,0.052,11.346339452562333,0.52,20.350025877585416,19.93800336967164,Lower-Middle,1.429633746239048,0.8562641811686308,0.5470817120622568
0.009,45.14999999999999,9.051344640485725,6.0,12.028242985047408,28.417811997861843,0.092,8.113726085970747,285.0,0.003,0.5,0.046,85.0,80.0,1.6,1,0.14,0.654,0.205,17.899458764879085,0.684,24.53807284768018,24.299088568796044,High,2.6144387038032897,0.6947479142716334,0.5275229357798165
0.018,37.55,9.051344640485725,55.625,7.835579246669965,22.614902986473254,0.061,5.267858159063328,189.75,0.02,0.1,0.139,72.0,68.0,0.5,1,0.2995,0.6425000000000001,0.052,14.398261230181616,0.56,20.350025877585416,19.93800336967164,Lower-Middle,1.3795090821748686,1.024420062091241,0.5470817120622568
0.009,37.55,9.051344640485725,16.0,8.382975849296429,24.0724798043536,0.06,6.717804695023691,290.0,0.008,0.7,0.064,79.0,69.0,1.1,1,0.143,0.672,0.185,14.538075754156765,0.676,20.820392548584575,20.639884229094317,Upper-Middle,1.4443487882612158,0.964656073495535,0.488095238095238
0.011,41.0,9.051344640485725,26.0,9.57073837671504,23.436618790804065,0.061,5.267858159063328,239.0,0.02,0.9,0.12,84.0,80.0,1.0,1,0.2995,0.6425000000000001,0.052,10.502021810151676,0.144,20.350025877585416,19.93800336967164,Lower-Middle,1.429633746239048,0.8562641811686308,0.5470817120622568
0.011,43.1,9.051344640485725,22.0,8.893984438939794,24.48639590292447,0.067,6.78897174299217,189.75,0.005,0.6,0.12,79.0,68.0,1.6,1,0.151,0.693,0.155,14.923451201920628,0.667,21.07180779836067,20.588590934763975,Upper-Middle,1.6405885254959396,0.9148331186839461,0.4415584415584416
0.011,37.55,9.051344640485725,19.0,8.336150816120663,24.783878891724147,0.067,8.955706153570603,189.75,0.002,0.9,0.12,84.0,79.0,1.5,1,0.175,0.685,0.14,13.158402110346978,0.889,22.297076571944615,22.064039683026134,Upper-Middle,1.660519885745518,0.9694942614741008,0.45985401459854014
0.011,37.55,9.051344640485725,3.0,8.046549357283078,23.06461214667604,0.069,5.84354441703136,189.75,0.008,0.6,0.089,77.0,73.0,1.1,1,0.171,0.71,0.118,14.559299045414106,0.57,19.30444828825319,18.884414766473814,Lower-Middle,1.591458238120647,1.0005300676548883,0.40704225352112683
0.01,41.0,9.051344640485725,40.0,6.754604099487962,22.953501424577354,0.087,7.550135342488429,189.75,0.005,0.7,0.047,83.0,79.0,1.2,1,0.153,0.697,0.15,12.939086964880705,0.948,21.105121080098037,19.80947198776461,Lower-Middle,1.9969546239382296,1.1672220173152859,0.43472022955523676
0.012,37.55,9.051344640485725,9.0,8.111328003286733,22.67148229856002,0.114,5.41610040220442,228.0,0.014,0.4,0.144,73.0,65.0,0.9,1,0.165,0.723,0.112,15.085267451136152,0.449,19.383855065542164,19.739766358052602,Lower-Middle,2.5845489820358423,0.993416616899384,0.3831258644536653
0.02,41.0,9.051344640485725,26.0,9.57073837671504,22.527366593902578,0.044,8.879193928110318,239.0,0.003,0.8,0.12,75.0,69.0,0.9,1,0.2995,0.6425000000000001,0.052,10.525729319580298,1.0,20.350025877585416,19.93800336967164,Lower-Middle,0.9912041301317134,0.8562641811686308,0.5470817120622568
0.012,37.55,9.051344640485725,10.0,7.07326971745971,22.227732913121137,0.072,6.259581464064923,295.75,0.006,0.4,0.097,77.0,72.0,1.9,1,0.193,0.682,0.126,13.338514538841395,0.633,20.646384793690366,18.064005814299346,Lower-Middle,1.6003967697447217,1.1211497890267157,0.46774193548387094
0.011,39.6,9.051344640485725,8.0,11.25700042413164,27.44800584534441,0.118,8.699181359308954,189.75,0.004,0.9,0.020500000000000018,83.0,79.0,1.2,1,0.173,0.667,0.159,16.63050452072865,0.878,23.766358681907928,23.7622491525426,High,3.2388646897506406,0.7384632721938554,0.497751124437781
0.012,40.7,9.051344640485725,7.0,10.244876254937159,26.919316630922822,0.099,9.201198714058899,189.75,0.003,0.9,0.12,84.0,79.0,1.2,1,0.187,0.661,0.152,15.415521980316669,0.794,22.563974188065036,23.546607082442762,High,2.6650123464613595,0.8049305688456692,0.51285930408472
0.01,39.5,9.051344640485725,32.0,11.525979884043938,26.96892928212566,0.068,6.82001636467413,295.75,0.005,0.6,0.12,81.0,73.0,1.3,1,0.149,0.713,0.137,17.46705562668952,0.608,23.17409850648688,22.907292593928908,High,1.8338871911845451,0.7226057142256525,0.40112201963534366
0.009,42.7,9.051344640485725,4.0,10.046938334941089,26.195067082205707,0.102,7.741967899820685,275.0,0.003,0.6,0.12,84.0,77.0,1.2,1,0.15,0.667,0.182,16.172352843656565,0.612,23.423418265988676,22.322249291678755,High,2.671896842384982,0.8193532330905325,0.497751124437781
0.01,43.1,9.051344640485725,14.0,10.486568719482518,25.930622218609283,0.056,6.175867270105761,222.0,0.012,0.4,0.121,78.0,71.0,1.1,1,0.15,0.701,0.149,16.818592208564308,0.54,21.425372759373367,21.55399868089465,High,1.45211484424212,0.7879937744274861,0.42653352353780316
0.013,45.14999999999999,9.051344640485725,29.0,13.502129066262347,28.275394468551873,0.061,6.6895992691789665,290.0,0.01,0.5,0.085,76.0,64.0,1.4,1,0.151,0.718,0.13,18.77805067333276,0.737,23.55418242789507,24.343411314655388,High,1.7247990625816643,0.6241390211829455,0.3913649025069638
0.01,41.0,9.051344640485725,26.0,9.57073837671504,23.436618790804065,0.055,8.175829008714597,239.0,0.003,0.5,0.059,86.0,80.0,1.1,1,0.2995,0.6425000000000001,0.052,10.343321880723835,0.941,20.350025877585416,19.93800336967164,Lower-Middle,1.2890140334942235,0.8562641811686308,0.5470817120622568
0.009,37.55,9.051344640485725,13.0,9.691901950055648,24.50175595379463,0.103,6.434546518787453,279.0,0.006,0.4,0.172,77.0,72.0,1.3,1,0.167,0.695,0.138,15.794316515009362,0.553,20.86215783668335,20.956755681106532,Upper-Middle,2.5236808632408465,0.8465607599814003,0.43884892086330946
0.011,45.14999999999999,9.051344640485725,18.0,9.761347785375005,25.286337556122106,0.079,7.255591274253665,231.0,0.007,0.7,0.12,80.0,72.0,1.1,1,0.15,0.725,0.125,15.501610392728859,0.544,21.64514094751224,21.618945615324773,High,1.9976206669336465,0.8410976785627888,0.37931034482758624
0.011,37.55,9.051344640485725,6.0,8.88875674784872,24.640279325234506,0.089,7.683403681053826,260.0,0.003,0.7,0.12,83.0,77.0,1.1,1,0.141,0.691,0.169,14.534736706752538,0.499,21.806087440046834,20.997102503336595,Upper-Middle,2.192984859945871,0.9153167451969964,0.4486251808972504
0.01,38.7,9.051344640485725,28.0,11.740626614636893,28.005707001472913,0.093,7.999342952713282,189.75,0.004,0.7,0.12,86.0,80.0,1.1,1,0.151,0.677,0.173,17.66016860898628,0.787,24.938322474345547,23.883791950468545,High,2.604530751136981,0.710431669827543,0.47858197932053165
0.012,45.14999999999999,9.051344640485725,16.0,10.800513912228825,27.007401082141627,0.095,8.597851094433691,189.75,0.002,0.9,0.12,84.0,80.0,1.2,1,0.166,0.649,0.185,16.061442121407552,0.852,23.270912516633864,23.567419121099146,High,2.5657031028034547,0.7670296995375645,0.5408320493066255
0.01,37.55,9.051344640485725,18.0,10.141559124434574,27.213788012679878,0.11,9.13227071655426,189.75,0.004,0.9,0.027,85.0,81.0,1.3,1,0.149,0.679,0.172,15.883941580740146,0.737,23.750496777608223,23.533391162775114,High,2.9935166813947864,0.8123947949650246,0.4727540500736376
0.017,40.0,9.051344640485725,6.0,11.630352881846193,27.375811597000983,0.061,6.4692503167957724,226.0,0.019,0.4,0.12,78.0,71.0,0.9,1,0.264,0.665,0.072,18.106772950633395,0.713,24.1275584235491,22.404466115793554,High,1.66992450741706,0.7166343430907118,0.5052631578947369
0.011,45.14999999999999,9.051344640485725,24.0,11.747515257408686,25.81960001554629,0.073,5.572154032177765,295.75,0.01,0.3,0.159,76.0,66.0,1.2,1,0.14,0.704,0.156,17.637742348048047,0.689,22.410775284985647,22.297905244044898,High,1.8848308011348789,0.7100477589328794,0.4204545454545455
0.013,37.55,9.051344640485725,12.0,12.144596098428423,28.532191828482343,0.094,8.205218426395412,189.75,0.004,0.9,0.020500000000000018,83.0,79.0,1.2,1,0.175,0.656,0.169,17.962746687488373,0.816,24.55060203422913,24.891898117087234,High,2.6820260318773403,0.6885981564369186,0.5243902439024389
0.016,37.55,9.051344640485725,9.0,9.15978364835903,24.0920907961497,0.038,6.642486801367256,189.75,0.006,0.8,0.068,77.0,76.0,1.3,1,0.198,0.781,0.021,14.072293893362685,0.886,21.29198293969443,20.61679359354824,Upper-Middle,0.9154994502536886,0.8908993492147507,0.28040973111395645
0.019,44.1,9.051344640485725,11.0,12.2650299958687,26.993168801807773,0.068,6.182084906716632,295.75,0.016,0.2,0.11,75.0,72.0,0.7,1,0.236,0.712,0.052,18.138639876607286,0.712,21.668726946508848,23.11028398600719,High,1.8355354785229288,0.6823463379505891,0.4044943820224719
0.032,37.55,9.051344640485725,32.0,10.60214452626967,25.9764651583262,0.027,5.081404364984463,295.75,0.029,0.1,0.136,73.0,65.0,0.8,1,0.409,0.558,0.033,17.273718855552058,0.691,21.16602673044053,21.354005557909936,High,0.7013645592748073,0.7801441035311701,0.7921146953405016
0.021,37.55,9.051344640485725,20.0,10.054275441658197,26.27706531457876,0.076,7.772331575169614,235.0,0.003,0.7,0.06,84.0,80.0,1.2,1,0.273,0.622,0.105,15.865240164428311,0.919,22.519846996619545,22.32002369642569,High,1.9970569639079856,0.8188093998793989,0.6077170418006431
0.028,37.55,9.051344640485725,12.0,8.862908295118627,24.085035980823875,0.088,5.958424693029782,189.75,0.017,0.3,0.087,75.0,72.0,1.1,1,0.346,0.62,0.034,15.636990790427516,0.827,22.07393302068222,20.970125915659185,Upper-Middle,2.119483166312501,0.9177155834415937,0.6129032258064516
0.021,37.55,9.051344640485725,32.0,10.389733557327729,25.80218267726978,0.026,7.2078598714324755,189.75,0.009,0.7,0.052,75.0,73.0,1.6,1,0.251,0.728,0.021,14.954850756726838,0.983,20.28320928562142,22.94018410329231,High,0.6708567496090142,0.7946932731066767,0.3736263736263737
0.013,37.55,9.051344640485725,9.0,8.756210091886738,24.414116812359417,0.074,6.472346294500901,189.75,0.009,0.5,0.075,82.0,77.0,0.8,1,0.227,0.688,0.085,15.293196294029475,0.873,22.639747175458037,22.21392021361577,Upper-Middle,1.8066446441145967,0.9277521245686193,0.4534883720930233
0.022,37.55,9.051344640485725,8.0,10.13765017033277,24.971359743314235,0.024,6.415096959171596,189.75,0.01,0.5,0.062,79.0,74.0,1.6,1,0.257,0.717,0.026,14.922347266515448,0.757,21.200741481651196,21.40737227335875,Upper-Middle,0.5993126338395417,0.8126799191983679,0.394700139470014
0.011,37.55,9.051344640485725,9.0,10.412892167146671,25.85791497326824,0.019,7.461065514354283,189.75,0.007,0.7,0.055,79.0,77.0,1.2,1,0.134,0.856,0.01,14.463086463169097,0.988,22.219087022817607,22.77905485008901,High,0.49130038449209656,0.7930807115256084,0.16822429906542058
0.02,37.55,9.051344640485725,21.0,12.139243502921222,27.22980695970991,0.035,6.582025138892826,189.75,0.014,0.5,0.12,77.0,74.0,1.9,1,0.302,0.669,0.029,17.13916897552499,0.823,22.95510652552203,23.624797315156513,High,0.953043243589847,0.688878673910972,0.4947683109118087
0.025,39.7,9.051344640485725,13.0,9.902837341194541,23.436618790804065,0.034,4.634728988229636,295.75,0.013,0.2,0.12,78.0,72.0,0.6,1,0.355,0.607,0.038,16.904809537810078,0.561,20.350025877585416,19.93800336967164,Lower-Middle,0.7968450388873383,0.8301824889459497,0.6474464579901152
0.016,37.55,9.051344640485725,13.0,11.099060173908576,26.57717646989565,0.031,7.226936018493289,189.75,0.007,0.8,0.12,78.0,76.0,1.3,1,0.14,0.857,0.003,16.004377753918256,0.844,20.350025877585416,19.93800336967164,High,0.8238924705667652,0.7481031179599222,0.16686114352392067
0.032,37.55,9.051344640485725,12.0,8.890272839380247,24.09768440212735,0.05,4.1588830833596715,248.0,0.044,0.1,0.22649999999999998,64.0,61.0,0.5,1,0.413,0.559,0.028,16.96414446017722,0.323,20.47480447892996,19.36847014676186,Upper-Middle,1.2048842201063676,0.9151764352188396,0.7889087656529516
0.02,41.0,9.051344640485725,26.0,9.57073837671504,23.436618790804065,0.061,5.267858159063328,239.0,0.02,0.1,0.12,75.0,69.0,0.5,1,0.2995,0.6425000000000001,0.052,10.920076005725647,0.875,20.350025877585416,19.93800336967164,Lower-Middle,1.429633746239048,0.8562641811686308,0.5470817120622568
0.014,45.14999999999999,9.051344640485725,3.0,11.719036787886921,27.958084331340505,0.092,8.718500048121273,189.75,0.004,0.8,0.077,84.0,80.0,1.0,1,0.189,0.674,0.137,16.921889396368083,0.889,24.25569613846302,24.229663721495033,High,2.5721437584833264,0.711637586354483,0.4836795252225519
0.021,38.3,9.051344640485725,45.0,9.57073837671504,22.045950682602633,0.038,5.123963979403259,189.75,0.02,0.3,0.075,73.0,67.0,0.8,1,0.289,0.661,0.05,13.673857127853527,0.522,20.65391575988343,18.560442695023177,Low,0.8377461259389001,0.8562641811686308,0.51285930408472
0.017,41.0,9.051344640485725,26.0,9.57073837671504,23.436618790804065,0.061,5.267858159063328,239.0,0.02,0.5,0.12,78.0,74.0,0.8,1,0.233,0.698,0.07,12.50941273883866,0.563,19.766153113156168,18.939474543319914,Lower-Middle,1.429633746239048,0.8562641811686308,0.43409742120343847
0.018,41.0,9.051344640485725,26.0,9.57073837671504,23.436618790804065,0.061,5.267858159063328,239.0,0.02,0.6,0.12,81.0,76.0,0.5,1,0.271,0.654,0.075,11.988283483852886,0.942,20.350025877585416,19.93800336967164,Lower-Middle,1.429633746239048,0.8562641811686308,0.5290519877675841
0.023,37.55,9.051344640485725,31.0,9.57073837671504,18.964479180249324,0.108,5.204006687076795,189.75,0.047,0.1,0.12,71.0,65.0,0.1,1,0.33,0.631,0.039,11.50540727406543,0.439,20.350025877585416,19.93800336967164,Low,2.048163751466927,0.8562641811686308,0.5847860538827259
0.02,45.14999999999999,9.051344640485725,17.0,9.57073837671504,18.9554181936229,0.118,6.342121418721152,189.75,0.032,0.1,0.12,75.0,69.0,0.5,1,0.2995,0.6425000000000001,0.052,10.868492255200882,0.716,20.350025877585416,19.93800336967164,Low,2.2367393468475023,0.8562641811686308,0.5470817120622568
0.024,45.14999999999999,9.051344640485725,16.0,9.57073837671504,19.553009909467033,0.118,6.023447592961033,189.75,0.032,0.2,0.144,70.0,68.0,0.3,1,0.364,0.597,0.039,11.546601991329613,0.223,17.073607134447293,15.894952224644102,Low,2.3072551693171097,0.8562641811686308,0.6750418760469011
0.016,41.0,9.051344640485725,26.0,9.57073837671504,23.436618790804065,0.061,5.267858159063328,239.0,0.02,0.5,0.12,79.0,73.0,0.9,1,0.231,0.671,0.098,12.445093483000798,0.679,18.845948485892656,18.985994558684244,Lower-Middle,1.429633746239048,0.8562641811686308,0.4903129657228018
0.014,37.55,9.051344640485725,1.0,9.807417083785394,25.82216253658374,0.103,8.22040309993373,189.75,0.005,0.8,0.061,83.0,79.0,1.1,1,0.204,0.663,0.133,15.29829644627735,0.862,22.436342784320306,21.96511229398928,High,2.659682741268125,0.8375122908937842,0.5082956259426847
0.03,42.1,9.051344640485725,51.0,9.57073837671504,23.24044637729369,0.042,4.31748811353631,194.0,0.05,0.0,0.108,64.0,60.0,0.3,1,0.387,0.584,0.028,15.7632729904829,0.13,15.068273812173887,19.93800336967164,Lower-Middle,0.976098747846335,0.8562641811686308,0.7106164383561645
0.027,37.55,9.051344640485725,9.0,9.57073837671504,20.264070774520412,0.07,5.5053315359323625,224.0,0.016,0.1,0.1,76.0,70.0,0.5,1,0.381,0.569,0.051,12.14116072135303,0.199,18.72078534381011,16.915602891887552,Low,1.418484954216429,0.8562641811686308,0.7592267135325133
0.032,37.55,9.051344640485725,42.0,9.57073837671504,20.582363507877453,0.077,4.8283137373023015,189.75,0.026,0.1,0.132,69.0,66.0,0.5,1,0.406,0.561,0.033,13.195610121664894,0.205,18.277964453284795,18.005165315142214,Low,1.5848419901065638,0.8562641811686308,0.7825311942959002
0.027,37.55,9.051344640485725,16.0,9.57073837671504,19.86297261004041,0.05,5.393627546352362,189.75,0.011,0.3,0.114,75.0,69.0,0.5,1,0.374,0.568,0.058,11.5574685277209,0.234,20.350025877585416,19.93800336967164,Low,0.9931486305020205,0.8562641811686308,0.7605633802816902
0.027,37.55,9.051344640485725,35.0,9.57073837671504,20.482143204988716,0.038,4.836281906951478,189.75,0.015,0.1,0.055,73.0,69.0,0.6,1,0.378,0.582,0.04,12.395779364756033,0.249,19.34493964944395,17.479072229734946,Low,0.7783214417895712,0.8562641811686308,0.718213058419244
0.017,41.0,9.051344640485725,21.0,9.57073837671504,20.842857935705382,0.055,6.556778356158042,207.0,0.008,0.5,0.109,78.0,73.0,2.0,1,0.258,0.67,0.072,11.386829220145378,0.257,19.558513748978886,17.72753358339242,Low,1.146357186463796,0.8562641811686308,0.4925373134328358
0.017,45.14999999999999,9.051344640485725,25.0,11.291193417016286,27.047135923169826,0.079,6.7650389767805414,295.75,0.013,0.5,0.141,80.0,72.0,1.5,1,0.246,0.646,0.107,17.522444519164967,0.911,22.52497563719265,22.735097479097934,High,2.1367237379304163,0.736408933892032,0.5464396284829721
0.011,41.0,9.051344640485725,26.0,9.57073837671504,21.672783852588726,0.061,5.267858159063328,239.0,0.02,0.7,0.097,78.0,73.0,0.5,1,0.204,0.689,0.107,11.532071013692459,0.427,21.030750537429665,19.481937249536912,Low,1.3220398150079122,0.8562641811686308,0.45137880986937595
0.015,45.14999999999999,9.051344640485725,24.0,9.57073837671504,22.786652181063538,0.075,7.392031567514591,189.75,0.011,0.7,0.051,78.0,72.0,0.8,1,0.22,0.708,0.072,12.811295305038596,0.826,21.522123472378315,19.664835340792976,Lower-Middle,1.7089989135797652,0.8562641811686308,0.4124293785310734
0.013,41.1,9.051344640485725,18.0,9.57073837671504,22.19777709834981,0.072,6.841615476477592,245.0,0.014,0.7,0.087,77.0,73.0,1.2,1,0.191,0.704,0.105,12.54897062136951,0.319,20.350025877585416,19.93800336967164,Lower-Middle,1.5982399510811862,0.8562641811686308,0.42045454545454547
0.024,37.55,9.051344640485725,44.0,9.57073837671504,21.121370591319874,0.058,5.579729825986222,189.75,0.015,0.2,0.134,77.0,71.0,0.7,1,0.349,0.612,0.039,12.664386337935271,0.447,19.328939308161516,17.426428497635523,Low,1.2250394942965528,0.8562641811686308,0.6339869281045751
0.012,41.0,9.051344640485725,26.0,9.57073837671504,22.43720267415549,0.061,5.267858159063328,239.0,0.02,0.9,0.12,82.0,77.0,0.5,1,0.2995,0.6425000000000001,0.052,11.075427747280752,1.0,19.972489545668473,19.838958153346613,Lower-Middle,1.3686693631234848,0.8562641811686308,0.5470817120622568
0.026,45.14999999999999,9.051344640485725,49.0,8.949624747754216,23.89917324692307,0.05,4.7535901911063645,295.75,0.033,0.3,0.109,69.0,65.0,0.8,1,0.356,0.596,0.048,16.15002503919749,0.669,20.0281166557198,19.831667720101652,Upper-Middle,1.1949586623461534,0.9097171873269646,0.6778523489932886
0.015,45.14999999999999,9.051344640485725,55.625,12.506284639620157,28.53794603045012,0.089,7.02108396428914,295.75,0.014,0.5,0.22649999999999998,77.0,70.0,1.2,1,0.25,0.679,0.071,19.098384968523593,0.846,22.644590510675524,23.9449377491565,High,2.5398771967100604,0.6701579954811525,0.4727540500736377
0.011,37.55,9.051344640485725,5.0,12.436573068577944,28.206865671816647,0.109,8.640648995343156,189.75,0.005,0.8,0.03,83.0,79.0,0.8,1,0.164,0.691,0.145,17.35190239442945,0.811,23.718447959244948,24.44252899571904,High,3.0745483582280144,0.6736349063328296,0.44717800289435605
0.015,41.0,9.051344640485725,26.0,9.57073837671504,23.436618790804065,0.061,5.267858159063328,239.0,0.02,0.7,0.12,75.0,69.0,1.7,1,0.2995,0.6425000000000001,0.052,10.94379959925603,1.0,19.972489545668473,18.7922443072814,Lower-Middle,1.429633746239048,0.8562641811686308,0.5470817120622568
0.014,37.55,9.051344640485725,8.0,10.421537021391439,26.249365246748287,0.071,6.930494765951626,295.75,0.007,0.5,0.09,82.0,76.0,1.3,1,0.217,0.688,0.094,16.666705379526718,0.888,21.735230319252352,21.439641144114084,High,1.8637049325191282,0.7924804361736453,0.45203488372093026
0.019,45.14999999999999,9.051344640485725,14.0,10.36135533943734,26.53863487524591,0.065,6.1463292576688975,193.0,0.015,0.4,0.112,77.0,70.0,1.0,1,0.284,0.658,0.058,17.667333202814458,0.753,21.819207897392868,21.767773866973187,High,1.7250112668909843,0.7966782456901822,0.519756838905775
0.016,45.14999999999999,9.051344640485725,55.625,8.445911989411274,24.442608946129166,0.102,6.784457062637643,246.0,0.009,0.4,0.161,82.0,77.0,0.9,1,0.244,0.689,0.067,15.371058333447746,0.729,21.588263274854068,20.073178147762622,Upper-Middle,2.493146112505175,0.9582287714126648,0.45137880986937595
0.01,41.0,9.051344640485725,26.0,9.32259705432185,24.946207345762062,0.106,6.47543271670409,239.0,0.006,0.2,0.12,81.0,77.0,0.1,1,0.169,0.703,0.127,16.23819192013692,0.767,21.640755849795568,19.93800336967164,Upper-Middle,2.6442979786507785,0.8768476181772611,0.42105263157894746
0.013,41.0,9.051344640485725,26.0,9.57073837671504,23.436618790804065,0.061,5.267858159063328,239.0,0.02,0.1,0.12,81.0,74.0,1.4,1,0.197,0.669,0.134,11.922468912003596,0.898,20.107079699374445,19.586951684209556,Lower-Middle,1.429633746239048,0.8562641811686308,0.4947683109118087
0.02,37.55,9.051344640485725,12.0,9.57073837671504,20.012934820341208,0.06,5.998936561946683,189.75,0.011,0.5,0.088,75.0,69.0,1.5,1,0.2995,0.6425000000000001,0.052,11.176081159139851,0.684,18.542898385526172,16.300417291085605,Low,1.2007760892204724,0.8562641811686308,0.5470817120622568
0.022,41.2,9.051344640485725,19.0,8.906935339059165,24.73844541197452,0.054,5.683579767338681,295.75,0.025,0.4,0.156,76.0,70.0,0.9,1,0.308,0.631,0.061,16.132747683745162,0.749,22.21301890665996,20.11629635446238,Upper-Middle,1.3358760522466242,0.9136371976508031,0.5847860538827259
0.021,37.55,9.051344640485725,55.625,9.468310380442437,25.064076245768266,0.069,5.8944028342648505,295.75,0.02,0.3,0.12,79.0,73.0,1.0,1,0.306,0.631,0.063,16.539859345880416,0.629,20.559569745453476,20.63661803131125,Upper-Middle,1.7294212609580104,0.8646423645783394,0.5847860538827259
0.02,37.55,9.051344640485725,17.0,8.371010681238156,23.8647853426096,0.068,5.53338948872752,295.75,0.015,0.2,0.12,77.0,67.0,1.3,1,0.313,0.617,0.07,15.649090403163923,0.648,20.407184291344674,19.312678787355836,Upper-Middle,1.622805403297453,0.9658877733015032,0.6207455429497569
0.014,41.0,9.051344640485725,26.0,9.57073837671504,23.436618790804065,0.061,5.267858159063328,239.0,0.02,0.6,0.12,75.0,69.0,1.0,1,0.2995,0.6425000000000001,0.052,10.94889243537189,0.848,20.350025877585416,19.93800336967164,Lower-Middle,1.429633746239048,0.8562641811686308,0.5470817120622568
0.019,45.14999999999999,9.051344640485725,15.0,9.57073837671504,20.472903320310962,0.065,6.1779441140506,189.75,0.011,0.3,0.107,75.0,70.0,1.2,1,0.272,0.656,0.072,11.562429659873317,0.356,18.57768450130904,16.118095750958314,Low,1.3307387158202126,0.8562641811686308,0.524390243902439
0.032,40.9,9.051344640485725,37.0,9.226607344440055,24.587248981113486,0.067,5.375278407684165,295.75,0.028,0.1,0.134,75.0,68.0,1.3,1,0.412,0.544,0.045,16.503805502648287,0.498,21.02337043013749,20.65605708832248,Upper-Middle,1.6473456817346037,0.8850779477131984,0.8400735294117646
0.021,37.55,9.051344640485725,20.0,9.57073837671504,21.66973750681591,0.068,5.402677381872279,263.0,0.032,0.3,0.145,69.0,63.0,0.7,1,0.373,0.595,0.033,13.580905321776562,0.283,18.36938746009113,18.184958423089522,Low,1.473542150463482,0.8562641811686308,0.6823529411764707
0.026,40.4,9.051344640485725,55.625,8.074649075066652,22.740410897038593,0.085,4.143134726391533,189.75,0.057,0.1,0.116,64.0,61.0,0.4,1,0.358,0.598,0.045,16.12137676222069,0.535,18.903106899369497,19.942379744261864,Lower-Middle,1.9329349262482807,0.9974319189218063,0.6739130434782609
0.026,43.6,9.051344640485725,14.0,8.464003362902119,23.59741367247957,0.084,5.236441962829949,224.0,0.02,0.2,0.186,76.0,71.0,1.0,1,0.362,0.594,0.043,15.866638783962072,0.523,20.28009886321187,19.91582951222649,Upper-Middle,1.982182748488284,0.9563970228461698,0.6818181818181818
0.015,44.3,9.051344640485725,7.0,8.028455164114252,23.392847253805925,0.052,5.6131281063880705,295.75,0.015,0.4,0.195,76.0,71.0,1.1,1,0.284,0.637,0.079,14.80870269956701,0.539,21.443541685381227,19.176802728368536,Lower-Middle,1.216428057197908,1.002535259460827,0.5698587127158555
0.019,45.14999999999999,9.051344640485725,6.0,12.134426256577658,27.78809798761766,0.06,6.413458957167357,295.75,0.014,0.4,0.049,79.0,75.0,0.8,1,0.295,0.643,0.061,18.597665032838133,0.781,23.245628823858635,22.99580400869121,High,1.6672858792570595,0.689131330419009,0.5536547433903577
0.024,45.14999999999999,9.051344640485725,39.0,8.019283792916793,23.01565387211169,0.076,4.8283137373023015,207.0,0.021,0.1,0.105,77.0,71.0,0.8,1,0.339,0.615,0.046,15.59133490146124,0.575,19.750404756229365,19.755681813316283,Lower-Middle,1.7491896942804885,1.0035546999412648,0.6260162601626017
0.02,43.6,9.051344640485725,8.0,8.308691916838898,24.22793695544818,0.079,6.499787040655854,295.75,0.016,0.4,0.069,80.0,74.0,1.8,1,0.29,0.641,0.069,15.1346718349772,0.654,21.796560317972112,20.315297600123888,Upper-Middle,1.9140070194804062,0.9723540881305088,0.5600624024960998
0.024,37.55,9.051344640485725,35.0,8.488587934405903,23.94498533884978,0.089,5.8664680569332965,295.75,0.02,0.2,0.174,74.0,70.0,1.0,1,0.331,0.616,0.053,15.698495816612736,0.587,19.45386523085674,19.548851838098265,Upper-Middle,2.13110369515763,0.9539190344292726,0.6233766233766234
0.02,37.55,9.051344640485725,25.0,9.932220771359,25.86237613511941,0.047,5.648974238161206,295.75,0.014,0.4,0.187,77.0,72.0,1.1,1,0.296,0.643,0.061,17.203787765818753,0.773,21.792105967624256,21.290849795097905,High,1.2155316783506123,0.8279511390950934,0.5552099533437014
0.011,45.14999999999999,9.051344640485725,6.0,9.57073837671504,25.331946553814113,0.061,5.267858159063328,218.0,0.02,0.5,0.12,82.0,75.0,0.8,1,0.201,0.666,0.132,15.12021002823068,0.938,21.86844359508001,20.90224849331097,High,1.5452487397826609,0.8562641811686308,0.5
0.02,41.0,9.051344640485725,26.0,9.57073837671504,23.436618790804065,0.061,5.267858159063328,239.0,0.02,0.1,0.12,75.0,69.0,0.5,1,0.2995,0.6425000000000001,0.052,10.55807580091745,1.0,20.407184291344674,18.53400943818794,Lower-Middle,1.429633746239048,0.8562641811686308,0.5470817120622568
0.02,45.14999999999999,9.051344640485725,19.0,9.57073837671504,20.40601508683099,0.058,6.710523109452428,203.0,0.008,0.8,0.094,75.0,69.0,1.5,1,0.2995,0.6425000000000001,0.052,10.877518751046855,0.318,18.358805350872576,16.454567959008102,Low,1.1835488750361975,0.8562641811686308,0.5470817120622568
0.016,37.55,9.051344640485725,15.0,9.57073837671504,20.982491278150487,0.076,6.2422232654551655,189.75,0.013,0.5,0.1,77.0,72.0,1.2,1,0.248,0.666,0.086,12.096659484542986,0.185,19.586951684209556,17.6867115897055,Low,1.594669337139437,0.8562641811686308,0.5015015015015014
0.017,41.0,9.051344640485725,26.0,9.57073837671504,23.436618790804065,0.061,5.267858159063328,239.0,0.02,0.1,0.12,82.0,76.0,0.5,1,0.2995,0.6425000000000001,0.052,10.329278027105538,0.56,20.350025877585416,19.93800336967164,Lower-Middle,1.429633746239048,0.8562641811686308,0.5470817120622568
0.017,38.7,9.051344640485725,10.0,9.57073837671504,20.333236538390405,0.049,5.739792912179234,189.75,0.018,0.4,0.091,74.0,70.0,1.2,1,0.261,0.671,0.068,11.602382183008215,0.491,18.33729914588288,16.380459992348886,Low,0.9963285903811299,0.8562641811686308,0.4903129657228018
0.018,37.55,9.051344640485725,55.625,9.57073837671504,22.19647594642116,0.06,6.19644412779452,199.0,0.022,0.3,0.118,74.0,67.0,1.0,1,0.283,0.652,0.065,13.18018312806842,0.663,18.049617077054286,17.707330876483063,Lower-Middle,1.3317885567852694,0.8562641811686308,0.5337423312883435
0.015,37.55,9.051344640485725,41.0,9.948413115889121,23.887742424259695,0.053,6.841615476477592,210.0,0.02,0.6,0.08,73.0,66.0,1.4,1,0.207,0.708,0.085,14.103004862788817,0.089,20.29248292239242,19.07300593520039,Upper-Middle,1.2660503484857637,0.8267266264687954,0.4124293785310734
0.02,41.0,9.051344640485725,26.0,9.57073837671504,23.436618790804065,0.061,5.267858159063328,239.0,0.02,0.1,0.12,75.0,69.0,0.5,1,0.2995,0.6425000000000001,0.052,10.364923332360709,0.907,20.350025877585416,19.93800336967164,Lower-Middle,1.429633746239048,0.8562641811686308,0.5470817120622568
0.013,45.14999999999999,9.051344640485725,5.0,14.599957158701626,30.37403941085928,0.118,9.044049632254756,189.75,0.006,0.7,0.033,81.0,76.0,0.9,1,0.197,0.669,0.133,19.557174917250375,0.809,25.94111040334982,25.48823074515537,High,3.5841366504813945,0.5802159934418091,0.49327354260089684
0.015,41.9,9.051344640485725,7.0,8.39638057119949,24.578437194691176,0.088,7.101675971619444,295.75,0.01,0.5,0.098,80.0,73.0,1.4,1,0.223,0.638,0.139,15.034417392471774,0.946,21.59915115460202,20.496365238009194,Upper-Middle,2.1629024731328235,0.9632799110147452,0.567398119122257
0.02,45.14999999999999,9.051344640485725,55.625,11.159089344898197,26.48053276282172,0.045,6.1903154058531475,295.75,0.014,0.4,0.172,77.0,71.0,1.0,1,0.291,0.651,0.058,17.199922041423882,0.888,20.506352836625073,21.79553415061715,High,1.1916239743269774,0.7444097484392248,0.5360983102918586
0.011,41.0,9.051344640485725,26.0,9.57073837671504,23.436618790804065,0.061,5.267858159063328,239.0,0.02,0.4,0.12,83.0,76.0,0.5,1,0.206,0.649,0.145,11.569164011417417,0.948,20.350025877585416,19.93800336967164,Lower-Middle,1.429633746239048,0.8562641811686308,0.5408320493066255
0.025,45.14999999999999,9.051344640485725,25.0,9.57073837671504,26.04300715295782,0.052,5.634789603169249,295.75,0.022,0.2,0.08,73.0,69.0,1.0,1,0.274,0.679,0.047,17.46569351749836,0.689,19.502485917693924,20.14166003290828,High,1.3542363719538066,0.8562641811686308,0.4727540500736377
0.045,45.14999999999999,9.051344640485725,55.625,9.57073837671504,25.47108172747642,0.035,5.25227342804663,282.0,0.104,0.2,0.167,53.0,50.0,0.6,1,0.476,0.5,0.024,16.85144988500103,0.417,20.382182989173984,19.492264363657213,High,0.8914878604616748,0.8562641811686308,1.0
0.037,45.14999999999999,9.051344640485725,26.0,9.57073837671504,22.743910179180983,0.045,3.5263605246161616,270.0,0.058,0.0,0.12,61.0,58.0,0.8,1,0.43,0.542,0.029,16.12315314027171,0.427,19.07300593520039,19.93800336967164,Lower-Middle,1.0234759580631443,0.8562641811686308,0.8468634686346863
0.024,37.55,9.051344640485725,55.625,9.57073837671504,23.399996705023142,0.053,5.953243334287785,189.75,0.037,0.1,0.11,46.0,48.0,1.5,1,0.338,0.627,0.036,14.510611329023043,0.567,17.216707972959764,18.420680753952364,Lower-Middle,1.2401998253662265,0.8562641811686308,0.5964912280701754
0.041,43.5,9.051344640485725,13.0,9.57073837671504,23.09596501472613,0.062,3.6635616461296463,270.0,0.066,0.0,0.12,56.0,55.0,0.6,1,0.457,0.519,0.024,16.61645238015047,0.273,20.350025877585416,19.93800336967164,Lower-Middle,1.43194983091302,0.8562641811686308,0.9267822736030829
0.045,45.14999999999999,9.051344640485725,8.0,9.57073837671504,21.628449033520532,0.081,3.044522437723423,274.0,0.057,0.0,0.143,56.0,52.0,0.2,1,0.442,0.534,0.024,16.102938357373038,0.112,14.80876270134486,17.529082649058825,Low,1.7519043717151632,0.8562641811686308,0.8726591760299626
0.038,45.14999999999999,9.051344640485725,15.0,9.57073837671504,23.999377503981353,0.051,4.0943445622221,295.75,0.062,0.1,0.12,56.0,54.0,0.6,1,0.431,0.537,0.032,16.892805859841545,0.527,19.747755748064804,20.319798732997924,Upper-Middle,1.2239682527030489,0.8562641811686308,0.8621973929236498
0.034,45.14999999999999,9.051344640485725,22.0,9.57073837671504,21.497857701336503,0.038,2.9444389791664403,295.75,0.098,0.0,0.12,51.0,48.0,0.3,1,0.401,0.561,0.039,15.325174542879086,0.393,20.350025877585416,19.93800336967164,Low,0.8169185926507871,0.8562641811686308,0.784313725490196
0.046,45.14999999999999,9.051344640485725,55.625,9.57073837671504,23.279490481703306,0.028,3.258096538021482,295.75,0.09,0.0,0.12,52.0,50.0,0.4,1,0.485,0.49,0.024,16.33708466411784,0.221,20.350025877585416,19.93800336967164,Lower-Middle,0.6518257334876926,0.8562641811686308,1.0387755102040817
0.036,45.14999999999999,9.051344640485725,20.0,9.57073837671504,20.2055813632885,0.045,3.6635616461296463,189.75,0.059,0.1,0.105,62.0,59.0,0.4,1,0.422,0.55,0.029,13.483533801513266,0.28,20.350025877585416,19.93800336967164,Low,0.9092511613479823,0.8562641811686308,0.82
0.043,45.14999999999999,9.051344640485725,55.625,9.57073837671504,24.035733835746157,0.056,2.772588722239781,295.75,0.088,0.0,0.22649999999999998,51.0,48.0,0.3,1,0.451,0.52,0.028,18.00068701469579,0.41,15.747032114495013,18.497641794347754,Upper-Middle,1.3460010948017849,0.8562641811686308,0.9211538461538462
0.038,45.14999999999999,9.051344640485725,55.625,9.57073837671504,23.33904936070848,0.032,4.61512051684126,295.75,0.037,0.1,0.12,60.0,57.0,1.0,1,0.424,0.542,0.034,15.282705412600365,0.641,20.350025877585416,19.93800336967164,Lower-Middle,0.7468495795426714,0.8562641811686308,0.8450184501845017
0.037,39.4,9.051344640485725,32.0,9.57073837671504,23.92927413817912,0.071,4.48863636973214,270.0,0.073,0.0,0.12,51.0,50.0,0.9,1,0.415,0.554,0.031,16.803198109339018,0.52,20.350025877585416,19.93800336967164,Upper-Middle,1.6989784638107175,0.8562641811686308,0.8050541516245486
0.028,37.8,9.051344640485725,37.0,9.57073837671504,21.026057883842782,0.088,4.867534450455582,189.75,0.059,0.1,0.12,63.0,60.0,0.2,1,0.337,0.624,0.039,13.664284098434262,0.771,16.835935492889124,17.20328495307807,Low,1.8502930937781648,0.8562641811686308,0.6025641025641025
0.024,42.6,9.051344640485725,8.0,9.57073837671504,26.294780549167736,0.05,5.030437921392435,295.75,0.019,0.4,0.12,73.0,69.0,1.2,1,0.312,0.631,0.056,18.206520162183857,0.43,23.104939336351816,21.834136023339294,High,1.314739027458387,0.8562641811686308,0.5832012678288431
0.036,44.1,9.051344640485725,55.625,9.57073837671504,23.525822485734682,0.047,7.037905963447182,295.75,0.071,0.1,0.12,54.0,51.0,0.7,1,0.39,0.582,0.028,13.509388848922322,0.395,20.350025877585416,19.93800336967164,Upper-Middle,1.10571365682953,0.8562641811686308,0.7182130584192441
0.037,45.14999999999999,9.051344640485725,55.625,9.57073837671504,21.852073450475274,0.026,2.772588722239781,216.0,0.037,0.0,0.12,65.0,60.0,0.1,1,0.431,0.547,0.022,15.628855867540205,0.214,20.350025877585416,19.93800336967164,Low,0.5681539097123571,0.8562641811686308,0.8281535648994515
0.034,37.55,9.051344640485725,15.0,9.57073837671504,24.4799257984642,0.038,2.9444389791664403,295.75,0.046,0.0,0.12,65.0,61.0,0.2,1,0.433,0.533,0.034,18.33434750061449,0.182,21.406362682157905,19.01400759475496,Upper-Middle,0.9302371803416396,0.8562641811686308,0.8761726078799249
0.032,43.5,9.051344640485725,55.625,9.57073837671504,23.60492281230735,0.035,5.986452005284438,295.75,0.04,0.1,0.12,64.0,62.0,1.8,1,0.385,0.563,0.052,14.30566785582515,0.864,20.350025877585416,19.93800336967164,Upper-Middle,0.8261722984307573,0.8562641811686308,0.7761989342806395
0.043,45.14999999999999,9.051344640485725,27.0,9.57073837671504,20.633460488815597,0.05,3.295836866004329,295.75,0.05,0.1,0.22649999999999998,60.0,57.0,0.9,1,0.459,0.517,0.024,14.39841085957,0.577,18.410630418199872,15.894952224644102,Low,1.03167302444078,0.8562641811686308,0.9342359767891684
0.031,37.55,9.051344640485725,12.0,9.57073837671504,24.454747248378503,0.052,4.430816798843313,224.0,0.053,0.1,0.12,62.0,60.0,1.0,1,0.386,0.579,0.035,17.048938505222242,0.521,20.86650000589887,20.702042201516235,Upper-Middle,1.271646856915682,0.8562641811686308,0.7271157167530226
0.037,45.14999999999999,9.051344640485725,35.0,9.57073837671504,22.45511396019758,0.063,3.4965075614664802,295.75,0.067,0.0,0.12,57.0,55.0,0.5,1,0.425,0.544,0.031,16.253611548150424,0.357,14.346139397261565,17.529082649058825,Lower-Middle,1.4146721794924475,0.8562641811686308,0.838235294117647
0.038,45.14999999999999,9.051344640485725,9.0,9.57073837671504,20.52764094873839,0.059,3.4339872044851463,208.0,0.08,0.0,0.12,56.0,53.0,0.6,1,0.416,0.555,0.029,14.324469841199752,0.469,20.350025877585416,19.93800336967164,Low,1.211130815975565,0.8562641811686308,0.8018018018018017
0.036,44.2,9.051344640485725,32.0,9.57073837671504,24.41873362986517,0.047,3.828641396489095,295.75,0.049,0.3,0.197,63.0,59.0,0.7,1,0.424,0.55,0.026,17.58084495294498,0.244,21.41841102066803,18.974565862925928,Upper-Middle,1.147680480603663,0.8562641811686308,0.8181818181818181
0.028,37.55,9.051344640485725,29.0,9.57073837671504,21.568359674258193,0.116,4.9344739331306915,295.75,0.074,0.0,0.101,49.0,49.0,0.8,1,0.368,0.591,0.042,14.534104213230592,0.258,17.6441519761925,19.360688006350088,Low,2.5019297222139505,0.8562641811686308,0.6937394247038917
0.036,37.55,9.051344640485725,6.0,9.57073837671504,21.273597751930538,0.118,4.189654742026425,189.75,0.056,0.0,0.135,61.0,59.0,0.6,1,0.431,0.539,0.03,15.248315343763974,0.485,20.350025877585416,19.93800336967164,Low,2.5102845347278033,0.8562641811686308,0.8552875695732838
0.021,37.55,9.051344640485725,35.0,9.57073837671504,25.12844319513481,0.039,6.361302477572996,295.75,0.013,0.1,0.06,77.0,73.0,1.6,1,0.295,0.658,0.047,15.632714227188812,0.78,20.350025877585416,21.699333773233217,Upper-Middle,0.9800092846102576,0.8562641811686308,0.519756838905775
0.035,37.55,9.051344640485725,8.0,9.57073837671504,23.01384958948834,0.041,2.9444389791664403,201.0,0.041,0.0,0.22649999999999998,66.0,63.0,0.4,1,0.427,0.545,0.028,16.91982432923941,0.332,20.350025877585416,19.93800336967164,Lower-Middle,0.943567833169022,0.8562641811686308,0.8348623853211009
0.04,37.55,9.051344640485725,40.0,9.57073837671504,22.16794533764269,0.092,3.258096538021482,189.75,0.046,0.0,0.22649999999999998,55.0,55.0,0.3,1,0.454,0.514,0.031,16.58223738280529,0.158,17.453096744006448,18.430631084706523,Lower-Middle,2.0394509710631272,0.8562641811686308,0.943579766536965
0.047,45.14999999999999,9.051344640485725,8.0,9.57073837671504,23.05936250298102,0.058,3.7612001156935624,270.0,0.079,0.0,0.12,54.0,55.0,1.0,1,0.471,0.5,0.028,16.513751000332594,0.376,20.350025877585416,19.93800336967164,Lower-Middle,1.3374430251728993,0.8562641811686308,0.998
0.034,45.14999999999999,9.051344640485725,19.0,9.57073837671504,22.09918187156106,0.064,3.970291913552122,295.75,0.068,0.1,0.17,63.0,60.0,1.1,1,0.402,0.566,0.032,15.149495845809984,0.58,20.350025877585416,19.93800336967164,Low,1.414347639779908,0.8562641811686308,0.7667844522968199
0.011,37.55,9.051344640485725,6.0,9.57073837671504,23.16056215882188,0.048,6.09807428216624,189.75,0.013,0.4,0.087,77.0,70.0,1.2,1,0.202,0.715,0.084,14.071057793043254,0.402,21.298754974600552,19.791861469800278,Lower-Middle,1.11170698362345,0.8562641811686308,0.4000000000000001
0.023,45.14999999999999,9.051344640485725,12.0,9.57073837671504,25.287422057051426,0.064,5.25227342804663,238.0,0.027,0.6,0.12,72.0,69.0,1.2,1,0.278,0.672,0.05,17.297401020376924,0.587,22.86227261608141,21.46281939079784,High,1.6183950116512913,0.8562641811686308,0.4880952380952381
0.039,37.55,9.051344640485725,13.0,9.57073837671504,23.388857796300137,0.064,3.6375861597263857,230.0,0.064,0.0,0.168,51.0,49.0,0.3,1,0.454,0.514,0.033,17.042489305306844,0.314,19.481937249536912,19.253589871235295,Lower-Middle,1.4968868989632087,0.8562641811686308,0.9474708171206225
0.026,37.55,9.051344640485725,55.625,9.57073837671504,23.31847476307923,0.083,6.161207321695077,295.75,0.036,0.1,0.087,67.0,61.0,1.0,1,0.366,0.599,0.035,14.630607193699163,0.437,20.350025877585416,19.93800336967164,Lower-Middle,1.9354334053355762,0.8562641811686308,0.6694490818030051
0.05,43.8,9.051344640485725,17.0,9.57073837671504,22.63623734673469,0.072,3.258096538021482,270.0,0.062,0.0,0.12,58.0,58.0,0.3,1,0.5,0.474,0.026,16.657919317828085,0.18,20.350025877585416,19.93800336967164,Lower-Middle,1.6298090889648975,0.8562641811686308,1.109704641350211
0.042,37.55,9.051344640485725,28.0,9.57073837671504,26.860948064764465,0.061,4.553876891600541,295.75,0.077,0.3,0.168,52.0,52.0,0.7,1,0.442,0.531,0.027,18.944425220819554,0.452,20.278540016445007,22.951127383852278,High,1.6385178319506324,0.8562641811686308,0.8832391713747646
0.036,37.55,9.051344640485725,3.0,9.57073837671504,22.688050856594128,0.107,4.204692619390966,189.75,0.039,0.1,0.12,65.0,62.0,0.5,1,0.436,0.541,0.023,16.254181453298646,0.259,19.635593491283995,18.705859693704824,Lower-Middle,2.4276214416555715,0.8562641811686308,0.8484288354898336
0.035,37.55,9.051344640485725,5.0,9.57073837671504,19.388912674079027,0.079,4.700480365792417,295.75,0.038,0.2,0.22649999999999998,68.0,64.0,0.7,1,0.416,0.55,0.034,12.144723698953884,0.633,16.52356082573315,14.077875591662238,Low,1.5317241012522431,0.8562641811686308,0.818181818181818
0.038,45.14999999999999,9.051344640485725,6.0,9.57073837671504,23.36558074260895,0.05,3.9512437185814275,295.75,0.045,0.2,0.12,65.0,62.0,0.8,1,0.435,0.534,0.03,16.43480400524704,0.428,20.350025877585416,19.93800336967164,Lower-Middle,1.1682790371304477,0.8562641811686308,0.8707865168539325
0.019,37.55,9.051344640485725,39.0,9.57073837671504,20.75495764620534,0.047,6.257667587882639,189.75,0.012,0.5,0.122,78.0,68.0,1.5,1,0.221,0.702,0.077,11.388540685679283,0.529,17.073607134447293,15.201805169084134,Low,0.975483009371651,0.8562641811686308,0.42450142450142453
0.037,37.55,9.051344640485725,12.0,9.57073837671504,22.0549436501521,0.118,4.574710978503383,295.75,0.1075,0.0,0.21,46.0,45.0,0.4,1,0.417,0.556,0.026,15.60371839427094,0.389,17.529082649058825,17.034386422832473,Low,2.602483350717948,0.8562641811686308,0.7967625899280575
0.044,41.0,9.051344640485725,26.0,9.57073837671504,23.436618790804065,0.061,5.267858159063328,239.0,0.092,0.0,0.12,56.0,53.0,0.2,1,0.473,0.498,0.028,16.13742120368821,0.382,20.350025877585416,19.93800336967164,Lower-Middle,1.429633746239048,0.8562641811686308,1.0060240963855422
0.021,37.55,9.051344640485725,19.0,9.57073837671504,26.669569920224024,0.088,6.470799503782602,200.0,0.034,0.4,0.088,58.0,54.0,1.3,1,0.295,0.65,0.054,17.772027770279873,0.633,23.139268897065293,22.689538680660586,High,2.346922152979714,0.8562641811686308,0.5369230769230768
0.037,37.55,9.051344640485725,17.0,9.57073837671504,23.080339115319223,0.026,3.332204510175204,218.0,0.066,0.1,0.12,56.0,54.0,0.2,1,0.423,0.543,0.035,16.19852548368928,0.182,20.350025877585416,19.93800336967164,Lower-Middle,0.6000888169982997,0.8562641811686308,0.8434622467771637
0.034,37.55,9.051344640485725,36.0,9.57073837671504,24.86686969673798,0.072,4.7535901911063645,189.75,0.053,0.2,0.12,64.0,60.0,0.7,1,0.415,0.553,0.032,17.431694311430224,0.333,20.59543246657289,20.626754937666888,Upper-Middle,1.7904146181651344,0.8562641811686308,0.8083182640144664
0.03,37.55,9.051344640485725,55.625,9.57073837671504,22.121881272672535,0.085,5.560681631015528,189.75,0.057,0.2,0.088,48.0,49.0,0.7,1,0.38,0.585,0.034,14.023326032234332,0.214,20.350025877585416,19.93800336967164,Low,1.8803599081771656,0.8562641811686308,0.7076923076923078
0.04,44.9,9.051344640485725,26.0,9.57073837671504,24.064310864233388,0.07,3.7376696182833684,189.75,0.038,0.0,0.155,62.0,60.0,0.6,1,0.449,0.52,0.032,17.682182745883694,0.295,21.196389594151444,20.72626134692322,Upper-Middle,1.6845017604963373,0.8562641811686308,0.9249999999999999
0.037,45.14999999999999,9.051344640485725,38.0,9.57073837671504,22.088273795855365,0.086,3.7376696182833684,270.0,0.057,0.0,0.12,57.0,55.0,0.5,1,0.419,0.554,0.027,15.709063538648067,0.385,20.350025877585416,19.93800336967164,Low,1.8995915464435613,0.8562641811686308,0.8050541516245486
0.019,45.14999999999999,9.051344640485725,11.0,9.57073837671504,24.53521414506551,0.07,5.697093486505405,189.75,0.014,0.4,0.12,77.0,73.0,1.2,1,0.232,0.697,0.071,16.19297127838932,0.663,21.798609499016347,20.327255889094886,Upper-Middle,1.7174649901545858,0.8562641811686308,0.43472022955523676
0.044,37.55,9.051344640485725,33.0,9.57073837671504,23.720608708341096,0.08,3.8066624897703196,213.0,0.045,0.1,0.22649999999999998,60.0,58.0,0.5,1,0.485,0.49,0.024,17.40859089026122,0.151,20.823111172821104,20.219084757554718,Upper-Middle,1.8976486966672876,0.8562641811686308,1.0387755102040817
0.043,37.55,9.051344640485725,17.0,9.57073837671504,23.74838332126805,0.065,4.574710978503383,189.75,0.057,0.1,0.121,59.0,55.0,0.7,1,0.467,0.506,0.026,16.459917836760525,0.396,18.858935681335133,18.85246316687141,Upper-Middle,1.5436449158824233,0.8562641811686308,0.974308300395257
0.032,37.55,9.051344640485725,55.625,9.57073837671504,23.246785378102093,0.061,5.267858159063328,242.0,0.055,0.2,0.12,59.0,57.0,0.9,1,0.402,0.558,0.039,16.43467985377918,0.328,20.434249542816605,19.93800336967164,Lower-Middle,1.4180539080642276,0.8562641811686308,0.7903225806451613
0.035,37.55,9.051344640485725,7.0,9.57073837671504,23.744022144018448,0.086,3.9512437185814275,275.0,0.072,0.1,0.15,62.0,59.0,0.7,1,0.474,0.503,0.023,17.210842001938403,0.255,18.569100757691327,18.197537205138154,Upper-Middle,2.0419859043855864,0.8562641811686308,0.9880715705765407
0.014,38.8,9.051344640485725,8.0,9.57073837671504,23.02166396492302,0.045,5.017279836814924,295.75,0.015,0.4,0.172,78.0,71.0,1.1,1,0.203,0.693,0.103,14.903763372091351,0.632,20.003774683100254,20.13627885401342,Lower-Middle,1.035974878421536,0.8562641811686308,0.4415584415584416
0.019,40.0,9.051344640485725,8.0,9.57073837671504,24.95346480859272,0.054,5.988961416889864,214.0,0.031,0.5,0.183,74.0,68.0,1.1,1,0.222,0.721,0.057,16.045071629579173,0.539,21.69176944064715,21.684912270923625,Upper-Middle,1.347487099664007,0.8562641811686308,0.38696255201109575
0.02,37.55,9.051344640485725,19.0,9.57073837671504,25.477148182604235,0.036,3.295836866004329,295.75,0.035,0.1,0.13,71.0,70.0,0.6,1,0.306,0.647,0.047,18.856968379736465,0.32,18.5159909328476,20.535730714305842,High,0.9171773345737524,0.8562641811686308,0.5455950540958269
0.02,40.8,9.051344640485725,36.0,9.57073837671504,21.34446447464447,0.038,4.51085950651685,274.0,0.031,0.3,0.14,68.0,68.0,0.8,1,0.285,0.668,0.047,13.516865949218865,0.364,18.358805350872576,18.078190449090098,Low,0.8110896500364899,0.8562641811686308,0.497005988023952
0.016,37.55,9.051344640485725,55.625,9.57073837671504,23.553766836861882,0.023,6.84587987526405,189.75,0.008,0.6,0.055,80.0,77.0,1.1,1,0.258,0.702,0.04,12.929358557227769,0.762,20.350025877585416,19.93800336967164,Upper-Middle,0.5417366372478233,0.8562641811686308,0.42450142450142453
0.026,37.55,9.051344640485725,55.625,9.57073837671504,23.366204425721214,0.054,3.9512437185814275,189.75,0.034,0.0,0.12,74.0,69.0,1.3,1,0.312,0.635,0.053,16.514496267075526,0.201,21.416413018006356,19.760931169188652,Lower-Middle,1.2617750389889455,0.8562641811686308,0.5748031496062992
0.012,45.14999999999999,9.051344640485725,33.0,9.57073837671504,29.7387451639466,0.054,5.777652323222656,295.75,0.012,0.4,0.06,77.0,74.0,0.8,1,0.18,0.733,0.087,21.02388511248024,0.519,24.72945291111717,25.422818499837348,High,1.6058922388531165,0.8562641811686308,0.36425648021828105
0.014,37.55,9.051344640485725,2.0,9.57073837671504,23.486213520177994,0.092,5.811140992976701,280.0,0.013,0.4,0.148,78.0,70.0,1.1,1,0.176,0.681,0.143,15.317519372253845,0.532,21.171151661577504,19.970368654103833,Upper-Middle,2.1607316438563755,0.8562641811686308,0.46842878120411147
0.013,37.55,9.051344640485725,3.0,9.57073837671504,26.29401236240858,0.061,5.267858159063328,189.75,0.02,0.7,0.05,86.0,81.0,2.3,1,0.118,0.747,0.136,15.78326620421859,1.0,24.36140447563345,23.731223080172363,High,1.6039347541069233,0.8562641811686308,0.34002677376171353
0.021,45.14999999999999,9.051344640485725,27.0,9.57073837671504,28.250922503341382,0.04,4.127134385045092,243.0,0.043,0.1,0.106,68.0,65.0,0.7,1,0.294,0.654,0.052,20.935701650911554,0.316,23.632350303829256,23.369936965109662,High,1.1300369001336552,0.8562641811686308,0.529051987767584
0.019,37.55,9.051344640485725,48.0,9.57073837671504,27.49945276406669,0.03,4.6913478822291435,259.0,0.025,0.1,0.118,73.0,69.0,1.1,1,0.293,0.656,0.051,19.324348913420817,0.515,22.970655294578183,22.974347087178625,High,0.8249835829220006,0.8562641811686308,0.5243902439024389
0.008,45.14999999999999,9.051344640485725,22.0,13.020335081508215,29.412354182856387,0.101,8.46653127661401,295.75,0.002,0.9,0.020500000000000018,86.0,80.0,1.1,1,0.131,0.625,0.244,18.664109080815585,0.919,23.50809187691241,24.4360327015381,High,2.9706477724684954,0.6455868984489379,0.6
0.023,37.55,9.051344640485725,19.0,9.57073837671504,26.03901634975694,0.042,6.257667587882639,189.75,0.016,0.5,0.12,74.0,65.0,1.9,1,0.255,0.68,0.066,16.636378956954097,0.535,21.17561453158956,21.474210116704494,High,1.0936386866897916,0.8562641811686308,0.47205882352941175
0.014,41.0,9.051344640485725,26.0,9.57073837671504,23.436618790804065,0.061,5.267858159063328,239.0,0.023,0.1,0.12,73.0,66.0,0.1,1,0.22,0.688,0.092,17.024868793933,0.604,20.350025877585416,19.93800336967164,Lower-Middle,1.429633746239048,0.8562641811686308,0.4534883720930233
0.01,37.55,9.051344640485725,6.0,12.47992071793895,27.832170288485003,0.075,7.440733707389261,207.0,0.003,0.8,0.054,85.0,78.0,1.1,1,0.153,0.729,0.118,17.727622399446382,0.821,23.701495835415145,23.831701600458157,High,2.0874127716363753,0.6714686851563068,0.37174211248285327
0.028,37.55,9.051344640485725,10.0,9.57073837671504,22.611112994549742,0.071,4.442651256490317,210.0,0.023,0.2,0.128,74.0,66.0,1.2,1,0.302,0.656,0.042,15.539562222510368,0.354,20.435583765827964,20.41945438391976,Lower-Middle,1.6053890226130316,0.8562641811686308,0.5243902439024389
0.027,37.55,9.051344640485725,55.625,9.57073837671504,22.96258234918048,0.029,3.713572066704308,295.75,0.055,0.1,0.12,69.0,66.0,0.6,1,0.356,0.606,0.038,15.709499847333069,0.354,19.94890860313012,19.300307495604308,Lower-Middle,0.6659148881262339,0.8562641811686308,0.6501650165016502
0.01,41.0,9.051344640485725,26.0,9.57073837671504,24.48403557504082,0.061,5.267858159063328,239.0,0.02,0.6,0.053,82.0,78.0,2.9,1,0.122,0.8,0.077,13.229932651957286,1.0,24.517743278542007,21.26034383244092,Upper-Middle,1.49352617007749,0.8562641811686308,0.24875
0.018,37.55,9.051344640485725,6.0,9.57073837671504,26.44368496918772,0.039,6.018593214496234,189.75,0.007,0.7,0.048,77.0,73.0,1.4,1,0.267,0.682,0.052,17.19104573046252,0.725,23.731470012045104,23.169518279839487,High,1.0313037137983212,0.8562641811686308,0.46774193548387094
0.022,37.55,9.051344640485725,9.0,9.57073837671504,21.47145943000186,0.085,6.326149473155099,252.0,0.009,0.4,0.105,79.0,77.0,1.7,1,0.29,0.66,0.05,12.7321109671996,0.423,21.350807260942265,19.413932520666354,Low,1.8250740515501582,0.8562641811686308,0.515151515151515
0.023,37.55,9.051344640485725,12.0,9.57073837671504,23.05754033423468,0.063,5.4510384535657,192.0,0.027,0.2,0.181,71.0,63.0,1.2,1,0.271,0.691,0.038,14.843873829381728,0.695,19.989296663949546,19.85576527162264,Lower-Middle,1.452625041056785,0.8562641811686308,0.44717800289435605
0.017,45.14999999999999,9.051344640485725,55.625,9.57073837671504,23.436618790804065,0.018,3.044522437723423,189.75,0.041,0.0,0.13,67.0,63.0,0.1,1,0.253,0.696,0.052,17.781970989812525,0.325,20.350025877585416,19.93800336967164,Lower-Middle,0.42185913823447313,0.8562641811686308,0.43821839080459773
0.022,37.55,9.051344640485725,29.0,9.57073837671504,23.678530257431326,0.055,3.6109179126442243,295.75,0.033,0.1,0.12,69.0,67.0,0.6,1,0.356,0.594,0.051,17.128764419235186,0.175,19.753046765685223,20.1452314652695,Upper-Middle,1.302319164158723,0.8562641811686308,0.6851851851851851
0.026,37.55,9.051344640485725,21.0,9.57073837671504,26.138833526880397,0.031,3.6888794541139363,295.75,0.071,0.1,0.135,67.0,66.0,0.7,1,0.343,0.613,0.044,19.003790444442718,0.374,20.737168743101595,21.311607903695478,High,0.8103038393332923,0.8562641811686308,0.6313213703099511
0.025,44.5,9.051344640485725,36.0,9.57073837671504,26.245454567796518,0.046,4.787491742782046,193.0,0.024,0.4,0.057,72.0,65.0,1.1,1,0.345,0.616,0.038,18.387193916611484,0.448,22.312501042267073,22.64590735920859,High,1.2072909101186398,0.8562641811686308,0.6217532467532467
0.01,37.55,9.051344640485725,3.0,9.57073837671504,26.382428837661287,0.047,7.794411205726601,189.75,0.002,0.7,0.054,85.0,80.0,1.5,1,0.165,0.738,0.097,15.485554456747053,1.0,23.681348163100417,23.83286236669407,High,1.2399741553700805,0.8562641811686308,0.3550135501355014
0.018,45.14999999999999,9.051344640485725,8.0,9.57073837671504,24.807443161313888,0.031,4.499809670330265,254.0,0.009,0.2,0.133,77.0,71.0,0.9,1,0.252,0.666,0.082,16.827509853175368,0.183,21.28630433272881,20.92129668826589,Upper-Middle,0.7690307380007305,0.8562641811686308,0.5015015015015015
0.033,45.14999999999999,9.051344640485725,24.0,9.57073837671504,22.755753313126768,0.058,4.02535169073515,224.0,0.042,0.1,0.22649999999999998,71.0,64.0,0.8,1,0.358,0.61,0.032,15.896075343569391,0.266,17.916499679461335,15.732433317205148,Lower-Middle,1.3198336921613525,0.8562641811686308,0.639344262295082
0.01,37.55,9.051344640485725,29.0,9.57073837671504,26.625805766589608,0.039,5.375278407684165,264.0,0.012,0.3,0.071,78.0,71.0,1.3,1,0.185,0.721,0.094,18.016989092340186,0.467,24.353986376913312,22.78556121991844,High,1.0384064248969946,0.8562641811686308,0.38696255201109575
0.036,37.55,9.051344640485725,55.625,9.57073837671504,21.02706729201608,0.043,3.9318256327243257,276.0,0.048,0.0,0.122,69.0,66.0,0.6,1,0.463,0.505,0.032,13.954366872991447,0.308,16.860033043306743,18.197537205138154,Low,0.9041638935566915,0.8562641811686308,0.9801980198019802
0.022,41.0,9.051344640485725,26.0,9.57073837671504,24.283294655921175,0.02,4.867534450455582,239.0,0.048,0.1,0.12,70.0,61.0,1.1,1,0.286,0.673,0.041,15.458950203722374,0.49,20.350025877585416,19.93800336967164,Upper-Middle,0.4856658931184235,0.8562641811686308,0.48588410104011875
0.021,45.14999999999999,9.051344640485725,12.0,9.57073837671504,24.65868194220288,0.059,4.663439094112067,205.0,0.038,0.4,0.12,72.0,65.0,0.7,1,0.289,0.668,0.043,17.209162914039176,0.362,20.350025877585416,19.93800336967164,Upper-Middle,1.4548622345899698,0.8562641811686308,0.497005988023952
0.016,37.55,9.051344640485725,34.0,9.57073837671504,25.77196734417745,0.066,4.634728988229636,295.75,0.02,0.4,0.135,80.0,71.0,1.5,1,0.229,0.706,0.066,18.30159199246997,0.317,22.644590510675524,21.341689471849214,High,1.7009498447157119,0.8562641811686308,0.4178470254957508
0.013,37.55,9.051344640485725,5.0,9.57073837671504,23.236479092845972,0.06,5.43372200355424,295.75,0.014,0.5,0.109,80.0,74.0,1.1,1,0.213,0.681,0.106,14.845730509074546,0.543,21.207542126095007,21.04099203147437,Lower-Middle,1.3941887455707582,0.8562641811686308,0.4684287812041116
0.01,41.0,9.051344640485725,26.0,9.57073837671504,23.436618790804065,0.083,8.025516386489008,239.0,0.002,0.9,0.12,75.0,69.0,0.8,1,0.2995,0.6425000000000001,0.052,11.269081633590115,0.867,20.350025877585416,19.93800336967164,Lower-Middle,1.9452393596367374,0.8562641811686308,0.5470817120622568
0.009,45.14999999999999,9.051344640485725,25.0,10.401136747185486,26.70077733041962,0.115,8.5956346177228,189.75,0.003,0.8,0.12,84.0,78.0,1.6,1,0.145,0.672,0.182,15.947306380985891,0.659,23.788803984790995,23.23708383030979,High,3.070589392998256,0.793898436725633,0.48660714285714274
0.012,45.14999999999999,9.051344640485725,10.0,9.57073837671504,24.876122132650792,0.05,5.8289456176102075,295.75,0.004,0.5,0.195,78.0,67.0,1.1,1,0.151,0.711,0.138,16.063005790303922,0.755,20.709166913581107,20.47608570908437,Upper-Middle,1.2438061066325397,0.8562641811686308,0.4064697609001407
0.011,45.14999999999999,9.051344640485725,4.0,10.955829000871807,26.903112732114224,0.108,8.457867725331422,189.75,0.004,0.8,0.12,83.0,78.0,1.1,1,0.169,0.655,0.176,16.224997208600765,0.977,23.261634261680097,23.892278922684252,High,2.905536175068336,0.7570654146881584,0.5267175572519084
0.009,37.55,9.051344640485725,37.0,9.57073837671504,23.547808685007794,0.099,6.104793232414985,295.75,0.006,0.7,0.069,79.0,74.0,0.9,1,0.163,0.682,0.155,15.159397553944425,0.394,20.315297600123888,19.083368722182243,Upper-Middle,2.3312330598157716,0.8562641811686308,0.4662756598240469
0.01,37.55,9.051344640485725,18.0,9.57073837671504,24.66102792028271,0.074,6.248042874508429,295.75,0.011,0.5,0.097,78.0,71.0,1.5,1,0.135,0.675,0.189,15.80419129322989,0.73,22.158826439607203,21.11192382741616,Upper-Middle,1.8249160661009205,0.8562641811686308,0.48
0.01,37.55,9.051344640485725,8.0,9.57073837671504,24.75139461368474,0.068,6.812345094177479,196.0,0.004,0.6,0.095,80.0,74.0,1.2,1,0.15,0.67,0.18,15.266552558979884,0.581,22.905376776585385,20.684525009669482,Upper-Middle,1.6830948337305625,0.8562641811686308,0.49253731343283574
0.012,37.55,9.051344640485725,8.0,9.57073837671504,23.84857413299565,0.073,7.575584651557793,189.75,0.003,0.6,0.12,82.0,78.0,1.0,1,0.172,0.708,0.12,13.93683841442403,0.673,21.71984540041851,21.216131135946284,Upper-Middle,1.7409459117086825,0.8562641811686308,0.4124293785310734
0.01,45.14999999999999,9.051344640485725,20.0,10.664853972073217,26.003654574504754,0.077,7.267525427828172,295.75,0.003,0.7,0.054,81.0,75.0,1.3,1,0.146,0.692,0.162,16.16791252597498,0.731,22.771990406093085,22.200086224994035,High,2.002281402236866,0.7759501029464676,0.44508670520231214
0.01,37.55,9.051344640485725,6.0,9.743436164387901,26.476360202134888,0.112,8.74909824839902,189.75,0.003,0.9,0.12,82.0,78.0,1.3,1,0.177,0.649,0.175,15.536771200895874,0.871,22.537275915272286,22.98502893552437,High,2.9653523426391075,0.8424999694686991,0.5423728813559322
0.011,45.14999999999999,9.051344640485725,7.0,8.652073673610056,23.83125669215603,0.059,6.918695219020472,189.75,0.003,0.8,0.057,82.0,72.0,1.6,1,0.157,0.665,0.178,14.096935847508833,0.678,21.18574120040108,20.680358336978976,Upper-Middle,1.4060441448372056,0.9377616610234962,0.5037593984962405
0.013,41.0,9.051344640485725,26.0,9.57073837671504,23.436618790804065,0.061,5.267858159063328,239.0,0.02,0.9,0.12,85.0,80.0,1.2,1,0.2995,0.6425000000000001,0.052,10.809869352700158,0.413,20.350025877585416,19.93800336967164,Lower-Middle,1.429633746239048,0.8562641811686308,0.5470817120622568
0.011,40.6,9.051344640485725,14.0,10.418584043152764,26.23323391243261,0.091,8.350666240520924,189.75,0.002,0.9,0.12,84.0,78.0,1.7,1,0.164,0.653,0.183,15.504493577366135,0.838,22.41243871758404,22.487825386419075,High,2.3872242860313673,0.7926853808037109,0.5313935681470138
0.013,45.14999999999999,9.051344640485725,7.0,12.436020991622668,28.590839163938938,0.117,8.453401058328458,189.75,0.004,0.8,0.12,86.0,79.0,1.0,1,0.183,0.643,0.175,18.00025567658033,0.788,24.874778072240595,24.576790708001454,High,3.345128182180856,0.6736625855325189,0.5567651632970451
0.008,45.14999999999999,9.051344640485725,15.0,12.635846552744338,28.862401810225826,0.113,8.451907724717607,207.0,0.003,0.8,0.12,83.0,79.0,1.1,1,0.132,0.657,0.211,18.202845876607284,0.747,24.666419224590506,25.291367392399714,High,3.2614514045555185,0.6637904442144121,0.5220700152207001
0.009,44.1,9.051344640485725,12.0,10.165544077348937,26.238403877463334,0.093,7.623153068476902,202.0,0.004,0.6,0.12,83.0,78.0,1.2,1,0.146,0.66,0.194,16.221804283007362,0.77,23.312006838471305,21.595395673452856,High,2.44017156060409,0.8106496716848579,0.515151515151515
0.009,45.14999999999999,9.051344640485725,5.0,10.06475570013225,25.548377610493784,0.078,6.895682697747868,277.0,0.005,0.7,0.09,79.0,72.0,1.2,1,0.146,0.683,0.17,16.11010007133349,0.698,22.502108914410073,21.64514094751224,High,1.992773453618515,0.8180338441975307,0.4626647144948755
0.014,37.55,9.051344640485725,5.0,8.70317470904168,23.3323213700598,0.091,8.261784679514752,189.75,0.002,1.0,0.083,84.0,82.0,1.1,1,0.207,0.667,0.126,12.678314393319036,0.938,20.578240066052224,20.47480447892996,Lower-Middle,2.1232412446754414,0.9328230101897927,0.4992503748125936
0.016,37.55,9.051344640485725,10.0,9.499346567390095,26.07340723732365,0.081,8.21851757748959,189.75,0.003,0.8,0.12,83.0,79.0,1.1,1,0.215,0.667,0.118,15.338714536576019,0.624,22.927576360782442,22.515191959120425,High,2.111945986223216,0.8620864719903887,0.4992503748125936
0.02,41.0,9.051344640485725,26.0,9.57073837671504,23.436618790804065,0.061,5.267858159063328,239.0,0.02,0.1,0.12,75.0,69.0,0.5,1,0.2995,0.6425000000000001,0.052,11.353753868074973,0.52,20.350025877585416,19.93800336967164,Lower-Middle,1.429633746239048,0.8562641811686308,0.5470817120622568
0.009,45.14999999999999,9.051344640485725,6.0,11.974247770332745,28.330779099373245,0.092,8.017307507688582,269.0,0.003,0.6,0.052,86.0,80.0,1.6,1,0.14,0.651,0.208,17.902154177228965,0.686,24.48530281170131,24.213633374898155,High,2.6064316771423384,0.6976392620759692,0.5345622119815667
0.018,37.55,9.051344640485725,52.0,9.57073837671504,22.586641972876055,0.061,5.267858159063328,189.75,0.02,0.1,0.129,73.0,68.0,0.5,1,0.2995,0.6425000000000001,0.052,14.407237781988403,0.56,20.350025877585416,19.93800336967164,Lower-Middle,1.3777851603454394,0.8562641811686308,0.5470817120622568
0.01,37.55,9.051344640485725,16.0,9.57073837671504,24.0686889416326,0.06,6.675823221634848,264.0,0.008,0.7,0.055,79.0,69.0,1.1,1,0.146,0.669,0.185,14.525672168683348,0.675,20.789053578420745,20.57592525020645,Upper-Middle,1.444121336497956,0.8562641811686308,0.49476831091180856
0.01,41.0,9.051344640485725,26.0,9.57073837671504,23.436618790804065,0.061,5.267858159063328,239.0,0.02,0.9,0.12,85.0,80.0,1.0,1,0.2995,0.6425000000000001,0.052,10.509359684984632,0.144,20.350025877585416,19.93800336967164,Lower-Middle,1.429633746239048,0.8562641811686308,0.5470817120622568
0.01,43.0,9.051344640485725,20.0,9.57073837671504,24.469082161401627,0.067,6.756932389247553,189.75,0.005,0.7,0.12,80.0,68.0,1.7,1,0.151,0.693,0.156,14.910039186497468,0.666,21.080940281917528,20.7796461713277,Upper-Middle,1.639428504813909,0.8562641811686308,0.443001443001443
0.011,37.55,9.051344640485725,19.0,8.314097335405807,24.733203941537628,0.069,8.916371914881694,189.75,0.002,0.9,0.12,84.0,79.0,1.5,1,0.175,0.685,0.141,13.182417483566477,0.892,22.252144241738872,21.999187140864105,Upper-Middle,1.7065910719660964,0.9717897842959751,0.46131386861313856
0.011,37.55,9.051344640485725,2.0,9.57073837671504,22.982576203785854,0.071,5.793013608384144,189.75,0.007,0.6,0.085,77.0,73.0,1.1,1,0.169,0.711,0.12,14.560099621871883,0.57,19.283570703318816,18.845948485892656,Lower-Middle,1.6317629104687954,0.8562641811686308,0.4064697609001407
0.01,40.9,9.051344640485725,40.0,9.57073837671504,22.90515982389326,0.091,7.515344571180436,189.75,0.005,0.7,0.047,83.0,79.0,1.2,1,0.15,0.694,0.156,12.946713912618431,0.95,21.09551881153764,19.826777734819416,Lower-Middle,2.0843695439742866,0.8562641811686308,0.4409221902017291
0.012,37.55,9.051344640485725,9.0,9.57073837671504,22.709040252606975,0.117,5.480638923341991,220.0,0.014,0.4,0.134,73.0,65.0,1.0,1,0.165,0.722,0.112,15.085136262276961,0.449,19.499090328704316,19.85576527162264,Lower-Middle,2.6569577095550163,0.8562641811686308,0.3836565096952909
0.02,41.0,9.051344640485725,26.0,9.57073837671504,23.436618790804065,0.044,8.811205187562887,239.0,0.003,0.9,0.12,75.0,69.0,0.9,1,0.2995,0.6425000000000001,0.052,10.534227272967456,1.0,20.350025877585416,19.93800336967164,Lower-Middle,1.0312112267953788,0.8562641811686308,0.5470817120622568
0.012,37.55,9.051344640485725,10.0,9.57073837671504,22.120948591935765,0.076,6.202535517187923,295.75,0.005,0.6,0.096,77.0,72.0,1.6,1,0.19,0.682,0.128,13.339218397286997,0.635,20.57244294837462,18.020203192280615,Low,1.681192092987118,0.8562641811686308,0.4662756598240469
0.011,39.2,9.051344640485725,5.0,11.267293432681889,27.36974299599627,0.118,8.65486599654131,189.75,0.004,0.9,0.020500000000000018,83.0,79.0,1.2,1,0.172,0.663,0.164,16.634205070855078,0.886,23.74500692973017,23.736150169367118,High,3.2296296735275596,0.7378436563986968,0.5067873303167421
0.012,40.7,9.051344640485725,7.0,10.302901053215857,26.93793375309149,0.09,9.111182800442965,189.75,0.002,0.9,0.12,84.0,80.0,1.2,1,0.186,0.659,0.155,15.428656387569145,0.797,22.400922988544465,23.588832475980556,High,2.424414037778234,0.80079836122342,0.5174506828528073
0.01,39.8,9.051344640485725,32.0,11.477754141958787,26.918105743225485,0.067,6.75110146893676,286.0,0.005,0.6,0.12,81.0,73.0,1.4,1,0.149,0.71,0.14,17.46710015761693,0.607,23.194327079996853,22.92470374804614,High,1.8035130847961076,0.7253985402748787,0.40704225352112683
0.009,42.0,9.051344640485725,4.0,9.996522418503318,26.08051345447736,0.094,7.552762084214147,275.0,0.003,0.6,0.12,84.0,77.0,1.1,1,0.149,0.666,0.185,16.16829862616388,0.618,23.401475196106286,22.22511853892329,High,2.451568264720872,0.8231097337877895,0.5015015015015014
0.01,42.9,9.051344640485725,10.0,9.57073837671504,25.8555053343124,0.051,6.042632833682381,216.0,0.011,0.5,0.113,78.0,71.0,1.1,1,0.15,0.7,0.15,16.81507189130313,0.541,21.37507005449308,21.47090120326391,High,1.3186307720499324,0.8562641811686308,0.4285714285714286
0.013,45.14999999999999,9.051344640485725,18.0,9.57073837671504,28.332865828273945,0.063,6.78897174299217,189.75,0.009,0.6,0.091,76.0,65.0,1.5,1,0.154,0.716,0.13,18.779599176387723,0.738,23.606724868073556,24.596464850537767,High,1.7849705471812585,0.8562641811686308,0.3966480446927375
0.01,42.2,9.051344640485725,40.0,9.57073837671504,23.436618790804065,0.065,8.2409125416889,189.75,0.003,0.5,0.12,75.0,69.0,1.2,1,0.2995,0.6425000000000001,0.052,10.34971065311646,0.941,20.350025877585416,19.93800336967164,Lower-Middle,1.5233802214022643,0.8562641811686308,0.5470817120622568
0.009,37.55,9.051344640485725,12.0,9.57073837671504,24.36376190562023,0.105,6.331501849893691,279.0,0.006,0.5,0.182,78.0,73.0,1.2,1,0.165,0.695,0.14,15.789463520230916,0.553,20.78717916362815,20.885384687273188,Upper-Middle,2.558195000090124,0.8562641811686308,0.43884892086330946
0.01,45.14999999999999,9.051344640485725,14.0,9.721785803621579,25.237940138410078,0.078,7.190676034332207,207.0,0.006,0.8,0.12,80.0,73.0,1.1,1,0.15,0.723,0.127,15.503312230967138,0.542,21.58404385931314,21.559213816571493,High,1.968559330795986,0.8442012185533854,0.3831258644536653
0.011,37.55,9.051344640485725,6.0,8.874028122556336,24.53831912329436,0.088,7.57198844937744,260.0,0.002,0.7,0.12,83.0,77.0,1.1,1,0.142,0.688,0.171,14.536836948789528,0.499,21.76742194017045,20.804845824860493,Upper-Middle,2.1593720828499037,0.9166820803162122,0.4549418604651163
0.01,38.7,9.051344640485725,28.0,11.733505733881273,27.910531119341687,0.096,7.940583827104244,189.75,0.004,0.7,0.12,85.0,80.0,1.1,1,0.152,0.673,0.175,17.660565747238998,0.789,24.869538492044693,23.802833616458614,High,2.679410987456802,0.7108289601976567,0.48588410104011875
0.012,45.14999999999999,9.051344640485725,16.0,10.797082676478094,26.984645040439815,0.096,8.57922858233569,189.75,0.002,0.9,0.12,84.0,80.0,1.2,1,0.167,0.644,0.189,16.068839753351906,0.854,23.24217125598709,23.59479450709771,High,2.5905259238822222,0.7672527936532116,0.5527950310559006
0.01,37.55,9.051344640485725,18.0,10.146472946063877,27.17086242728401,0.113,9.10286651367095,189.75,0.004,0.9,0.027,85.0,81.0,1.3,1,0.148,0.678,0.174,15.894559772693956,0.737,23.69054719437783,23.537176428808067,High,3.0703074542830935,0.8120366580786437,0.47492625368731556
0.017,40.0,9.051344640485725,6.0,11.658773199117068,27.393858887625985,0.063,6.501289670540389,226.0,0.017,0.5,0.12,78.0,72.0,0.9,1,0.26,0.667,0.073,18.11953685311851,0.718,24.19675287198651,22.25019132802325,High,1.725813109920437,0.7150254213510235,0.4992503748125937
0.011,45.14999999999999,9.051344640485725,22.0,9.57073837671504,25.89717254088475,0.076,5.683579767338681,295.75,0.009,0.4,0.184,76.0,66.0,1.3,1,0.142,0.705,0.153,17.635271355797855,0.691,22.513023303670792,22.434538055442417,High,1.968185113107241,0.8562641811686308,0.41843971631205673
0.013,37.55,9.051344640485725,12.0,12.167238257743637,28.53190102263646,0.094,8.201934351194222,189.75,0.004,0.9,0.020500000000000018,84.0,80.0,1.2,1,0.175,0.653,0.172,17.96962742594347,0.818,24.551167829730904,24.91567435960881,High,2.6819986961278275,0.6874140547401912,0.5313935681470138
0.016,37.55,9.051344640485725,9.0,9.57073837671504,24.136468135044293,0.039,6.79794041297493,189.75,0.006,0.9,0.06,77.0,76.0,1.6,1,0.202,0.777,0.021,14.091495484769899,0.886,21.278299715950777,20.60560779460304,Upper-Middle,0.9413222572667275,0.8562641811686308,0.287001287001287
0.019,44.1,9.051344640485725,16.0,9.57073837671504,26.943317638770242,0.067,6.19644412779452,295.75,0.015,0.3,0.11,76.0,72.0,0.8,1,0.237,0.711,0.052,18.151813150608394,0.718,20.350025877585416,19.93800336967164,High,1.8052022817976063,0.8562641811686308,0.40646976090014064
0.031,37.55,9.051344640485725,29.0,9.57073837671504,26.09779353053099,0.036,5.424950017481403,295.75,0.029,0.1,0.13,73.0,66.0,0.8,1,0.405,0.562,0.033,17.29915421794681,0.692,21.217962079392276,21.583197835574374,High,0.9395205670991156,0.8562641811686308,0.7793594306049823
0.022,37.55,9.051344640485725,21.0,10.089136899422757,26.274759064454088,0.075,7.736307096548285,235.0,0.003,0.7,0.056,84.0,80.0,1.2,1,0.275,0.619,0.105,15.883701675285508,0.919,22.551839279457823,22.302450706415634,High,1.9706069298340565,0.8162352690367536,0.6138933764135703
0.028,37.55,9.051344640485725,12.0,9.57073837671504,24.157744517314917,0.098,5.963579343618446,189.75,0.017,0.4,0.088,75.0,72.0,1.3,1,0.341,0.624,0.035,15.658913418622092,0.83,22.224004332680135,20.951993767350068,Upper-Middle,2.367458962696862,0.8562641811686308,0.6025641025641025
0.021,37.55,9.051344640485725,32.0,9.57073837671504,25.933949690640247,0.025,7.264730177929867,189.75,0.009,0.7,0.05,75.0,73.0,1.6,1,0.249,0.729,0.022,14.994318465691302,0.983,20.47480447892996,23.00778878722387,High,0.6483487422660063,0.8562641811686308,0.37174211248285327
0.013,37.55,9.051344640485725,9.0,9.57073837671504,24.48922428484627,0.076,6.516193076042964,189.75,0.008,0.6,0.072,82.0,78.0,0.8,1,0.216,0.698,0.086,15.302755751363776,0.874,22.563497959784026,22.14033185697548,Upper-Middle,1.8611810456483164,0.8562641811686308,0.4326647564469914
0.021,37.55,9.051344640485725,8.0,9.57073837671504,25.08367891585051,0.026,6.53813982376767,189.75,0.01,0.6,0.057,79.0,75.0,1.6,1,0.242,0.731,0.028,15.013667080468766,0.762,21.299317246192224,21.504423895286944,Upper-Middle,0.6521756518121132,0.8562641811686308,0.3693570451436389
0.011,37.55,9.051344640485725,9.0,9.57073837671504,25.969998339193996,0.022,7.615791072035833,189.75,0.007,0.7,0.054,79.0,78.0,1.3,1,0.133,0.857,0.01,14.533601539076448,0.989,22.70012078998965,23.093696476928965,High,0.5713399634622679,0.8562641811686308,0.16686114352392067
0.02,37.55,9.051344640485725,21.0,9.57073837671504,27.321714554933013,0.032,6.679599185844383,189.75,0.014,0.5,0.12,77.0,74.0,1.9,1,0.297,0.674,0.029,17.157943153908814,0.825,22.85149754291473,23.612859514494335,High,0.8742948657578564,0.8562641811686308,0.4836795252225519
0.024,39.7,9.051344640485725,13.0,9.57073837671504,23.436618790804065,0.034,4.663439094112067,295.75,0.012,0.2,0.12,78.0,72.0,0.6,1,0.354,0.607,0.039,16.924538257343606,0.565,20.350025877585416,19.93800336967164,Lower-Middle,0.7968450388873383,0.8562641811686308,0.6474464579901152
0.015,37.55,9.051344640485725,8.0,9.57073837671504,26.673385320679348,0.028,7.203405521083095,189.75,0.007,0.9,0.12,78.0,76.0,1.5,1,0.144,0.852,0.004,16.035328201210984,0.847,20.350025877585416,19.93800336967164,High,0.7468547889790218,0.8562641811686308,0.17370892018779344
0.031,37.55,9.051344640485725,40.0,9.57073837671504,24.18877675518901,0.055,4.276666119016055,248.0,0.042,0.2,0.22649999999999998,64.0,62.0,0.6,1,0.407,0.565,0.028,16.987395818411628,0.329,20.778700544780584,19.93800336967164,Upper-Middle,1.3303827215353956,0.8562641811686308,0.7699115044247788
0.02,41.0,9.051344640485725,26.0,9.57073837671504,23.436618790804065,0.061,5.267858159063328,239.0,0.02,0.1,0.12,75.0,69.0,0.5,1,0.2995,0.6425000000000001,0.052,10.917431172474902,0.874,20.350025877585416,19.93800336967164,Lower-Middle,1.429633746239048,0.8562641811686308,0.5470817120622568
0.014,45.14999999999999,9.051344640485725,3.0,11.803219124258495,28.05786139524061,0.091,8.722742874329398,189.75,0.004,0.8,0.07,84.0,80.0,1.1,1,0.189,0.671,0.14,16.93892783602231,0.89,24.253442599894328,24.270120791059746,High,2.5532653869668955,0.7069585041574408,0.4903129657228018
0.021,37.6,9.051344640485725,55.625,9.57073837671504,22.11837646383345,0.04,5.181783550292085,189.75,0.02,0.3,0.07,73.0,67.0,1.0,1,0.289,0.659,0.052,13.681685407911548,0.526,20.710180598410926,18.5159909328476,Low,0.884735058553338,0.8562641811686308,0.5174506828528073
0.017,41.0,9.051344640485725,26.0,9.57073837671504,23.436618790804065,0.061,5.267858159063328,239.0,0.02,0.5,0.12,78.0,74.0,0.8,1,0.229,0.7,0.071,12.520207974850113,0.562,20.350025877585416,19.93800336967164,Lower-Middle,1.429633746239048,0.8562641811686308,0.4285714285714286
0.017,41.0,9.051344640485725,26.0,9.57073837671504,23.436618790804065,0.061,5.267858159063328,239.0,0.02,0.6,0.12,81.0,76.0,0.5,1,0.266,0.656,0.078,12.00034529783556,0.943,20.350025877585416,19.93800336967164,Lower-Middle,1.429633746239048,0.8562641811686308,0.524390243902439
0.023,37.55,9.051344640485725,31.0,9.57073837671504,18.980207785092766,0.107,5.236441962829949,189.75,0.046,0.1,0.12,71.0,66.0,0.2,1,0.324,0.636,0.04,11.520764658048316,0.439,20.350025877585416,19.93800336967164,Low,2.030882233004926,0.8562641811686308,0.5723270440251572
0.02,45.14999999999999,9.051344640485725,17.0,9.57073837671504,18.9688021582424,0.118,6.3818160174060985,189.75,0.031,0.1,0.12,75.0,69.0,0.5,1,0.2995,0.6425000000000001,0.052,10.869634546761713,0.719,20.350025877585416,19.93800336967164,Low,2.2383186546726033,0.8562641811686308,0.5470817120622568
0.024,45.14999999999999,9.051344640485725,16.0,9.57073837671504,19.602901565943572,0.118,6.0063531596017325,189.75,0.031,0.3,0.143,70.0,68.0,0.3,1,0.358,0.602,0.039,11.546321555588657,0.223,20.350025877585416,19.93800336967164,Low,2.3131423847813415,0.8562641811686308,0.6594684385382059
0.016,41.0,9.051344640485725,26.0,9.57073837671504,23.436618790804065,0.061,5.267858159063328,239.0,0.02,0.6,0.12,79.0,73.0,0.9,1,0.228,0.673,0.099,12.460718739865236,0.685,20.350025877585416,19.93800336967164,Lower-Middle,1.429633746239048,0.8562641811686308,0.48588410104011887
0.014,37.55,9.051344640485725,1.0,9.829141090407472,25.86762447603399,0.103,8.099554282376364,189.75,0.005,0.8,0.058,83.0,79.0,1.1,1,0.203,0.661,0.136,15.304587339308036,0.862,22.421995857042187,22.036451726514624,High,2.6643653210315006,0.8358321832655287,0.5128593040847201
0.029,42.1,9.051344640485725,53.0,9.57073837671504,23.473987289191363,0.052,4.74493212836325,207.0,0.048,0.0,0.108,64.0,60.0,0.4,1,0.384,0.588,0.029,15.784999249787212,0.13,20.350025877585416,19.93800336967164,Upper-Middle,1.2206473390379509,0.8562641811686308,0.7023809523809524
0.027,37.55,9.051344640485725,9.0,9.57073837671504,20.34386791042199,0.068,5.5053315359323625,224.0,0.016,0.1,0.099,76.0,70.0,0.5,1,0.379,0.57,0.051,12.148920114025865,0.196,18.812722838485147,16.920097281273396,Low,1.3833830179086954,0.8562641811686308,0.7543859649122807
0.031,37.55,9.051344640485725,9.0,9.57073837671504,20.72323825856613,0.08,5.003946305945459,189.75,0.026,0.1,0.113,69.0,66.0,0.6,1,0.404,0.563,0.033,13.216944200383526,0.21,18.01870954004614,18.035018277846262,Low,1.6578590606852905,0.8562641811686308,0.7761989342806396
0.026,37.55,9.051344640485725,16.0,9.57073837671504,19.97158977023113,0.054,5.476463551931511,189.75,0.011,0.3,0.1,75.0,70.0,0.5,1,0.373,0.568,0.058,11.561163095568716,0.235,20.350025877585416,19.93800336967164,Low,1.078465847592481,0.8562641811686308,0.7588028169014085
0.027,37.55,9.051344640485725,35.0,9.57073837671504,20.48366045007175,0.036,4.762173934797756,189.75,0.015,0.1,0.061,73.0,69.0,0.6,1,0.374,0.586,0.04,12.418207826464746,0.252,19.478471041572444,17.57671069691365,Low,0.7374117762025829,0.8562641811686308,0.7064846416382252
0.017,41.0,9.051344640485725,21.0,9.57073837671504,20.900636889355944,0.052,6.525029657843462,207.0,0.008,0.6,0.102,78.0,73.0,1.4,1,0.254,0.675,0.071,11.397177856425914,0.251,20.350025877585416,19.93800336967164,Low,1.086833118246509,0.8562641811686308,0.48148148148148145
0.017,45.14999999999999,9.051344640485725,25.0,9.57073837671504,27.125436760195402,0.085,6.903747257584598,295.75,0.012,0.6,0.141,80.0,72.0,1.6,1,0.244,0.648,0.108,17.53120057534873,0.913,22.45580594669133,22.828984101826226,High,2.3056621246166094,0.8562641811686308,0.5432098765432098
0.01,41.0,9.051344640485725,26.0,9.57073837671504,23.436618790804065,0.061,5.267858159063328,239.0,0.02,0.7,0.092,78.0,73.0,1.3,1,0.199,0.69,0.11,11.53649549648266,0.424,21.069688405128005,19.505870015666712,Lower-Middle,1.429633746239048,0.8562641811686308,0.44782608695652176
0.015,45.14999999999999,9.051344640485725,24.0,9.57073837671504,22.82116154826486,0.075,7.4073177104694174,189.75,0.011,0.7,0.048,78.0,72.0,0.8,1,0.216,0.71,0.074,12.826544289049645,0.827,21.604965124465025,19.766153113156168,Lower-Middle,1.7115871161198646,0.8562641811686308,0.4084507042253521
0.013,40.8,9.051344640485725,18.0,9.57073837671504,22.16424959440342,0.063,6.844815479208263,237.0,0.014,0.7,0.087,78.0,73.0,1.2,1,0.19,0.704,0.106,12.553986321400306,0.318,20.350025877585416,19.93800336967164,Lower-Middle,1.3963477244474154,0.8562641811686308,0.42045454545454547
0.024,37.55,9.051344640485725,44.0,9.57073837671504,21.1759325471748,0.058,5.560681631015528,189.75,0.015,0.3,0.124,77.0,71.0,0.5,1,0.344,0.617,0.039,12.68868704865853,0.445,19.51595413469944,17.50439003707821,Low,1.2282040877361384,0.8562641811686308,0.6207455429497568
0.012,41.0,9.051344640485725,26.0,9.57073837671504,22.42319067981438,0.061,5.267858159063328,239.0,0.02,0.9,0.12,82.0,77.0,1.4,1,0.2995,0.6425000000000001,0.052,11.079045450122525,1.0,19.94890860313012,19.8341037748936,Lower-Middle,1.367814631468677,0.8562641811686308,0.5470817120622568
0.026,45.14999999999999,9.051344640485725,49.0,9.57073837671504,24.020402233417357,0.058,5.0106352940962555,295.75,0.032,0.4,0.111,69.0,65.0,0.9,1,0.352,0.599,0.048,16.166532038270383,0.673,20.180261316537354,20.14166003290828,Upper-Middle,1.3931833295382068,0.8562641811686308,0.667779632721202
0.015,45.14999999999999,9.051344640485725,55.625,9.57073837671504,28.441409368596716,0.093,6.963189985870238,295.75,0.013,0.5,0.22649999999999998,77.0,70.0,1.3,1,0.246,0.681,0.073,19.107085344321458,0.849,22.653336922117116,23.989101580716056,High,2.6450510712794943,0.8562641811686308,0.4684287812041116
0.011,37.55,9.051344640485725,5.0,12.439768326778175,28.23065150486148,0.109,8.655562860681009,189.75,0.005,0.8,0.03,83.0,79.0,0.8,1,0.164,0.688,0.148,17.363814237381344,0.813,23.75320628187846,24.484698483765307,High,3.0771410140299014,0.6734747519755456,0.4534883720930233
0.013,41.0,9.051344640485725,26.0,9.57073837671504,23.436618790804065,0.061,5.267858159063328,239.0,0.02,0.7,0.12,75.0,69.0,1.7,1,0.2995,0.6425000000000001,0.052,10.960774247677064,1.0,20.350025877585416,19.93800336967164,Lower-Middle,1.429633746239048,0.8562641811686308,0.5470817120622568
0.014,37.55,9.051344640485725,8.0,10.395772352596852,26.307736344102892,0.072,7.00669522683704,291.0,0.007,0.6,0.101,82.0,77.0,1.4,1,0.214,0.689,0.097,16.675698843553167,0.89,21.88014703405296,21.576829739338155,High,1.894157016775408,0.7942721529026611,0.45137880986937595
0.019,45.14999999999999,9.051344640485725,15.0,9.57073837671504,26.637655139467,0.068,6.274762021241939,203.0,0.015,0.5,0.126,78.0,70.0,1.0,1,0.28,0.66,0.06,17.680534781738793,0.756,21.904072363547538,21.936396579354376,High,1.8113605494837561,0.8562641811686308,0.5151515151515151
0.015,45.14999999999999,9.051344640485725,55.625,9.57073837671504,24.53822247281535,0.101,6.858565034791365,226.0,0.009,0.5,0.182,82.0,78.0,1.1,1,0.239,0.692,0.068,15.385229200986572,0.739,21.65700348281737,20.155869863455695,Upper-Middle,2.4783604697543504,0.8562641811686308,0.44364161849710987
0.01,41.0,9.051344640485725,26.0,9.57073837671504,23.436618790804065,0.086,6.326149473155099,239.0,0.005,0.3,0.12,81.0,77.0,0.1,1,0.166,0.704,0.13,16.237739886839844,0.768,21.684147452530997,19.93800336967164,Lower-Middle,2.0155492160091493,0.8562641811686308,0.4204545454545455
0.013,41.0,9.051344640485725,26.0,9.57073837671504,23.436618790804065,0.061,5.267858159063328,239.0,0.02,0.1,0.12,75.0,69.0,1.3,1,0.195,0.668,0.137,11.932010729533486,0.897,20.331703635486527,19.693246342545034,Lower-Middle,1.429633746239048,0.8562641811686308,0.49700598802395207
0.02,37.55,9.051344640485725,12.0,9.57073837671504,20.021190028556962,0.059,5.973809611869261,189.75,0.011,0.6,0.09,75.0,69.0,1.5,1,0.2995,0.6425000000000001,0.052,11.180036799680368,0.687,18.5159909328476,16.380459992348886,Low,1.1812502116848607,0.8562641811686308,0.5470817120622568
0.021,43.4,9.051344640485725,19.0,9.57073837671504,24.799454992183737,0.054,5.739792912179234,295.75,0.024,0.4,0.155,76.0,70.0,0.9,1,0.305,0.633,0.062,16.14538216476895,0.76,22.278458734739264,20.11629635446238,Upper-Middle,1.3391705695779217,0.8562641811686308,0.5797788309636651
0.021,37.55,9.051344640485725,55.625,9.57073837671504,25.154556999463864,0.064,5.8916442118257715,295.75,0.02,0.4,0.12,79.0,73.0,1.1,1,0.303,0.633,0.064,16.55585142507337,0.631,20.761524550025964,20.665636725169097,Upper-Middle,1.6098916479656873,0.8562641811686308,0.5797788309636651
0.02,37.55,9.051344640485725,17.0,9.57073837671504,23.893522683034124,0.067,5.541263545158426,295.75,0.014,0.2,0.12,77.0,68.0,1.4,1,0.306,0.623,0.071,15.655646613786853,0.653,20.611216334256355,19.47150237228063,Upper-Middle,1.6008660197632865,0.8562641811686308,0.6051364365971108
0.014,41.0,9.051344640485725,26.0,9.57073837671504,23.436618790804065,0.061,5.267858159063328,239.0,0.02,0.6,0.12,75.0,69.0,1.0,1,0.2995,0.6425000000000001,0.052,10.947485247931015,0.852,20.350025877585416,19.93800336967164,Lower-Middle,1.429633746239048,0.8562641811686308,0.5470817120622568
0.019,45.14999999999999,9.051344640485725,15.0,9.57073837671504,20.50197240809966,0.064,6.171700597410915,189.75,0.011,0.3,0.097,75.0,70.0,1.2,1,0.27,0.659,0.071,11.566314561629133,0.356,18.5159909328476,16.118095750958314,Low,1.3121262341183784,0.8562641811686308,0.5174506828528073
0.031,40.9,9.051344640485725,40.0,9.57073837671504,24.643027915584735,0.067,5.424950017481403,295.75,0.027,0.2,0.135,75.0,68.0,1.4,1,0.408,0.547,0.045,16.52906770132066,0.502,21.07321823582904,20.633341130512516,Upper-Middle,1.6510828703441773,0.8562641811686308,0.8281535648994515
0.021,37.55,9.051344640485725,20.0,9.57073837671504,21.770989688559425,0.066,5.4638318050256105,263.0,0.031,0.3,0.139,69.0,63.0,0.7,1,0.368,0.599,0.033,13.586562694172414,0.283,17.974393656948944,18.22222981742365,Low,1.436885319444922,0.8562641811686308,0.6694490818030051
0.026,40.4,9.051344640485725,55.625,9.57073837671504,22.788889412365595,0.064,3.9889840465642745,189.75,0.056,0.1,0.089,65.0,61.0,0.6,1,0.354,0.601,0.045,16.135323987216633,0.548,18.951309000896888,19.976717881769055,Lower-Middle,1.4584889223913982,0.8562641811686308,0.6638935108153078
0.026,40.0,9.051344640485725,14.0,9.57073837671504,23.644504308708612,0.086,5.278114659230517,224.0,0.02,0.2,0.185,76.0,71.0,0.9,1,0.357,0.599,0.044,15.886900648527128,0.529,20.316800230006166,19.955395112345702,Upper-Middle,2.0334273705489405,0.8562641811686308,0.669449081803005
0.015,44.3,9.051344640485725,7.0,9.57073837671504,23.41754174535189,0.059,5.765191102784844,295.75,0.015,0.3,0.176,76.0,71.0,1.0,1,0.278,0.643,0.079,14.811649270861654,0.541,21.45081444470678,18.92145603792546,Lower-Middle,1.3816349629757614,0.8562641811686308,0.5552099533437015
0.019,45.14999999999999,9.051344640485725,6.0,12.1648599496961,27.801995949894636,0.061,6.428105272684596,295.75,0.013,0.4,0.047,80.0,75.0,0.8,1,0.29,0.647,0.063,18.610039796050334,0.784,23.31253250213373,23.09677526837031,High,1.6959217529435728,0.6875382400626805,0.5455950540958269
0.023,45.14999999999999,9.051344640485725,39.0,9.57073837671504,23.08835365590879,0.082,4.976733742420574,207.0,0.021,0.1,0.12,78.0,71.0,1.0,1,0.334,0.62,0.046,15.60589141067045,0.578,19.860515874369955,19.734404414925592,Lower-Middle,1.8932449997845209,0.8562641811686308,0.6129032258064516
0.02,40.5,9.051344640485725,7.0,9.57073837671504,24.359698700329528,0.076,6.584791392385716,295.75,0.016,0.4,0.069,80.0,75.0,1.6,1,0.286,0.643,0.071,15.151111970768634,0.657,22.054047488400315,20.220739017648008,Upper-Middle,1.8513371012250441,0.8562641811686308,0.5552099533437014
0.024,37.55,9.051344640485725,35.0,9.57073837671504,23.926460973678157,0.103,5.973809611869261,295.75,0.019,0.3,0.172,74.0,70.0,1.0,1,0.328,0.619,0.054,15.715730034459465,0.589,19.39524038772408,19.647393038180343,Upper-Middle,2.46442548028885,0.8562641811686308,0.617124394184168
0.02,37.55,9.051344640485725,25.0,9.57073837671504,25.984068539529293,0.051,5.823045895483019,293.0,0.014,0.4,0.192,77.0,72.0,1.0,1,0.292,0.646,0.063,17.216301223595345,0.776,21.91354531444448,21.391095210034887,High,1.325187495515994,0.8562641811686308,0.5495356037151702
0.011,45.14999999999999,9.051344640485725,6.0,9.57073837671504,25.33918542059725,0.061,5.267858159063328,218.0,0.02,0.7,0.12,82.0,75.0,0.8,1,0.198,0.667,0.135,15.110661197525598,0.937,21.88422675099224,20.86823160806165,High,1.5456903106564321,0.8562641811686308,0.4992503748125937
0.02,41.0,9.051344640485725,26.0,9.57073837671504,23.436618790804065,0.061,5.267858159063328,239.0,0.02,0.1,0.12,75.0,69.0,0.5,1,0.2995,0.6425000000000001,0.052,10.573596376469498,1.0,20.565441752923803,18.603002309079653,Lower-Middle,1.429633746239048,0.8562641811686308,0.5470817120622568
0.02,45.14999999999999,9.051344640485725,19.0,9.57073837671504,20.41108866483063,0.059,6.716594773520978,203.0,0.008,0.8,0.087,75.0,69.0,1.4,1,0.2995,0.6425000000000001,0.052,10.889024457147098,0.318,18.358805350872576,16.454567959008102,Low,1.204254231225007,0.8562641811686308,0.5470817120622568
0.016,37.55,9.051344640485725,15.0,9.57073837671504,20.999493671110432,0.085,6.322565239927284,189.75,0.013,0.3,0.095,77.0,72.0,1.2,1,0.243,0.67,0.087,12.10553934896914,0.185,19.629641092774417,17.707330876483063,Low,1.7849569620443868,0.8562641811686308,0.49253731343283574
0.016,41.0,9.051344640485725,26.0,9.57073837671504,23.436618790804065,0.061,5.267858159063328,239.0,0.02,0.1,0.12,82.0,76.0,0.5,1,0.2995,0.6425000000000001,0.052,10.340451327703663,0.56,20.350025877585416,19.93800336967164,Lower-Middle,1.429633746239048,0.8562641811686308,0.5470817120622568
0.017,38.7,9.051344640485725,10.0,9.57073837671504,20.3586227241585,0.052,5.831882477283517,189.75,0.018,0.5,0.094,75.0,70.0,1.2,1,0.257,0.675,0.068,11.602528480760977,0.495,18.34811006187022,16.454567959008102,Low,1.058648381656242,0.8562641811686308,0.48148148148148145
0.018,37.55,9.051344640485725,55.625,9.57073837671504,22.335125058244856,0.059,6.257667587882639,199.0,0.021,0.3,0.117,74.0,68.0,1.1,1,0.278,0.656,0.066,13.189165584470523,0.662,18.184958423089522,17.87595358575207,Lower-Middle,1.3177723784364463,0.8562641811686308,0.524390243902439
0.015,37.55,9.051344640485725,41.0,9.57073837671504,23.877553753686858,0.054,6.880384082186005,210.0,0.02,0.6,0.077,74.0,66.0,1.4,1,0.207,0.705,0.088,14.106267896932984,0.088,20.350025877585416,19.93800336967164,Upper-Middle,1.2893879026990902,0.8562641811686308,0.41843971631205673
0.02,41.0,9.051344640485725,26.0,9.57073837671504,23.436618790804065,0.061,5.267858159063328,239.0,0.02,0.1,0.12,75.0,69.0,0.5,1,0.2995,0.6425000000000001,0.052,10.386777526107597,0.911,20.350025877585416,19.93800336967164,Lower-Middle,1.429633746239048,0.8562641811686308,0.5470817120622568
0.013,45.14999999999999,9.051344640485725,5.0,14.572780704580737,30.418781661785612,0.118,9.093357016490364,189.75,0.006,0.8,0.033,81.0,76.0,1.0,1,0.196,0.667,0.136,19.56450118905333,0.811,26.02204309773188,25.564085053776896,High,3.589416236090702,0.5812285430708769,0.49775112443778113
0.015,41.9,9.051344640485725,7.0,9.57073837671504,24.63537593194215,0.089,7.1770187659099,295.75,0.01,0.5,0.112,80.0,74.0,1.5,1,0.22,0.639,0.14,15.037889132082107,0.948,21.521673528613896,20.75088100495215,Upper-Middle,2.192548457942851,0.8562641811686308,0.5633802816901408
0.02,45.14999999999999,9.051344640485725,55.625,9.57073837671504,26.666816173757823,0.046,6.386879319362645,295.75,0.013,0.5,0.164,78.0,72.0,1.0,1,0.288,0.652,0.06,17.21519956927429,0.889,20.622339919462647,21.887041451833237,High,1.2266735439928598,0.8562641811686308,0.5337423312883435
0.011,41.0,9.051344640485725,26.0,9.57073837671504,23.436618790804065,0.061,5.267858159063328,239.0,0.02,0.4,0.12,83.0,76.0,0.5,1,0.206,0.641,0.152,11.564340751916385,0.949,20.350025877585416,19.93800336967164,Lower-Middle,1.429633746239048,0.8562641811686308,0.5585023400936037
